{
	"credit": "Made with Blockbench",
	"texture_size": [32, 32],
	"textures": {
		"0": "item/bloodthirst",
		"particle": "item/bloodthirst"
	},
	"elements": [
		{
			"from": [7.975, 0.25, 8.025],
			"to": [8.775, 5.5, 8.475],
			"faces": {
				"north": {"uv": [1, 0, 1.375, 2.625], "texture": "#0"},
				"east": {"uv": [3, 0, 3.25, 2.625], "texture": "#0"},
				"south": {"uv": [1.5, 0, 1.875, 2.625], "texture": "#0"},
				"west": {"uv": [1, 3, 1.25, 5.625], "texture": "#0"},
				"up": {"uv": [6.875, 1.25, 6.5, 1], "texture": "#0"},
				"down": {"uv": [6.875, 1.5, 6.5, 1.75], "texture": "#0"}
			}
		},
		{
			"from": [8.6, 5.1, 8],
			"to": [8.8, 5.5, 8.5],
			"faces": {
				"north": {"uv": [2, 10, 2.125, 10.1875], "texture": "#0"},
				"east": {"uv": [7, 0, 7.25, 0.1875], "texture": "#0"},
				"south": {"uv": [10, 2, 10.125, 2.1875], "texture": "#0"},
				"west": {"uv": [7, 0.5, 7.25, 0.6875], "texture": "#0"},
				"up": {"uv": [8.125, 1.75, 8, 1.5], "texture": "#0"},
				"down": {"uv": [2.125, 8, 2, 8.25], "texture": "#0"}
			}
		},
		{
			"from": [8.45, 5.15, 8],
			"to": [8.6, 5.5, 8.5],
			"faces": {
				"north": {"uv": [8.5, 13, 8.5625, 13.1875], "texture": "#0"},
				"east": {"uv": [4, 7, 4.25, 7.1875], "texture": "#0"},
				"south": {"uv": [13, 8.5, 13.0625, 8.6875], "texture": "#0"},
				"west": {"uv": [7, 6, 7.25, 6.1875], "texture": "#0"},
				"up": {"uv": [8.5625, 10.25, 8.5, 10], "texture": "#0"},
				"down": {"uv": [10.0625, 8.5, 10, 8.75], "texture": "#0"}
			}
		},
		{
			"from": [7.95, 5.1, 8],
			"to": [8.15, 5.5, 8.5],
			"faces": {
				"north": {"uv": [4.5, 10, 4.625, 10.1875], "texture": "#0"},
				"east": {"uv": [7, 7, 7.25, 7.1875], "texture": "#0"},
				"south": {"uv": [10, 4.5, 10.125, 4.6875], "texture": "#0"},
				"west": {"uv": [7.5, 0, 7.75, 0.1875], "texture": "#0"},
				"up": {"uv": [8.125, 3.25, 8, 3], "texture": "#0"},
				"down": {"uv": [3.625, 8, 3.5, 8.25], "texture": "#0"}
			}
		},
		{
			"from": [8.15, 5.15, 8],
			"to": [8.3, 5.5, 8.5],
			"faces": {
				"north": {"uv": [9, 13, 9.0625, 13.1875], "texture": "#0"},
				"east": {"uv": [6.5, 7, 6.75, 7.1875], "texture": "#0"},
				"south": {"uv": [13, 9, 13.0625, 9.1875], "texture": "#0"},
				"west": {"uv": [7, 6.5, 7.25, 6.6875], "texture": "#0"},
				"up": {"uv": [9.0625, 10.25, 9, 10], "texture": "#0"},
				"down": {"uv": [10.0625, 9, 10, 9.25], "texture": "#0"}
			}
		},
		{
			"from": [8.3, 5.175, 8],
			"to": [8.45, 5.5, 8.5],
			"faces": {
				"north": {"uv": [9.5, 13, 9.5625, 13.1875], "texture": "#0"},
				"east": {"uv": [7.5, 0.5, 7.75, 0.6875], "texture": "#0"},
				"south": {"uv": [13, 9.5, 13.0625, 9.6875], "texture": "#0"},
				"west": {"uv": [1, 7.5, 1.25, 7.6875], "texture": "#0"},
				"up": {"uv": [9.5625, 10.25, 9.5, 10], "texture": "#0"},
				"down": {"uv": [10.0625, 9.5, 10, 9.75], "texture": "#0"}
			}
		},
		{
			"from": [7.95, 0.25, 8],
			"to": [8.15, 0.675, 8.5],
			"faces": {
				"north": {"uv": [5.5, 10, 5.625, 10.1875], "texture": "#0"},
				"east": {"uv": [3.5, 7.5, 3.75, 7.6875], "texture": "#0"},
				"south": {"uv": [10, 5.5, 10.125, 5.6875], "texture": "#0"},
				"west": {"uv": [7.5, 3.5, 7.75, 3.6875], "texture": "#0"},
				"up": {"uv": [8.125, 6.25, 8, 6], "texture": "#0"},
				"down": {"uv": [6.625, 8, 6.5, 8.25], "texture": "#0"}
			}
		},
		{
			"from": [8.15, 0.25, 8],
			"to": [8.3, 0.625, 8.5],
			"faces": {
				"north": {"uv": [11, 13, 11.0625, 13.1875], "texture": "#0"},
				"east": {"uv": [3, 7.5, 3.25, 7.6875], "texture": "#0"},
				"south": {"uv": [13, 11, 13.0625, 11.1875], "texture": "#0"},
				"west": {"uv": [7.5, 3, 7.75, 3.1875], "texture": "#0"},
				"up": {"uv": [10.5625, 4.75, 10.5, 4.5], "texture": "#0"},
				"down": {"uv": [5.0625, 10.5, 5, 10.75], "texture": "#0"}
			}
		},
		{
			"from": [8.3, 0.25, 8],
			"to": [8.45, 0.6, 8.5],
			"faces": {
				"north": {"uv": [10.5, 13, 10.5625, 13.1875], "texture": "#0"},
				"east": {"uv": [2.5, 7.5, 2.75, 7.6875], "texture": "#0"},
				"south": {"uv": [13, 10.5, 13.0625, 10.6875], "texture": "#0"},
				"west": {"uv": [7.5, 2.5, 7.75, 2.6875], "texture": "#0"},
				"up": {"uv": [10.5625, 4.25, 10.5, 4], "texture": "#0"},
				"down": {"uv": [4.5625, 10.5, 4.5, 10.75], "texture": "#0"}
			}
		},
		{
			"from": [8.45, 0.25, 8],
			"to": [8.6, 0.625, 8.5],
			"faces": {
				"north": {"uv": [10, 13, 10.0625, 13.1875], "texture": "#0"},
				"east": {"uv": [7.5, 1.5, 7.75, 1.6875], "texture": "#0"},
				"south": {"uv": [13, 10, 13.0625, 10.1875], "texture": "#0"},
				"west": {"uv": [7.5, 2, 7.75, 2.1875], "texture": "#0"},
				"up": {"uv": [10.5625, 3.75, 10.5, 3.5], "texture": "#0"},
				"down": {"uv": [4.0625, 10.5, 4, 10.75], "texture": "#0"}
			}
		},
		{
			"from": [8.6, 0.25, 8],
			"to": [8.8, 0.675, 8.5],
			"faces": {
				"north": {"uv": [5, 10, 5.125, 10.1875], "texture": "#0"},
				"east": {"uv": [7.5, 1, 7.75, 1.1875], "texture": "#0"},
				"south": {"uv": [10, 5, 10.125, 5.1875], "texture": "#0"},
				"west": {"uv": [1.5, 7.5, 1.75, 7.6875], "texture": "#0"},
				"up": {"uv": [8.125, 5.75, 8, 5.5], "texture": "#0"},
				"down": {"uv": [6.125, 8, 6, 8.25], "texture": "#0"}
			}
		},
		{
			"from": [8.6, 4.825, 8],
			"to": [8.8, 5.075, 8.5],
			"faces": {
				"north": {"uv": [10.5, 3, 10.625, 3.125], "texture": "#0"},
				"east": {"uv": [8, 4.5, 8.25, 4.625], "texture": "#0"},
				"south": {"uv": [3.5, 10.5, 3.625, 10.625], "texture": "#0"},
				"west": {"uv": [5, 8, 5.25, 8.125], "texture": "#0"},
				"up": {"uv": [8.125, 5.25, 8, 5], "texture": "#0"},
				"down": {"uv": [5.625, 8, 5.5, 8.25], "texture": "#0"}
			}
		},
		{
			"from": [8.45, 4.875, 8],
			"to": [8.6, 5.025, 8.5],
			"faces": {
				"north": {"uv": [13.5, 5, 13.5625, 5.0625], "texture": "#0"},
				"east": {"uv": [10.5, 2, 10.75, 2.0625], "texture": "#0"},
				"south": {"uv": [5.5, 13.5, 5.5625, 13.5625], "texture": "#0"},
				"west": {"uv": [2.5, 10.5, 2.75, 10.5625], "texture": "#0"},
				"up": {"uv": [10.5625, 2.75, 10.5, 2.5], "texture": "#0"},
				"down": {"uv": [3.0625, 10.5, 3, 10.75], "texture": "#0"}
			}
		},
		{
			"from": [8.3, 4.9, 8],
			"to": [8.45, 5, 8.5],
			"faces": {
				"north": {"uv": [13.5, 4.5, 13.5625, 4.5625], "texture": "#0"},
				"east": {"uv": [10.5, 1, 10.75, 1.0625], "texture": "#0"},
				"south": {"uv": [5, 13.5, 5.0625, 13.5625], "texture": "#0"},
				"west": {"uv": [1.5, 10.5, 1.75, 10.5625], "texture": "#0"},
				"up": {"uv": [10.5625, 1.75, 10.5, 1.5], "texture": "#0"},
				"down": {"uv": [2.0625, 10.5, 2, 10.75], "texture": "#0"}
			}
		},
		{
			"from": [8.15, 4.875, 8],
			"to": [8.3, 5.025, 8.5],
			"faces": {
				"north": {"uv": [13.5, 4, 13.5625, 4.0625], "texture": "#0"},
				"east": {"uv": [10.5, 0, 10.75, 0.0625], "texture": "#0"},
				"south": {"uv": [4.5, 13.5, 4.5625, 13.5625], "texture": "#0"},
				"west": {"uv": [0.5, 10.5, 0.75, 10.5625], "texture": "#0"},
				"up": {"uv": [10.5625, 0.75, 10.5, 0.5], "texture": "#0"},
				"down": {"uv": [1.0625, 10.5, 1, 10.75], "texture": "#0"}
			}
		},
		{
			"from": [7.95, 4.825, 8],
			"to": [8.15, 5.075, 8.5],
			"faces": {
				"north": {"uv": [10, 10, 10.125, 10.125], "texture": "#0"},
				"east": {"uv": [8, 3.5, 8.25, 3.625], "texture": "#0"},
				"south": {"uv": [0, 10.5, 0.125, 10.625], "texture": "#0"},
				"west": {"uv": [4, 8, 4.25, 8.125], "texture": "#0"},
				"up": {"uv": [8.125, 4.25, 8, 4], "texture": "#0"},
				"down": {"uv": [4.625, 8, 4.5, 8.25], "texture": "#0"}
			}
		},
		{
			"from": [7.95, 4.55, 8],
			"to": [8.15, 4.8, 8.5],
			"faces": {
				"north": {"uv": [10.5, 8.5, 10.625, 8.625], "texture": "#0"},
				"east": {"uv": [8, 7.5, 8.25, 7.625], "texture": "#0"},
				"south": {"uv": [9, 10.5, 9.125, 10.625], "texture": "#0"},
				"west": {"uv": [8, 8, 8.25, 8.125], "texture": "#0"},
				"up": {"uv": [0.125, 8.75, 0, 8.5], "texture": "#0"},
				"down": {"uv": [8.625, 0, 8.5, 0.25], "texture": "#0"}
			}
		},
		{
			"from": [8.15, 4.6, 8],
			"to": [8.3, 4.75, 8.5],
			"faces": {
				"north": {"uv": [13.5, 6.5, 13.5625, 6.5625], "texture": "#0"},
				"east": {"uv": [10.5, 7.5, 10.75, 7.5625], "texture": "#0"},
				"south": {"uv": [7, 13.5, 7.0625, 13.5625], "texture": "#0"},
				"west": {"uv": [8, 10.5, 8.25, 10.5625], "texture": "#0"},
				"up": {"uv": [10.5625, 8.25, 10.5, 8], "texture": "#0"},
				"down": {"uv": [8.5625, 10.5, 8.5, 10.75], "texture": "#0"}
			}
		},
		{
			"from": [8.3, 4.625, 8],
			"to": [8.45, 4.725, 8.5],
			"faces": {
				"north": {"uv": [13.5, 6, 13.5625, 6.0625], "texture": "#0"},
				"east": {"uv": [10.5, 6.5, 10.75, 6.5625], "texture": "#0"},
				"south": {"uv": [6.5, 13.5, 6.5625, 13.5625], "texture": "#0"},
				"west": {"uv": [7, 10.5, 7.25, 10.5625], "texture": "#0"},
				"up": {"uv": [10.5625, 7.25, 10.5, 7], "texture": "#0"},
				"down": {"uv": [7.5625, 10.5, 7.5, 10.75], "texture": "#0"}
			}
		},
		{
			"from": [8.45, 4.6, 8],
			"to": [8.6, 4.75, 8.5],
			"faces": {
				"north": {"uv": [13.5, 5.5, 13.5625, 5.5625], "texture": "#0"},
				"east": {"uv": [10.5, 5.5, 10.75, 5.5625], "texture": "#0"},
				"south": {"uv": [6, 13.5, 6.0625, 13.5625], "texture": "#0"},
				"west": {"uv": [6, 10.5, 6.25, 10.5625], "texture": "#0"},
				"up": {"uv": [10.5625, 6.25, 10.5, 6], "texture": "#0"},
				"down": {"uv": [6.5625, 10.5, 6.5, 10.75], "texture": "#0"}
			}
		},
		{
			"from": [8.6, 4.55, 8],
			"to": [8.8, 4.8, 8.5],
			"faces": {
				"north": {"uv": [10.5, 5, 10.625, 5.125], "texture": "#0"},
				"east": {"uv": [8, 6.5, 8.25, 6.625], "texture": "#0"},
				"south": {"uv": [5.5, 10.5, 5.625, 10.625], "texture": "#0"},
				"west": {"uv": [7, 8, 7.25, 8.125], "texture": "#0"},
				"up": {"uv": [8.125, 7.25, 8, 7], "texture": "#0"},
				"down": {"uv": [7.625, 8, 7.5, 8.25], "texture": "#0"}
			}
		},
		{
			"from": [7.95, 4, 8],
			"to": [8.15, 4.25, 8.5],
			"faces": {
				"north": {"uv": [6, 11, 6.125, 11.125], "texture": "#0"},
				"east": {"uv": [8.5, 3.5, 8.75, 3.625], "texture": "#0"},
				"south": {"uv": [11, 6, 11.125, 6.125], "texture": "#0"},
				"west": {"uv": [4, 8.5, 4.25, 8.625], "texture": "#0"},
				"up": {"uv": [8.625, 4.25, 8.5, 4], "texture": "#0"},
				"down": {"uv": [4.625, 8.5, 4.5, 8.75], "texture": "#0"}
			}
		},
		{
			"from": [8.15, 4.05, 8],
			"to": [8.3, 4.2, 8.5],
			"faces": {
				"north": {"uv": [13.5, 9.5, 13.5625, 9.5625], "texture": "#0"},
				"east": {"uv": [5, 11, 5.25, 11.0625], "texture": "#0"},
				"south": {"uv": [10, 13.5, 10.0625, 13.5625], "texture": "#0"},
				"west": {"uv": [11, 5, 11.25, 5.0625], "texture": "#0"},
				"up": {"uv": [5.5625, 11.25, 5.5, 11], "texture": "#0"},
				"down": {"uv": [11.0625, 5.5, 11, 5.75], "texture": "#0"}
			}
		},
		{
			"from": [8.3, 4.075, 8],
			"to": [8.45, 4.175, 8.5],
			"faces": {
				"north": {"uv": [13.5, 9, 13.5625, 9.0625], "texture": "#0"},
				"east": {"uv": [4, 11, 4.25, 11.0625], "texture": "#0"},
				"south": {"uv": [9.5, 13.5, 9.5625, 13.5625], "texture": "#0"},
				"west": {"uv": [11, 4, 11.25, 4.0625], "texture": "#0"},
				"up": {"uv": [4.5625, 11.25, 4.5, 11], "texture": "#0"},
				"down": {"uv": [11.0625, 4.5, 11, 4.75], "texture": "#0"}
			}
		},
		{
			"from": [8.45, 4.05, 8],
			"to": [8.6, 4.2, 8.5],
			"faces": {
				"north": {"uv": [13.5, 8.5, 13.5625, 8.5625], "texture": "#0"},
				"east": {"uv": [3, 11, 3.25, 11.0625], "texture": "#0"},
				"south": {"uv": [9, 13.5, 9.0625, 13.5625], "texture": "#0"},
				"west": {"uv": [11, 3, 11.25, 3.0625], "texture": "#0"},
				"up": {"uv": [3.5625, 11.25, 3.5, 11], "texture": "#0"},
				"down": {"uv": [11.0625, 3.5, 11, 3.75], "texture": "#0"}
			}
		},
		{
			"from": [8.6, 4, 8],
			"to": [8.8, 4.25, 8.5],
			"faces": {
				"north": {"uv": [2.5, 11, 2.625, 11.125], "texture": "#0"},
				"east": {"uv": [8.5, 2.5, 8.75, 2.625], "texture": "#0"},
				"south": {"uv": [11, 2.5, 11.125, 2.625], "texture": "#0"},
				"west": {"uv": [3, 8.5, 3.25, 8.625], "texture": "#0"},
				"up": {"uv": [8.625, 3.25, 8.5, 3], "texture": "#0"},
				"down": {"uv": [3.625, 8.5, 3.5, 8.75], "texture": "#0"}
			}
		},
		{
			"from": [7.95, 4.275, 8],
			"to": [8.15, 4.525, 8.5],
			"faces": {
				"north": {"uv": [2, 11, 2.125, 11.125], "texture": "#0"},
				"east": {"uv": [8.5, 1.5, 8.75, 1.625], "texture": "#0"},
				"south": {"uv": [11, 2, 11.125, 2.125], "texture": "#0"},
				"west": {"uv": [2, 8.5, 2.25, 8.625], "texture": "#0"},
				"up": {"uv": [8.625, 2.25, 8.5, 2], "texture": "#0"},
				"down": {"uv": [2.625, 8.5, 2.5, 8.75], "texture": "#0"}
			}
		},
		{
			"from": [8.15, 4.325, 8],
			"to": [8.3, 4.475, 8.5],
			"faces": {
				"north": {"uv": [13.5, 8, 13.5625, 8.0625], "texture": "#0"},
				"east": {"uv": [1, 11, 1.25, 11.0625], "texture": "#0"},
				"south": {"uv": [8.5, 13.5, 8.5625, 13.5625], "texture": "#0"},
				"west": {"uv": [11, 1, 11.25, 1.0625], "texture": "#0"},
				"up": {"uv": [1.5625, 11.25, 1.5, 11], "texture": "#0"},
				"down": {"uv": [11.0625, 1.5, 11, 1.75], "texture": "#0"}
			}
		},
		{
			"from": [8.3, 4.35, 8],
			"to": [8.45, 4.45, 8.5],
			"faces": {
				"north": {"uv": [13.5, 7.5, 13.5625, 7.5625], "texture": "#0"},
				"east": {"uv": [0, 11, 0.25, 11.0625], "texture": "#0"},
				"south": {"uv": [8, 13.5, 8.0625, 13.5625], "texture": "#0"},
				"west": {"uv": [11, 0, 11.25, 0.0625], "texture": "#0"},
				"up": {"uv": [0.5625, 11.25, 0.5, 11], "texture": "#0"},
				"down": {"uv": [11.0625, 0.5, 11, 0.75], "texture": "#0"}
			}
		},
		{
			"from": [8.45, 4.325, 8],
			"to": [8.6, 4.475, 8.5],
			"faces": {
				"north": {"uv": [13.5, 7, 13.5625, 7.0625], "texture": "#0"},
				"east": {"uv": [10.5, 9.5, 10.75, 9.5625], "texture": "#0"},
				"south": {"uv": [7.5, 13.5, 7.5625, 13.5625], "texture": "#0"},
				"west": {"uv": [10, 10.5, 10.25, 10.5625], "texture": "#0"},
				"up": {"uv": [10.5625, 10.25, 10.5, 10], "texture": "#0"},
				"down": {"uv": [10.5625, 10.5, 10.5, 10.75], "texture": "#0"}
			}
		},
		{
			"from": [8.6, 4.275, 8],
			"to": [8.8, 4.525, 8.5],
			"faces": {
				"north": {"uv": [10.5, 9, 10.625, 9.125], "texture": "#0"},
				"east": {"uv": [8.5, 0.5, 8.75, 0.625], "texture": "#0"},
				"south": {"uv": [9.5, 10.5, 9.625, 10.625], "texture": "#0"},
				"west": {"uv": [1, 8.5, 1.25, 8.625], "texture": "#0"},
				"up": {"uv": [8.625, 1.25, 8.5, 1], "texture": "#0"},
				"down": {"uv": [1.625, 8.5, 1.5, 8.75], "texture": "#0"}
			}
		},
		{
			"from": [7.95, 2.9, 8],
			"to": [8.15, 3.15, 8.5],
			"faces": {
				"north": {"uv": [11.5, 10.5, 11.625, 10.625], "texture": "#0"},
				"east": {"uv": [3, 9, 3.25, 9.125], "texture": "#0"},
				"south": {"uv": [11, 11.5, 11.125, 11.625], "texture": "#0"},
				"west": {"uv": [9, 3, 9.25, 3.125], "texture": "#0"},
				"up": {"uv": [3.625, 9.25, 3.5, 9], "texture": "#0"},
				"down": {"uv": [9.125, 3.5, 9, 3.75], "texture": "#0"}
			}
		},
		{
			"from": [8.15, 2.95, 8],
			"to": [8.3, 3.1, 8.5],
			"faces": {
				"north": {"uv": [2, 14, 2.0625, 14.0625], "texture": "#0"},
				"east": {"uv": [11.5, 9.5, 11.75, 9.5625], "texture": "#0"},
				"south": {"uv": [14, 2, 14.0625, 2.0625], "texture": "#0"},
				"west": {"uv": [10, 11.5, 10.25, 11.5625], "texture": "#0"},
				"up": {"uv": [11.5625, 10.25, 11.5, 10], "texture": "#0"},
				"down": {"uv": [10.5625, 11.5, 10.5, 11.75], "texture": "#0"}
			}
		},
		{
			"from": [8.3, 2.975, 8],
			"to": [8.45, 3.075, 8.5],
			"faces": {
				"north": {"uv": [1.5, 14, 1.5625, 14.0625], "texture": "#0"},
				"east": {"uv": [11.5, 8.5, 11.75, 8.5625], "texture": "#0"},
				"south": {"uv": [14, 1.5, 14.0625, 1.5625], "texture": "#0"},
				"west": {"uv": [9, 11.5, 9.25, 11.5625], "texture": "#0"},
				"up": {"uv": [11.5625, 9.25, 11.5, 9], "texture": "#0"},
				"down": {"uv": [9.5625, 11.5, 9.5, 11.75], "texture": "#0"}
			}
		},
		{
			"from": [8.45, 2.95, 8],
			"to": [8.6, 3.1, 8.5],
			"faces": {
				"north": {"uv": [1, 14, 1.0625, 14.0625], "texture": "#0"},
				"east": {"uv": [11.5, 7.5, 11.75, 7.5625], "texture": "#0"},
				"south": {"uv": [14, 1, 14.0625, 1.0625], "texture": "#0"},
				"west": {"uv": [8, 11.5, 8.25, 11.5625], "texture": "#0"},
				"up": {"uv": [11.5625, 8.25, 11.5, 8], "texture": "#0"},
				"down": {"uv": [8.5625, 11.5, 8.5, 11.75], "texture": "#0"}
			}
		},
		{
			"from": [8.6, 2.9, 8],
			"to": [8.8, 3.15, 8.5],
			"faces": {
				"north": {"uv": [11.5, 7, 11.625, 7.125], "texture": "#0"},
				"east": {"uv": [2, 9, 2.25, 9.125], "texture": "#0"},
				"south": {"uv": [7.5, 11.5, 7.625, 11.625], "texture": "#0"},
				"west": {"uv": [9, 2, 9.25, 2.125], "texture": "#0"},
				"up": {"uv": [2.625, 9.25, 2.5, 9], "texture": "#0"},
				"down": {"uv": [9.125, 2.5, 9, 2.75], "texture": "#0"}
			}
		},
		{
			"from": [7.95, 3.175, 8],
			"to": [8.15, 3.425, 8.5],
			"faces": {
				"north": {"uv": [11.5, 6.5, 11.625, 6.625], "texture": "#0"},
				"east": {"uv": [1, 9, 1.25, 9.125], "texture": "#0"},
				"south": {"uv": [7, 11.5, 7.125, 11.625], "texture": "#0"},
				"west": {"uv": [9, 1, 9.25, 1.125], "texture": "#0"},
				"up": {"uv": [1.625, 9.25, 1.5, 9], "texture": "#0"},
				"down": {"uv": [9.125, 1.5, 9, 1.75], "texture": "#0"}
			}
		},
		{
			"from": [8.15, 3.225, 8],
			"to": [8.3, 3.375, 8.5],
			"faces": {
				"north": {"uv": [0.5, 14, 0.5625, 14.0625], "texture": "#0"},
				"east": {"uv": [11.5, 5.5, 11.75, 5.5625], "texture": "#0"},
				"south": {"uv": [14, 0.5, 14.0625, 0.5625], "texture": "#0"},
				"west": {"uv": [6, 11.5, 6.25, 11.5625], "texture": "#0"},
				"up": {"uv": [11.5625, 6.25, 11.5, 6], "texture": "#0"},
				"down": {"uv": [6.5625, 11.5, 6.5, 11.75], "texture": "#0"}
			}
		},
		{
			"from": [8.3, 3.25, 8],
			"to": [8.45, 3.35, 8.5],
			"faces": {
				"north": {"uv": [0, 14, 0.0625, 14.0625], "texture": "#0"},
				"east": {"uv": [11.5, 4.5, 11.75, 4.5625], "texture": "#0"},
				"south": {"uv": [14, 0, 14.0625, 0.0625], "texture": "#0"},
				"west": {"uv": [5, 11.5, 5.25, 11.5625], "texture": "#0"},
				"up": {"uv": [11.5625, 5.25, 11.5, 5], "texture": "#0"},
				"down": {"uv": [5.5625, 11.5, 5.5, 11.75], "texture": "#0"}
			}
		},
		{
			"from": [8.45, 3.225, 8],
			"to": [8.6, 3.375, 8.5],
			"faces": {
				"north": {"uv": [13.5, 13, 13.5625, 13.0625], "texture": "#0"},
				"east": {"uv": [11.5, 3.5, 11.75, 3.5625], "texture": "#0"},
				"south": {"uv": [13.5, 13.5, 13.5625, 13.5625], "texture": "#0"},
				"west": {"uv": [4, 11.5, 4.25, 11.5625], "texture": "#0"},
				"up": {"uv": [11.5625, 4.25, 11.5, 4], "texture": "#0"},
				"down": {"uv": [4.5625, 11.5, 4.5, 11.75], "texture": "#0"}
			}
		},
		{
			"from": [8.6, 3.175, 8],
			"to": [8.8, 3.425, 8.5],
			"faces": {
				"north": {"uv": [11.5, 3, 11.625, 3.125], "texture": "#0"},
				"east": {"uv": [0, 9, 0.25, 9.125], "texture": "#0"},
				"south": {"uv": [3.5, 11.5, 3.625, 11.625], "texture": "#0"},
				"west": {"uv": [9, 0, 9.25, 0.125], "texture": "#0"},
				"up": {"uv": [0.625, 9.25, 0.5, 9], "texture": "#0"},
				"down": {"uv": [9.125, 0.5, 9, 0.75], "texture": "#0"}
			}
		},
		{
			"from": [7.95, 3.45, 8],
			"to": [8.15, 3.7, 8.5],
			"faces": {
				"north": {"uv": [11.5, 2.5, 11.625, 2.625], "texture": "#0"},
				"east": {"uv": [8.5, 7.5, 8.75, 7.625], "texture": "#0"},
				"south": {"uv": [3, 11.5, 3.125, 11.625], "texture": "#0"},
				"west": {"uv": [8, 8.5, 8.25, 8.625], "texture": "#0"},
				"up": {"uv": [8.625, 8.25, 8.5, 8], "texture": "#0"},
				"down": {"uv": [8.625, 8.5, 8.5, 8.75], "texture": "#0"}
			}
		},
		{
			"from": [7.95, 3.725, 8],
			"to": [8.15, 3.975, 8.5],
			"faces": {
				"north": {"uv": [11.5, 2, 11.625, 2.125], "texture": "#0"},
				"east": {"uv": [8.5, 6.5, 8.75, 6.625], "texture": "#0"},
				"south": {"uv": [2.5, 11.5, 2.625, 11.625], "texture": "#0"},
				"west": {"uv": [7, 8.5, 7.25, 8.625], "texture": "#0"},
				"up": {"uv": [8.625, 7.25, 8.5, 7], "texture": "#0"},
				"down": {"uv": [7.625, 8.5, 7.5, 8.75], "texture": "#0"}
			}
		},
		{
			"from": [8.15, 3.775, 8],
			"to": [8.3, 3.925, 8.5],
			"faces": {
				"north": {"uv": [13.5, 12.5, 13.5625, 12.5625], "texture": "#0"},
				"east": {"uv": [11.5, 1, 11.75, 1.0625], "texture": "#0"},
				"south": {"uv": [13, 13.5, 13.0625, 13.5625], "texture": "#0"},
				"west": {"uv": [1.5, 11.5, 1.75, 11.5625], "texture": "#0"},
				"up": {"uv": [11.5625, 1.75, 11.5, 1.5], "texture": "#0"},
				"down": {"uv": [2.0625, 11.5, 2, 11.75], "texture": "#0"}
			}
		},
		{
			"from": [8.15, 3.5, 8],
			"to": [8.3, 3.65, 8.5],
			"faces": {
				"north": {"uv": [13.5, 12, 13.5625, 12.0625], "texture": "#0"},
				"east": {"uv": [11.5, 0, 11.75, 0.0625], "texture": "#0"},
				"south": {"uv": [12.5, 13.5, 12.5625, 13.5625], "texture": "#0"},
				"west": {"uv": [0.5, 11.5, 0.75, 11.5625], "texture": "#0"},
				"up": {"uv": [11.5625, 0.75, 11.5, 0.5], "texture": "#0"},
				"down": {"uv": [1.0625, 11.5, 1, 11.75], "texture": "#0"}
			}
		},
		{
			"from": [8.3, 3.525, 8],
			"to": [8.45, 3.625, 8.5],
			"faces": {
				"north": {"uv": [13.5, 11.5, 13.5625, 11.5625], "texture": "#0"},
				"east": {"uv": [10.5, 11, 10.75, 11.0625], "texture": "#0"},
				"south": {"uv": [12, 13.5, 12.0625, 13.5625], "texture": "#0"},
				"west": {"uv": [11, 10.5, 11.25, 10.5625], "texture": "#0"},
				"up": {"uv": [11.0625, 11.25, 11, 11], "texture": "#0"},
				"down": {"uv": [0.0625, 11.5, 0, 11.75], "texture": "#0"}
			}
		},
		{
			"from": [8.45, 3.5, 8],
			"to": [8.6, 3.65, 8.5],
			"faces": {
				"north": {"uv": [13.5, 11, 13.5625, 11.0625], "texture": "#0"},
				"east": {"uv": [9.5, 11, 9.75, 11.0625], "texture": "#0"},
				"south": {"uv": [11.5, 13.5, 11.5625, 13.5625], "texture": "#0"},
				"west": {"uv": [11, 9.5, 11.25, 9.5625], "texture": "#0"},
				"up": {"uv": [10.0625, 11.25, 10, 11], "texture": "#0"},
				"down": {"uv": [11.0625, 10, 11, 10.25], "texture": "#0"}
			}
		},
		{
			"from": [8.6, 3.45, 8],
			"to": [8.8, 3.7, 8.5],
			"faces": {
				"north": {"uv": [9, 11, 9.125, 11.125], "texture": "#0"},
				"east": {"uv": [8.5, 5.5, 8.75, 5.625], "texture": "#0"},
				"south": {"uv": [11, 9, 11.125, 9.125], "texture": "#0"},
				"west": {"uv": [6, 8.5, 6.25, 8.625], "texture": "#0"},
				"up": {"uv": [8.625, 6.25, 8.5, 6], "texture": "#0"},
				"down": {"uv": [6.625, 8.5, 6.5, 8.75], "texture": "#0"}
			}
		},
		{
			"from": [8.6, 3.725, 8],
			"to": [8.8, 3.975, 8.5],
			"faces": {
				"north": {"uv": [8.5, 11, 8.625, 11.125], "texture": "#0"},
				"east": {"uv": [8.5, 4.5, 8.75, 4.625], "texture": "#0"},
				"south": {"uv": [11, 8.5, 11.125, 8.625], "texture": "#0"},
				"west": {"uv": [5, 8.5, 5.25, 8.625], "texture": "#0"},
				"up": {"uv": [8.625, 5.25, 8.5, 5], "texture": "#0"},
				"down": {"uv": [5.625, 8.5, 5.5, 8.75], "texture": "#0"}
			}
		},
		{
			"from": [8.45, 3.775, 8],
			"to": [8.6, 3.925, 8.5],
			"faces": {
				"north": {"uv": [13.5, 10.5, 13.5625, 10.5625], "texture": "#0"},
				"east": {"uv": [7.5, 11, 7.75, 11.0625], "texture": "#0"},
				"south": {"uv": [11, 13.5, 11.0625, 13.5625], "texture": "#0"},
				"west": {"uv": [11, 7.5, 11.25, 7.5625], "texture": "#0"},
				"up": {"uv": [8.0625, 11.25, 8, 11], "texture": "#0"},
				"down": {"uv": [11.0625, 8, 11, 8.25], "texture": "#0"}
			}
		},
		{
			"from": [8.3, 3.8, 8],
			"to": [8.45, 3.9, 8.5],
			"faces": {
				"north": {"uv": [13.5, 10, 13.5625, 10.0625], "texture": "#0"},
				"east": {"uv": [6.5, 11, 6.75, 11.0625], "texture": "#0"},
				"south": {"uv": [10.5, 13.5, 10.5625, 13.5625], "texture": "#0"},
				"west": {"uv": [11, 6.5, 11.25, 6.5625], "texture": "#0"},
				"up": {"uv": [7.0625, 11.25, 7, 11], "texture": "#0"},
				"down": {"uv": [11.0625, 7, 11, 7.25], "texture": "#0"}
			}
		},
		{
			"from": [7.95, 1.8, 8],
			"to": [8.15, 2.05, 8.5],
			"faces": {
				"north": {"uv": [12.5, 2.5, 12.625, 2.625], "texture": "#0"},
				"east": {"uv": [9.5, 1.5, 9.75, 1.625], "texture": "#0"},
				"south": {"uv": [3, 12.5, 3.125, 12.625], "texture": "#0"},
				"west": {"uv": [2, 9.5, 2.25, 9.625], "texture": "#0"},
				"up": {"uv": [9.625, 2.25, 9.5, 2], "texture": "#0"},
				"down": {"uv": [2.625, 9.5, 2.5, 9.75], "texture": "#0"}
			}
		},
		{
			"from": [8.15, 1.85, 8],
			"to": [8.3, 2, 8.5],
			"faces": {
				"north": {"uv": [8, 14, 8.0625, 14.0625], "texture": "#0"},
				"east": {"uv": [12.5, 1.5, 12.75, 1.5625], "texture": "#0"},
				"south": {"uv": [14, 8, 14.0625, 8.0625], "texture": "#0"},
				"west": {"uv": [2, 12.5, 2.25, 12.5625], "texture": "#0"},
				"up": {"uv": [12.5625, 2.25, 12.5, 2], "texture": "#0"},
				"down": {"uv": [2.5625, 12.5, 2.5, 12.75], "texture": "#0"}
			}
		},
		{
			"from": [8.3, 1.875, 8],
			"to": [8.45, 1.975, 8.5],
			"faces": {
				"north": {"uv": [7.5, 14, 7.5625, 14.0625], "texture": "#0"},
				"east": {"uv": [12.5, 0.5, 12.75, 0.5625], "texture": "#0"},
				"south": {"uv": [14, 7.5, 14.0625, 7.5625], "texture": "#0"},
				"west": {"uv": [1, 12.5, 1.25, 12.5625], "texture": "#0"},
				"up": {"uv": [12.5625, 1.25, 12.5, 1], "texture": "#0"},
				"down": {"uv": [1.5625, 12.5, 1.5, 12.75], "texture": "#0"}
			}
		},
		{
			"from": [8.45, 1.85, 8],
			"to": [8.6, 2, 8.5],
			"faces": {
				"north": {"uv": [7, 14, 7.0625, 14.0625], "texture": "#0"},
				"east": {"uv": [12, 12, 12.25, 12.0625], "texture": "#0"},
				"south": {"uv": [14, 7, 14.0625, 7.0625], "texture": "#0"},
				"west": {"uv": [0, 12.5, 0.25, 12.5625], "texture": "#0"},
				"up": {"uv": [12.5625, 0.25, 12.5, 0], "texture": "#0"},
				"down": {"uv": [0.5625, 12.5, 0.5, 12.75], "texture": "#0"}
			}
		},
		{
			"from": [8.6, 1.8, 8],
			"to": [8.8, 2.05, 8.5],
			"faces": {
				"north": {"uv": [11.5, 12, 11.625, 12.125], "texture": "#0"},
				"east": {"uv": [9.5, 0.5, 9.75, 0.625], "texture": "#0"},
				"south": {"uv": [12, 11.5, 12.125, 11.625], "texture": "#0"},
				"west": {"uv": [1, 9.5, 1.25, 9.625], "texture": "#0"},
				"up": {"uv": [9.625, 1.25, 9.5, 1], "texture": "#0"},
				"down": {"uv": [1.625, 9.5, 1.5, 9.75], "texture": "#0"}
			}
		},
		{
			"from": [7.95, 2.075, 8],
			"to": [8.15, 2.325, 8.5],
			"faces": {
				"north": {"uv": [11, 12, 11.125, 12.125], "texture": "#0"},
				"east": {"uv": [9, 9, 9.25, 9.125], "texture": "#0"},
				"south": {"uv": [12, 11, 12.125, 11.125], "texture": "#0"},
				"west": {"uv": [0, 9.5, 0.25, 9.625], "texture": "#0"},
				"up": {"uv": [9.625, 0.25, 9.5, 0], "texture": "#0"},
				"down": {"uv": [0.625, 9.5, 0.5, 9.75], "texture": "#0"}
			}
		},
		{
			"from": [8.15, 2.125, 8],
			"to": [8.3, 2.275, 8.5],
			"faces": {
				"north": {"uv": [6.5, 14, 6.5625, 14.0625], "texture": "#0"},
				"east": {"uv": [10, 12, 10.25, 12.0625], "texture": "#0"},
				"south": {"uv": [14, 6.5, 14.0625, 6.5625], "texture": "#0"},
				"west": {"uv": [12, 10, 12.25, 10.0625], "texture": "#0"},
				"up": {"uv": [10.5625, 12.25, 10.5, 12], "texture": "#0"},
				"down": {"uv": [12.0625, 10.5, 12, 10.75], "texture": "#0"}
			}
		},
		{
			"from": [8.3, 2.15, 8],
			"to": [8.45, 2.25, 8.5],
			"faces": {
				"north": {"uv": [6, 14, 6.0625, 14.0625], "texture": "#0"},
				"east": {"uv": [9, 12, 9.25, 12.0625], "texture": "#0"},
				"south": {"uv": [14, 6, 14.0625, 6.0625], "texture": "#0"},
				"west": {"uv": [12, 9, 12.25, 9.0625], "texture": "#0"},
				"up": {"uv": [9.5625, 12.25, 9.5, 12], "texture": "#0"},
				"down": {"uv": [12.0625, 9.5, 12, 9.75], "texture": "#0"}
			}
		},
		{
			"from": [8.45, 2.125, 8],
			"to": [8.6, 2.275, 8.5],
			"faces": {
				"north": {"uv": [5.5, 14, 5.5625, 14.0625], "texture": "#0"},
				"east": {"uv": [8, 12, 8.25, 12.0625], "texture": "#0"},
				"south": {"uv": [14, 5.5, 14.0625, 5.5625], "texture": "#0"},
				"west": {"uv": [12, 8, 12.25, 8.0625], "texture": "#0"},
				"up": {"uv": [8.5625, 12.25, 8.5, 12], "texture": "#0"},
				"down": {"uv": [12.0625, 8.5, 12, 8.75], "texture": "#0"}
			}
		},
		{
			"from": [8.6, 2.075, 8],
			"to": [8.8, 2.325, 8.5],
			"faces": {
				"north": {"uv": [7.5, 12, 7.625, 12.125], "texture": "#0"},
				"east": {"uv": [8, 9, 8.25, 9.125], "texture": "#0"},
				"south": {"uv": [12, 7.5, 12.125, 7.625], "texture": "#0"},
				"west": {"uv": [9, 8, 9.25, 8.125], "texture": "#0"},
				"up": {"uv": [8.625, 9.25, 8.5, 9], "texture": "#0"},
				"down": {"uv": [9.125, 8.5, 9, 8.75], "texture": "#0"}
			}
		},
		{
			"from": [7.95, 2.35, 8],
			"to": [8.15, 2.6, 8.5],
			"faces": {
				"north": {"uv": [7, 12, 7.125, 12.125], "texture": "#0"},
				"east": {"uv": [7, 9, 7.25, 9.125], "texture": "#0"},
				"south": {"uv": [12, 7, 12.125, 7.125], "texture": "#0"},
				"west": {"uv": [9, 7, 9.25, 7.125], "texture": "#0"},
				"up": {"uv": [7.625, 9.25, 7.5, 9], "texture": "#0"},
				"down": {"uv": [9.125, 7.5, 9, 7.75], "texture": "#0"}
			}
		},
		{
			"from": [7.95, 2.625, 8],
			"to": [8.15, 2.875, 8.5],
			"faces": {
				"north": {"uv": [6.5, 12, 6.625, 12.125], "texture": "#0"},
				"east": {"uv": [6, 9, 6.25, 9.125], "texture": "#0"},
				"south": {"uv": [12, 6.5, 12.125, 6.625], "texture": "#0"},
				"west": {"uv": [9, 6, 9.25, 6.125], "texture": "#0"},
				"up": {"uv": [6.625, 9.25, 6.5, 9], "texture": "#0"},
				"down": {"uv": [9.125, 6.5, 9, 6.75], "texture": "#0"}
			}
		},
		{
			"from": [8.15, 2.675, 8],
			"to": [8.3, 2.825, 8.5],
			"faces": {
				"north": {"uv": [5, 14, 5.0625, 14.0625], "texture": "#0"},
				"east": {"uv": [5.5, 12, 5.75, 12.0625], "texture": "#0"},
				"south": {"uv": [14, 5, 14.0625, 5.0625], "texture": "#0"},
				"west": {"uv": [12, 5.5, 12.25, 5.5625], "texture": "#0"},
				"up": {"uv": [6.0625, 12.25, 6, 12], "texture": "#0"},
				"down": {"uv": [12.0625, 6, 12, 6.25], "texture": "#0"}
			}
		},
		{
			"from": [8.15, 2.4, 8],
			"to": [8.3, 2.55, 8.5],
			"faces": {
				"north": {"uv": [4.5, 14, 4.5625, 14.0625], "texture": "#0"},
				"east": {"uv": [4.5, 12, 4.75, 12.0625], "texture": "#0"},
				"south": {"uv": [14, 4.5, 14.0625, 4.5625], "texture": "#0"},
				"west": {"uv": [12, 4.5, 12.25, 4.5625], "texture": "#0"},
				"up": {"uv": [5.0625, 12.25, 5, 12], "texture": "#0"},
				"down": {"uv": [12.0625, 5, 12, 5.25], "texture": "#0"}
			}
		},
		{
			"from": [8.3, 2.425, 8],
			"to": [8.45, 2.525, 8.5],
			"faces": {
				"north": {"uv": [4, 14, 4.0625, 14.0625], "texture": "#0"},
				"east": {"uv": [3.5, 12, 3.75, 12.0625], "texture": "#0"},
				"south": {"uv": [14, 4, 14.0625, 4.0625], "texture": "#0"},
				"west": {"uv": [12, 3.5, 12.25, 3.5625], "texture": "#0"},
				"up": {"uv": [4.0625, 12.25, 4, 12], "texture": "#0"},
				"down": {"uv": [12.0625, 4, 12, 4.25], "texture": "#0"}
			}
		},
		{
			"from": [8.45, 2.4, 8],
			"to": [8.6, 2.55, 8.5],
			"faces": {
				"north": {"uv": [3.5, 14, 3.5625, 14.0625], "texture": "#0"},
				"east": {"uv": [2.5, 12, 2.75, 12.0625], "texture": "#0"},
				"south": {"uv": [14, 3.5, 14.0625, 3.5625], "texture": "#0"},
				"west": {"uv": [12, 2.5, 12.25, 2.5625], "texture": "#0"},
				"up": {"uv": [3.0625, 12.25, 3, 12], "texture": "#0"},
				"down": {"uv": [12.0625, 3, 12, 3.25], "texture": "#0"}
			}
		},
		{
			"from": [8.6, 2.35, 8],
			"to": [8.8, 2.6, 8.5],
			"faces": {
				"north": {"uv": [2, 12, 2.125, 12.125], "texture": "#0"},
				"east": {"uv": [5, 9, 5.25, 9.125], "texture": "#0"},
				"south": {"uv": [12, 2, 12.125, 2.125], "texture": "#0"},
				"west": {"uv": [9, 5, 9.25, 5.125], "texture": "#0"},
				"up": {"uv": [5.625, 9.25, 5.5, 9], "texture": "#0"},
				"down": {"uv": [9.125, 5.5, 9, 5.75], "texture": "#0"}
			}
		},
		{
			"from": [8.6, 2.625, 8],
			"to": [8.8, 2.875, 8.5],
			"faces": {
				"north": {"uv": [1.5, 12, 1.625, 12.125], "texture": "#0"},
				"east": {"uv": [4, 9, 4.25, 9.125], "texture": "#0"},
				"south": {"uv": [12, 1.5, 12.125, 1.625], "texture": "#0"},
				"west": {"uv": [9, 4, 9.25, 4.125], "texture": "#0"},
				"up": {"uv": [4.625, 9.25, 4.5, 9], "texture": "#0"},
				"down": {"uv": [9.125, 4.5, 9, 4.75], "texture": "#0"}
			}
		},
		{
			"from": [8.45, 2.675, 8],
			"to": [8.6, 2.825, 8.5],
			"faces": {
				"north": {"uv": [3, 14, 3.0625, 14.0625], "texture": "#0"},
				"east": {"uv": [0.5, 12, 0.75, 12.0625], "texture": "#0"},
				"south": {"uv": [14, 3, 14.0625, 3.0625], "texture": "#0"},
				"west": {"uv": [12, 0.5, 12.25, 0.5625], "texture": "#0"},
				"up": {"uv": [1.0625, 12.25, 1, 12], "texture": "#0"},
				"down": {"uv": [12.0625, 1, 12, 1.25], "texture": "#0"}
			}
		},
		{
			"from": [8.3, 2.7, 8],
			"to": [8.45, 2.8, 8.5],
			"faces": {
				"north": {"uv": [2.5, 14, 2.5625, 14.0625], "texture": "#0"},
				"east": {"uv": [11.5, 11, 11.75, 11.0625], "texture": "#0"},
				"south": {"uv": [14, 2.5, 14.0625, 2.5625], "texture": "#0"},
				"west": {"uv": [11.5, 11.5, 11.75, 11.5625], "texture": "#0"},
				"up": {"uv": [0.0625, 12.25, 0, 12], "texture": "#0"},
				"down": {"uv": [12.0625, 0, 12, 0.25], "texture": "#0"}
			}
		},
		{
			"from": [7.95, 0.7, 8],
			"to": [8.15, 0.95, 8.5],
			"faces": {
				"north": {"uv": [6, 13, 6.125, 13.125], "texture": "#0"},
				"east": {"uv": [0, 10, 0.25, 10.125], "texture": "#0"},
				"south": {"uv": [13, 6, 13.125, 6.125], "texture": "#0"},
				"west": {"uv": [10, 0, 10.25, 0.125], "texture": "#0"},
				"up": {"uv": [0.625, 10.25, 0.5, 10], "texture": "#0"},
				"down": {"uv": [10.125, 0.5, 10, 0.75], "texture": "#0"}
			}
		},
		{
			"from": [8.15, 0.75, 8],
			"to": [8.3, 0.9, 8.5],
			"faces": {
				"north": {"uv": [14, 14, 14.0625, 14.0625], "texture": "#0"},
				"east": {"uv": [5, 13, 5.25, 13.0625], "texture": "#0"},
				"south": {"uv": [0, 14.5, 0.0625, 14.5625], "texture": "#0"},
				"west": {"uv": [13, 5, 13.25, 5.0625], "texture": "#0"},
				"up": {"uv": [5.5625, 13.25, 5.5, 13], "texture": "#0"},
				"down": {"uv": [13.0625, 5.5, 13, 5.75], "texture": "#0"}
			}
		},
		{
			"from": [8.3, 0.775, 8],
			"to": [8.45, 0.875, 8.5],
			"faces": {
				"north": {"uv": [13.5, 14, 13.5625, 14.0625], "texture": "#0"},
				"east": {"uv": [4, 13, 4.25, 13.0625], "texture": "#0"},
				"south": {"uv": [14, 13.5, 14.0625, 13.5625], "texture": "#0"},
				"west": {"uv": [13, 4, 13.25, 4.0625], "texture": "#0"},
				"up": {"uv": [4.5625, 13.25, 4.5, 13], "texture": "#0"},
				"down": {"uv": [13.0625, 4.5, 13, 4.75], "texture": "#0"}
			}
		},
		{
			"from": [8.45, 0.75, 8],
			"to": [8.6, 0.9, 8.5],
			"faces": {
				"north": {"uv": [13, 14, 13.0625, 14.0625], "texture": "#0"},
				"east": {"uv": [3, 13, 3.25, 13.0625], "texture": "#0"},
				"south": {"uv": [14, 13, 14.0625, 13.0625], "texture": "#0"},
				"west": {"uv": [13, 3, 13.25, 3.0625], "texture": "#0"},
				"up": {"uv": [3.5625, 13.25, 3.5, 13], "texture": "#0"},
				"down": {"uv": [13.0625, 3.5, 13, 3.75], "texture": "#0"}
			}
		},
		{
			"from": [8.6, 0.7, 8],
			"to": [8.8, 0.95, 8.5],
			"faces": {
				"north": {"uv": [2.5, 13, 2.625, 13.125], "texture": "#0"},
				"east": {"uv": [9.5, 8.5, 9.75, 8.625], "texture": "#0"},
				"south": {"uv": [13, 2.5, 13.125, 2.625], "texture": "#0"},
				"west": {"uv": [9, 9.5, 9.25, 9.625], "texture": "#0"},
				"up": {"uv": [9.625, 9.25, 9.5, 9], "texture": "#0"},
				"down": {"uv": [9.625, 9.5, 9.5, 9.75], "texture": "#0"}
			}
		},
		{
			"from": [7.95, 0.975, 8],
			"to": [8.15, 1.225, 8.5],
			"faces": {
				"north": {"uv": [2, 13, 2.125, 13.125], "texture": "#0"},
				"east": {"uv": [9.5, 7.5, 9.75, 7.625], "texture": "#0"},
				"south": {"uv": [13, 2, 13.125, 2.125], "texture": "#0"},
				"west": {"uv": [8, 9.5, 8.25, 9.625], "texture": "#0"},
				"up": {"uv": [9.625, 8.25, 9.5, 8], "texture": "#0"},
				"down": {"uv": [8.625, 9.5, 8.5, 9.75], "texture": "#0"}
			}
		},
		{
			"from": [8.15, 1.025, 8],
			"to": [8.3, 1.175, 8.5],
			"faces": {
				"north": {"uv": [12.5, 14, 12.5625, 14.0625], "texture": "#0"},
				"east": {"uv": [1, 13, 1.25, 13.0625], "texture": "#0"},
				"south": {"uv": [14, 12.5, 14.0625, 12.5625], "texture": "#0"},
				"west": {"uv": [13, 1, 13.25, 1.0625], "texture": "#0"},
				"up": {"uv": [1.5625, 13.25, 1.5, 13], "texture": "#0"},
				"down": {"uv": [13.0625, 1.5, 13, 1.75], "texture": "#0"}
			}
		},
		{
			"from": [8.3, 1.05, 8],
			"to": [8.45, 1.15, 8.5],
			"faces": {
				"north": {"uv": [12, 14, 12.0625, 14.0625], "texture": "#0"},
				"east": {"uv": [0, 13, 0.25, 13.0625], "texture": "#0"},
				"south": {"uv": [14, 12, 14.0625, 12.0625], "texture": "#0"},
				"west": {"uv": [13, 0, 13.25, 0.0625], "texture": "#0"},
				"up": {"uv": [0.5625, 13.25, 0.5, 13], "texture": "#0"},
				"down": {"uv": [13.0625, 0.5, 13, 0.75], "texture": "#0"}
			}
		},
		{
			"from": [8.45, 1.025, 8],
			"to": [8.6, 1.175, 8.5],
			"faces": {
				"north": {"uv": [11.5, 14, 11.5625, 14.0625], "texture": "#0"},
				"east": {"uv": [12.5, 11.5, 12.75, 11.5625], "texture": "#0"},
				"south": {"uv": [14, 11.5, 14.0625, 11.5625], "texture": "#0"},
				"west": {"uv": [12, 12.5, 12.25, 12.5625], "texture": "#0"},
				"up": {"uv": [12.5625, 12.25, 12.5, 12], "texture": "#0"},
				"down": {"uv": [12.5625, 12.5, 12.5, 12.75], "texture": "#0"}
			}
		},
		{
			"from": [8.6, 0.975, 8],
			"to": [8.8, 1.225, 8.5],
			"faces": {
				"north": {"uv": [12.5, 11, 12.625, 11.125], "texture": "#0"},
				"east": {"uv": [9.5, 6.5, 9.75, 6.625], "texture": "#0"},
				"south": {"uv": [11.5, 12.5, 11.625, 12.625], "texture": "#0"},
				"west": {"uv": [7, 9.5, 7.25, 9.625], "texture": "#0"},
				"up": {"uv": [9.625, 7.25, 9.5, 7], "texture": "#0"},
				"down": {"uv": [7.625, 9.5, 7.5, 9.75], "texture": "#0"}
			}
		},
		{
			"from": [7.95, 1.25, 8],
			"to": [8.15, 1.5, 8.5],
			"faces": {
				"north": {"uv": [12.5, 10.5, 12.625, 10.625], "texture": "#0"},
				"east": {"uv": [9.5, 5.5, 9.75, 5.625], "texture": "#0"},
				"south": {"uv": [11, 12.5, 11.125, 12.625], "texture": "#0"},
				"west": {"uv": [6, 9.5, 6.25, 9.625], "texture": "#0"},
				"up": {"uv": [9.625, 6.25, 9.5, 6], "texture": "#0"},
				"down": {"uv": [6.625, 9.5, 6.5, 9.75], "texture": "#0"}
			}
		},
		{
			"from": [7.95, 1.525, 8],
			"to": [8.15, 1.775, 8.5],
			"faces": {
				"north": {"uv": [12.5, 10, 12.625, 10.125], "texture": "#0"},
				"east": {"uv": [9.5, 4.5, 9.75, 4.625], "texture": "#0"},
				"south": {"uv": [10.5, 12.5, 10.625, 12.625], "texture": "#0"},
				"west": {"uv": [5, 9.5, 5.25, 9.625], "texture": "#0"},
				"up": {"uv": [9.625, 5.25, 9.5, 5], "texture": "#0"},
				"down": {"uv": [5.625, 9.5, 5.5, 9.75], "texture": "#0"}
			}
		},
		{
			"from": [8.15, 1.575, 8],
			"to": [8.3, 1.725, 8.5],
			"faces": {
				"north": {"uv": [11, 14, 11.0625, 14.0625], "texture": "#0"},
				"east": {"uv": [12.5, 9, 12.75, 9.0625], "texture": "#0"},
				"south": {"uv": [14, 11, 14.0625, 11.0625], "texture": "#0"},
				"west": {"uv": [9.5, 12.5, 9.75, 12.5625], "texture": "#0"},
				"up": {"uv": [12.5625, 9.75, 12.5, 9.5], "texture": "#0"},
				"down": {"uv": [10.0625, 12.5, 10, 12.75], "texture": "#0"}
			}
		},
		{
			"from": [8.15, 1.3, 8],
			"to": [8.3, 1.45, 8.5],
			"faces": {
				"north": {"uv": [10.5, 14, 10.5625, 14.0625], "texture": "#0"},
				"east": {"uv": [12.5, 8, 12.75, 8.0625], "texture": "#0"},
				"south": {"uv": [14, 10.5, 14.0625, 10.5625], "texture": "#0"},
				"west": {"uv": [8.5, 12.5, 8.75, 12.5625], "texture": "#0"},
				"up": {"uv": [12.5625, 8.75, 12.5, 8.5], "texture": "#0"},
				"down": {"uv": [9.0625, 12.5, 9, 12.75], "texture": "#0"}
			}
		},
		{
			"from": [8.3, 1.325, 8],
			"to": [8.45, 1.425, 8.5],
			"faces": {
				"north": {"uv": [10, 14, 10.0625, 14.0625], "texture": "#0"},
				"east": {"uv": [12.5, 7, 12.75, 7.0625], "texture": "#0"},
				"south": {"uv": [14, 10, 14.0625, 10.0625], "texture": "#0"},
				"west": {"uv": [7.5, 12.5, 7.75, 12.5625], "texture": "#0"},
				"up": {"uv": [12.5625, 7.75, 12.5, 7.5], "texture": "#0"},
				"down": {"uv": [8.0625, 12.5, 8, 12.75], "texture": "#0"}
			}
		},
		{
			"from": [8.45, 1.3, 8],
			"to": [8.6, 1.45, 8.5],
			"faces": {
				"north": {"uv": [9.5, 14, 9.5625, 14.0625], "texture": "#0"},
				"east": {"uv": [12.5, 6, 12.75, 6.0625], "texture": "#0"},
				"south": {"uv": [14, 9.5, 14.0625, 9.5625], "texture": "#0"},
				"west": {"uv": [6.5, 12.5, 6.75, 12.5625], "texture": "#0"},
				"up": {"uv": [12.5625, 6.75, 12.5, 6.5], "texture": "#0"},
				"down": {"uv": [7.0625, 12.5, 7, 12.75], "texture": "#0"}
			}
		},
		{
			"from": [8.6, 1.25, 8],
			"to": [8.8, 1.5, 8.5],
			"faces": {
				"north": {"uv": [12.5, 5.5, 12.625, 5.625], "texture": "#0"},
				"east": {"uv": [9.5, 3.5, 9.75, 3.625], "texture": "#0"},
				"south": {"uv": [6, 12.5, 6.125, 12.625], "texture": "#0"},
				"west": {"uv": [4, 9.5, 4.25, 9.625], "texture": "#0"},
				"up": {"uv": [9.625, 4.25, 9.5, 4], "texture": "#0"},
				"down": {"uv": [4.625, 9.5, 4.5, 9.75], "texture": "#0"}
			}
		},
		{
			"from": [8.6, 1.525, 8],
			"to": [8.8, 1.775, 8.5],
			"faces": {
				"north": {"uv": [12.5, 5, 12.625, 5.125], "texture": "#0"},
				"east": {"uv": [9.5, 2.5, 9.75, 2.625], "texture": "#0"},
				"south": {"uv": [5.5, 12.5, 5.625, 12.625], "texture": "#0"},
				"west": {"uv": [3, 9.5, 3.25, 9.625], "texture": "#0"},
				"up": {"uv": [9.625, 3.25, 9.5, 3], "texture": "#0"},
				"down": {"uv": [3.625, 9.5, 3.5, 9.75], "texture": "#0"}
			}
		},
		{
			"from": [8.45, 1.575, 8],
			"to": [8.6, 1.725, 8.5],
			"faces": {
				"north": {"uv": [9, 14, 9.0625, 14.0625], "texture": "#0"},
				"east": {"uv": [12.5, 4, 12.75, 4.0625], "texture": "#0"},
				"south": {"uv": [14, 9, 14.0625, 9.0625], "texture": "#0"},
				"west": {"uv": [4.5, 12.5, 4.75, 12.5625], "texture": "#0"},
				"up": {"uv": [12.5625, 4.75, 12.5, 4.5], "texture": "#0"},
				"down": {"uv": [5.0625, 12.5, 5, 12.75], "texture": "#0"}
			}
		},
		{
			"from": [8.3, 1.6, 8],
			"to": [8.45, 1.7, 8.5],
			"faces": {
				"north": {"uv": [8.5, 14, 8.5625, 14.0625], "texture": "#0"},
				"east": {"uv": [12.5, 3, 12.75, 3.0625], "texture": "#0"},
				"south": {"uv": [14, 8.5, 14.0625, 8.5625], "texture": "#0"},
				"west": {"uv": [3.5, 12.5, 3.75, 12.5625], "texture": "#0"},
				"up": {"uv": [12.5625, 3.75, 12.5, 3.5], "texture": "#0"},
				"down": {"uv": [4.0625, 12.5, 4, 12.75], "texture": "#0"}
			}
		},
		{
			"from": [7.9, -0.35, 7.95],
			"to": [8.85, 0.25, 8.55],
			"rotation": {"angle": 0, "axis": "y", "origin": [0, 16, 0]},
			"faces": {
				"north": {"uv": [5.5, 3.5, 6, 3.8125], "texture": "#0"},
				"east": {"uv": [5.5, 3.5, 6, 3.8125], "texture": "#0"},
				"south": {"uv": [5.5, 3.5, 6, 3.8125], "texture": "#0"},
				"west": {"uv": [5.5, 3.5, 6, 3.8125], "texture": "#0"},
				"up": {"uv": [5, 5.8125, 4.5, 5.5], "texture": "#0"},
				"down": {"uv": [6, 4.5, 5.5, 4.8125], "texture": "#0"}
			}
		},
		{
			"from": [7.95, -0.45, 7.95],
			"to": [8.8, -0.35, 8.55],
			"rotation": {"angle": 0, "axis": "y", "origin": [0, 16, 0]},
			"faces": {
				"north": {"uv": [10, 1.5, 10.4375, 1.5625], "texture": "#0"},
				"east": {"uv": [10, 1.5, 10.4375, 1.5625], "texture": "#0"},
				"south": {"uv": [10, 1.5, 10.4375, 1.5625], "texture": "#0"},
				"west": {"uv": [10, 1.5, 10.4375, 1.5625], "texture": "#0"},
				"up": {"uv": [6.4375, 0.3125, 6, 0], "texture": "#0"},
				"down": {"uv": [6.4375, 0.5, 6, 0.8125], "texture": "#0"}
			}
		},
		{
			"from": [7.5, 5.5, 7.925],
			"to": [9.25, 5.75, 8.575],
			"faces": {
				"north": {"uv": [5.5, 6, 6.375, 6.125], "texture": "#0"},
				"east": {"uv": [4, 7.5, 4.3125, 7.625], "texture": "#0"},
				"south": {"uv": [6, 5.5, 6.875, 5.625], "texture": "#0"},
				"west": {"uv": [5, 7.5, 5.3125, 7.625], "texture": "#0"},
				"up": {"uv": [5.375, 0.3125, 4.5, 0], "texture": "#0"},
				"down": {"uv": [5.375, 0.5, 4.5, 0.8125], "texture": "#0"}
			}
		},
		{
			"from": [7.625, 5.5, 7.775],
			"to": [9.125, 5.75, 7.925],
			"faces": {
				"north": {"uv": [6.5, 2, 7.25, 2.125], "texture": "#0"},
				"east": {"uv": [13.5, 2, 13.5625, 2.125], "texture": "#0"},
				"south": {"uv": [6.5, 2.5, 7.25, 2.625], "texture": "#0"},
				"west": {"uv": [2.5, 13.5, 2.5625, 13.625], "texture": "#0"},
				"up": {"uv": [7.75, 4.0625, 7, 4], "texture": "#0"},
				"down": {"uv": [7.75, 4.5, 7, 4.5625], "texture": "#0"}
			}
		},
		{
			"from": [7.625, 5.5, 8.575],
			"to": [9.125, 5.75, 8.725],
			"faces": {
				"north": {"uv": [6.5, 3, 7.25, 3.125], "texture": "#0"},
				"east": {"uv": [13.5, 2.5, 13.5625, 2.625], "texture": "#0"},
				"south": {"uv": [6.5, 3.5, 7.25, 3.625], "texture": "#0"},
				"west": {"uv": [3, 13.5, 3.0625, 13.625], "texture": "#0"},
				"up": {"uv": [7.75, 5.0625, 7, 5], "texture": "#0"},
				"down": {"uv": [7.75, 5.5, 7, 5.5625], "texture": "#0"}
			}
		},
		{
			"from": [8.1, 5.75, 8.075],
			"to": [8.825, 6.375, 8.425],
			"faces": {
				"north": {"uv": [6, 4.5, 6.375, 4.8125], "texture": "#0"},
				"east": {"uv": [6.5, 6, 6.6875, 6.3125], "texture": "#0"},
				"south": {"uv": [6, 5, 6.375, 5.3125], "texture": "#0"},
				"west": {"uv": [6.5, 6.5, 6.6875, 6.8125], "texture": "#0"},
				"up": {"uv": [3.875, 6.6875, 3.5, 6.5], "texture": "#0"},
				"down": {"uv": [6.875, 4, 6.5, 4.1875], "texture": "#0"}
			}
		},
		{
			"from": [7.9, 5.75, 8.125],
			"to": [8.1, 6.375, 8.375],
			"faces": {
				"north": {"uv": [7.5, 7, 7.625, 7.3125], "texture": "#0"},
				"east": {"uv": [7.5, 7.5, 7.625, 7.8125], "texture": "#0"},
				"south": {"uv": [0, 8, 0.125, 8.3125], "texture": "#0"},
				"west": {"uv": [8, 0, 8.125, 0.3125], "texture": "#0"},
				"up": {"uv": [8.125, 10.125, 8, 10], "texture": "#0"},
				"down": {"uv": [10.125, 8, 10, 8.125], "texture": "#0"}
			}
		},
		{
			"from": [8.95, 20.975, 8.125],
			"to": [9.075, 23.1, 8.375],
			"faces": {
				"north": {"uv": [5.5, 6.5, 5.5625, 7.5625], "texture": "#0"},
				"east": {"uv": [5.5, 6.5, 5.5625, 7.5625], "texture": "#0"},
				"south": {"uv": [5.5625, 6.5, 5.5, 7.5625], "texture": "#0"},
				"west": {"uv": [6, 1, 6.125, 2.0625], "texture": "#0"},
				"up": {"uv": [13.5625, 0.625, 13.5, 0.5], "texture": "#0"},
				"down": {"uv": [1.0625, 13.5, 1, 13.625], "texture": "#0"}
			}
		},
		{
			"from": [8.825, 19.175, 8.125],
			"to": [8.975, 22.9, 8.375],
			"faces": {
				"north": {"uv": [6, 2.5, 6.0625, 4.375], "texture": "#0"},
				"east": {"uv": [6.0625, 2.5, 6, 4.375], "texture": "#0"},
				"south": {"uv": [6.0625, 2.5, 6, 4.375], "texture": "#0"},
				"west": {"uv": [5, 1, 5.125, 2.875], "texture": "#0"},
				"up": {"uv": [12.5625, 13.125, 12.5, 13], "texture": "#0"},
				"down": {"uv": [13.0625, 12.5, 13, 12.625], "texture": "#0"}
			}
		},
		{
			"from": [8.6, 22.175, 8.125],
			"to": [8.825, 22.5, 8.375],
			"faces": {
				"north": {"uv": [3.5, 10, 3.625, 10.1875], "texture": "#0"},
				"east": {"uv": [10, 3.5, 10.125, 3.6875], "texture": "#0"},
				"south": {"uv": [3.625, 10, 3.5, 10.1875], "texture": "#0"},
				"west": {"uv": [10, 4, 10.125, 4.1875], "texture": "#0"},
				"up": {"uv": [7.125, 10.125, 7, 10], "texture": "#0"},
				"down": {"uv": [10.125, 7, 10, 7.125], "texture": "#0"}
			}
		},
		{
			"from": [8.725, 22.9, 8.19],
			"to": [8.975, 23.025, 8.315],
			"faces": {
				"north": {"uv": [13.5, 1, 13.625, 1.0625], "texture": "#0"},
				"east": {"uv": [13.5, 3.5, 13.5625, 3.5625], "texture": "#0"},
				"south": {"uv": [13.625, 1, 13.5, 1.0625], "texture": "#0"},
				"west": {"uv": [4, 13.5, 4.0625, 13.5625], "texture": "#0"},
				"up": {"uv": [13.625, 1.5625, 13.5, 1.5], "texture": "#0"},
				"down": {"uv": [2.125, 13.5, 2, 13.5625], "texture": "#0"}
			}
		},
		{
			"from": [8.6, 22.7, 8.19],
			"to": [8.85, 22.9, 8.315],
			"faces": {
				"north": {"uv": [7.5, 10, 7.625, 10.125], "texture": "#0"},
				"east": {"uv": [13, 13, 13.0625, 13.125], "texture": "#0"},
				"south": {"uv": [7.625, 10, 7.5, 10.125], "texture": "#0"},
				"west": {"uv": [0, 13.5, 0.0625, 13.625], "texture": "#0"},
				"up": {"uv": [13.625, 0.0625, 13.5, 0], "texture": "#0"},
				"down": {"uv": [0.625, 13.5, 0.5, 13.5625], "texture": "#0"}
			}
		},
		{
			"from": [8.45, 22.5, 8.19],
			"to": [8.85, 22.7, 8.315],
			"faces": {
				"north": {"uv": [3, 10, 3.1875, 10.125], "texture": "#0"},
				"east": {"uv": [12, 13, 12.0625, 13.125], "texture": "#0"},
				"south": {"uv": [3.1875, 10, 3, 10.125], "texture": "#0"},
				"west": {"uv": [13, 12, 13.0625, 12.125], "texture": "#0"},
				"up": {"uv": [8.1875, 13.0625, 8, 13], "texture": "#0"},
				"down": {"uv": [13.1875, 8, 13, 8.0625], "texture": "#0"}
			}
		},
		{
			"from": [8.275, 22.175, 8.19],
			"to": [8.625, 22.5, 8.315],
			"faces": {
				"north": {"uv": [8, 1, 8.1875, 1.1875], "texture": "#0"},
				"east": {"uv": [7, 13, 7.0625, 13.1875], "texture": "#0"},
				"south": {"uv": [8.1875, 1, 8, 1.1875], "texture": "#0"},
				"west": {"uv": [13, 7, 13.0625, 7.1875], "texture": "#0"},
				"up": {"uv": [7.6875, 13.0625, 7.5, 13], "texture": "#0"},
				"down": {"uv": [13.1875, 7.5, 13, 7.5625], "texture": "#0"}
			}
		},
		{
			"from": [8.125, 21.675, 8.19],
			"to": [8.45, 22.175, 8.315],
			"faces": {
				"north": {"uv": [2.5, 7, 2.6875, 7.25], "texture": "#0"},
				"east": {"uv": [6.5, 10, 6.5625, 10.25], "texture": "#0"},
				"south": {"uv": [2.6875, 7, 2.5, 7.25], "texture": "#0"},
				"west": {"uv": [10, 6.5, 10.0625, 6.75], "texture": "#0"},
				"up": {"uv": [6.6875, 13.0625, 6.5, 13], "texture": "#0"},
				"down": {"uv": [13.1875, 6.5, 13, 6.5625], "texture": "#0"}
			}
		},
		{
			"from": [8.025, 20.675, 8.19],
			"to": [8.85, 21.675, 8.315],
			"faces": {
				"north": {"uv": [5, 3, 5.4375, 3.5], "texture": "#0"},
				"east": {"uv": [8, 2.5, 8.0625, 3], "texture": "#0"},
				"south": {"uv": [5.4375, 3, 5, 3.5], "texture": "#0"},
				"west": {"uv": [3, 8, 3.0625, 8.5], "texture": "#0"},
				"up": {"uv": [1.4375, 10.0625, 1, 10], "texture": "#0"},
				"down": {"uv": [10.4375, 1, 10, 1.0625], "texture": "#0"}
			}
		},
		{
			"from": [8.4, 21.675, 8.125],
			"to": [8.825, 22.175, 8.375],
			"faces": {
				"north": {"uv": [7, 1, 7.1875, 1.25], "texture": "#0"},
				"east": {"uv": [8, 2, 8.125, 2.25], "texture": "#0"},
				"south": {"uv": [7.1875, 1, 7, 1.25], "texture": "#0"},
				"west": {"uv": [2.5, 8, 2.625, 8.25], "texture": "#0"},
				"up": {"uv": [2.6875, 10.125, 2.5, 10], "texture": "#0"},
				"down": {"uv": [10.1875, 2.5, 10, 2.625], "texture": "#0"}
			}
		},
		{
			"from": [8.25, 20.675, 8.125],
			"to": [8.825, 21.675, 8.375],
			"faces": {
				"north": {"uv": [5.5, 5, 5.8125, 5.5], "texture": "#0"},
				"east": {"uv": [6.5, 4.5, 6.625, 5], "texture": "#0"},
				"south": {"uv": [5.8125, 5, 5.5, 5.5], "texture": "#0"},
				"west": {"uv": [6.5, 5, 6.625, 5.5], "texture": "#0"},
				"up": {"uv": [7.8125, 6.625, 7.5, 6.5], "texture": "#0"},
				"down": {"uv": [7.3125, 7.5, 7, 7.625], "texture": "#0"}
			}
		},
		{
			"from": [8.175, 14.475, 8.125],
			"to": [8.85, 20.675, 8.375],
			"faces": {
				"north": {"uv": [2, 0, 2.3125, 3.125], "texture": "#0"},
				"east": {"uv": [4, 3.5, 4.125, 6.625], "texture": "#0"},
				"south": {"uv": [2.3125, 0, 2, 3.125], "texture": "#0"},
				"west": {"uv": [0, 4.5, 0.125, 7.625], "texture": "#0"},
				"up": {"uv": [7.8125, 6.125, 7.5, 6], "texture": "#0"},
				"down": {"uv": [6.8125, 7.5, 6.5, 7.625], "texture": "#0"}
			}
		},
		{
			"from": [7.975, 14.475, 8.19],
			"to": [8.175, 20.675, 8.315],
			"faces": {
				"north": {"uv": [2.5, 3.5, 2.625, 6.625], "texture": "#0"},
				"east": {"uv": [5, 4, 5.0625, 7.125], "texture": "#0"},
				"south": {"uv": [4, 0, 4.125, 3.125], "texture": "#0"},
				"west": {"uv": [5.5, 0, 5.5625, 3.125], "texture": "#0"},
				"up": {"uv": [11.625, 13.0625, 11.5, 13], "texture": "#0"},
				"down": {"uv": [13.125, 11.5, 13, 11.5625], "texture": "#0"}
			}
		},
		{
			"from": [7.925, 6.375, 8.19],
			"to": [8.125, 14.475, 8.315],
			"faces": {
				"north": {"uv": [3.5, 0, 3.625, 4.0625], "texture": "#0"},
				"east": {"uv": [0.5, 4.5, 0.5625, 8.5625], "texture": "#0"},
				"south": {"uv": [3.625, 0, 3.5, 4.0625], "texture": "#0"},
				"west": {"uv": [4.5, 1, 4.5625, 5.0625], "texture": "#0"},
				"up": {"uv": [13.625, 3.0625, 13.5, 3], "texture": "#0"},
				"down": {"uv": [3.625, 13.5, 3.5, 13.5625], "texture": "#0"}
			}
		},
		{
			"from": [8.125, 6.375, 8.125],
			"to": [8.8, 14.475, 8.375],
			"faces": {
				"north": {"uv": [0, 0, 0.3125, 4.0625], "texture": "#0"},
				"east": {"uv": [1.5, 3, 1.625, 7.0625], "texture": "#0"},
				"south": {"uv": [0.3125, 0, 0, 4.0625], "texture": "#0"},
				"west": {"uv": [3, 3, 3.125, 7.0625], "texture": "#0"},
				"up": {"uv": [8.3125, 0.625, 8, 0.5], "texture": "#0"},
				"down": {"uv": [1.3125, 8, 1, 8.125], "texture": "#0"}
			}
		},
		{
			"from": [7.975, 14.475, 8.19],
			"to": [8.175, 20.675, 8.315],
			"faces": {
				"north": {"uv": [2.5, 3.5, 2.625, 6.625], "texture": "#0"},
				"east": {"uv": [5, 4, 5.0625, 7.125], "texture": "#0"},
				"south": {"uv": [2.625, 3.5, 2.5, 6.625], "texture": "#0"},
				"west": {"uv": [5.5, 0, 5.5625, 3.125], "texture": "#0"},
				"up": {"uv": [11.625, 13.0625, 11.5, 13], "texture": "#0"},
				"down": {"uv": [13.125, 11.5, 13, 11.5625], "texture": "#0"}
			}
		}
	],
	"display": {
		"thirdperson_righthand": {
			"rotation": [0, -90, 0],
			"translation": [0.4, 4.086, -0.5],
			"scale": [1.5, 1.5, 1.5]
		},
		"thirdperson_lefthand": {
			"rotation": [0, 90, 0],
			"translation": [-0.4, 4.086, -0.5],
			"scale": [1.5, 1.5, 1.5]
		},
		"firstperson_righthand": {
			"rotation": [-11, -76, 0],
			"translation": [2.6, 3.75, -0.758]
		},
		"firstperson_lefthand": {
			"rotation": [-11, 104, 0],
			"translation": [2.6, 3.75, -0.75]
		},
		"ground": {
			"translation": [0, 9, 0],
			"scale": [1.5, 1.5, 1.5]
		},
		"gui": {
			"rotation": [0, 0, -45],
			"translation": [-2.25, -1.5, 0]
		},
		"head": {
			"translation": [0, 20.5, 0],
			"scale": [1.5, 1.5, 1.5]
		},
		"fixed": {
			"rotation": [0, 180, -45],
			"translation": [2.5, -1.5, -2]
		}
	}
}