{
	"credit": "Made with Blockbench",
	"texture_size": [64, 64],
	"textures": {
		"0": "item/claws",
		"particle": "item/claws"
	},
	"elements": [
		{
			"from": [10.575, 5, 6.175],
			"to": [16.05, 5.15, 6.325],
			"rotation": {"angle": 0, "axis": "y", "origin": [9.875, 10.0625, 10.5]},
			"faces": {
				"north": {"uv": [9, 8, 10.375, 8.03125], "texture": "#0"},
				"east": {"uv": [8, 12, 8.03125, 12.03125], "texture": "#0"},
				"south": {"uv": [9, 8.25, 10.375, 8.28125], "texture": "#0"},
				"west": {"uv": [12, 8, 12.03125, 8.03125], "texture": "#0"},
				"up": {"uv": [10.375, 8.53125, 9, 8.5], "texture": "#0"},
				"down": {"uv": [10.375, 8.75, 9, 8.78125], "texture": "#0"}
			}
		},
		{
			"from": [10.575, 4.85, 6.175],
			"to": [16.15, 5, 6.325],
			"rotation": {"angle": 0, "axis": "y", "origin": [9.875, 10.0625, 10.5]},
			"faces": {
				"north": {"uv": [8.75, 0.75, 10.15625, 0.78125], "texture": "#0"},
				"east": {"uv": [8.25, 12, 8.28125, 12.03125], "texture": "#0"},
				"south": {"uv": [8.75, 1, 10.15625, 1.03125], "texture": "#0"},
				"west": {"uv": [12, 8.25, 12.03125, 8.28125], "texture": "#0"},
				"up": {"uv": [2.90625, 8.78125, 1.5, 8.75], "texture": "#0"},
				"down": {"uv": [4.40625, 8.75, 3, 8.78125], "texture": "#0"}
			}
		},
		{
			"from": [10.575, 4.7, 6.175],
			"to": [16.225, 4.85, 6.325],
			"rotation": {"angle": 0, "axis": "y", "origin": [9.875, 10.0625, 10.5]},
			"faces": {
				"north": {"uv": [4.5, 8.75, 5.90625, 8.78125], "texture": "#0"},
				"east": {"uv": [8.5, 12, 8.53125, 12.03125], "texture": "#0"},
				"south": {"uv": [8.75, 5.5, 10.15625, 5.53125], "texture": "#0"},
				"west": {"uv": [12, 8.5, 12.03125, 8.53125], "texture": "#0"},
				"up": {"uv": [10.15625, 5.78125, 8.75, 5.75], "texture": "#0"},
				"down": {"uv": [7.40625, 8.75, 6, 8.78125], "texture": "#0"}
			}
		},
		{
			"from": [10.575, 5.4, 6.175],
			"to": [15.7, 5.525, 6.325],
			"rotation": {"angle": 0, "axis": "y", "origin": [9.875, 10.0625, 10.5]},
			"faces": {
				"north": {"uv": [4.5, 9.75, 5.78125, 9.78125], "texture": "#0"},
				"east": {"uv": [8.75, 12, 8.78125, 12.03125], "texture": "#0"},
				"south": {"uv": [6, 9.75, 7.28125, 9.78125], "texture": "#0"},
				"west": {"uv": [12, 8.75, 12.03125, 8.78125], "texture": "#0"},
				"up": {"uv": [8.78125, 9.78125, 7.5, 9.75], "texture": "#0"},
				"down": {"uv": [11.03125, 7.75, 9.75, 7.78125], "texture": "#0"}
			}
		},
		{
			"from": [10.575, 5.275, 6.175],
			"to": [15.825, 5.4, 6.325],
			"rotation": {"angle": 0, "axis": "y", "origin": [9.875, 10.0625, 10.5]},
			"faces": {
				"north": {"uv": [9.5, 2, 10.8125, 2.03125], "texture": "#0"},
				"east": {"uv": [9, 12, 9.03125, 12.03125], "texture": "#0"},
				"south": {"uv": [9.5, 2.25, 10.8125, 2.28125], "texture": "#0"},
				"west": {"uv": [12, 9, 12.03125, 9.03125], "texture": "#0"},
				"up": {"uv": [10.8125, 2.53125, 9.5, 2.5], "texture": "#0"},
				"down": {"uv": [10.8125, 2.75, 9.5, 2.78125], "texture": "#0"}
			}
		},
		{
			"from": [10.575, 5.15, 6.175],
			"to": [15.95, 5.275, 6.325],
			"rotation": {"angle": 0, "axis": "y", "origin": [9.875, 10.0625, 10.5]},
			"faces": {
				"north": {"uv": [7.5, 9.25, 8.84375, 9.28125], "texture": "#0"},
				"east": {"uv": [9.25, 12, 9.28125, 12.03125], "texture": "#0"},
				"south": {"uv": [9, 9.25, 10.34375, 9.28125], "texture": "#0"},
				"west": {"uv": [12, 9.25, 12.03125, 9.28125], "texture": "#0"},
				"up": {"uv": [1.34375, 9.53125, 0, 9.5], "texture": "#0"},
				"down": {"uv": [10.84375, 0, 9.5, 0.03125], "texture": "#0"}
			}
		},
		{
			"from": [10.575, 5.525, 6.175],
			"to": [15.55, 5.65, 6.325],
			"rotation": {"angle": 0, "axis": "y", "origin": [9.875, 5.9375, 10.5]},
			"faces": {
				"north": {"uv": [4.5, 10, 5.75, 10.03125], "texture": "#0"},
				"east": {"uv": [9.5, 12, 9.53125, 12.03125], "texture": "#0"},
				"south": {"uv": [5.75, 10, 7, 10.03125], "texture": "#0"},
				"west": {"uv": [12, 9.5, 12.03125, 9.53125], "texture": "#0"},
				"up": {"uv": [8.25, 10.03125, 7, 10], "texture": "#0"},
				"down": {"uv": [9.5, 10, 8.25, 10.03125], "texture": "#0"}
			}
		},
		{
			"from": [10.575, 5.65, 6.175],
			"to": [15.35, 5.775, 6.325],
			"rotation": {"angle": 0, "axis": "y", "origin": [9.875, 5.9375, 10.5]},
			"faces": {
				"north": {"uv": [10.25, 6.25, 11.4375, 6.28125], "texture": "#0"},
				"east": {"uv": [9.75, 12, 9.78125, 12.03125], "texture": "#0"},
				"south": {"uv": [10.25, 6.5, 11.4375, 6.53125], "texture": "#0"},
				"west": {"uv": [12, 9.75, 12.03125, 9.78125], "texture": "#0"},
				"up": {"uv": [11.4375, 6.78125, 10.25, 6.75], "texture": "#0"},
				"down": {"uv": [11.4375, 7, 10.25, 7.03125], "texture": "#0"}
			}
		},
		{
			"from": [10.575, 5.775, 6.175],
			"to": [15.1, 5.925, 6.325],
			"rotation": {"angle": 0, "axis": "y", "origin": [9.875, 5.9375, 10.5]},
			"faces": {
				"north": {"uv": [10, 10.25, 11.125, 10.28125], "texture": "#0"},
				"east": {"uv": [10, 12, 10.03125, 12.03125], "texture": "#0"},
				"south": {"uv": [0, 10.5, 1.125, 10.53125], "texture": "#0"},
				"west": {"uv": [12, 10, 12.03125, 10.03125], "texture": "#0"},
				"up": {"uv": [11.625, 0.53125, 10.5, 0.5], "texture": "#0"},
				"down": {"uv": [2.375, 10.5, 1.25, 10.53125], "texture": "#0"}
			}
		},
		{
			"from": [11.575, 6.075, 6.175],
			"to": [13.925, 6.225, 6.325],
			"rotation": {"angle": 0, "axis": "y", "origin": [9.875, 5.9375, 10.5]},
			"faces": {
				"north": {"uv": [2.75, 10.75, 3.34375, 10.78125], "texture": "#0"},
				"east": {"uv": [10.25, 12, 10.28125, 12.03125], "texture": "#0"},
				"south": {"uv": [3.5, 10.75, 4.09375, 10.78125], "texture": "#0"},
				"west": {"uv": [12, 10.25, 12.03125, 10.28125], "texture": "#0"},
				"up": {"uv": [11.34375, 3.53125, 10.75, 3.5], "texture": "#0"},
				"down": {"uv": [11.34375, 3.75, 10.75, 3.78125], "texture": "#0"}
			}
		},
		{
			"from": [11.5, 6.225, 6.175],
			"to": [13.425, 6.375, 6.325],
			"rotation": {"angle": 0, "axis": "y", "origin": [9.875, 5.9375, 10.5]},
			"faces": {
				"north": {"uv": [11, 2.25, 11.46875, 2.28125], "texture": "#0"},
				"east": {"uv": [10.5, 12, 10.53125, 12.03125], "texture": "#0"},
				"south": {"uv": [11, 2.5, 11.46875, 2.53125], "texture": "#0"},
				"west": {"uv": [12, 10.5, 12.03125, 10.53125], "texture": "#0"},
				"up": {"uv": [3.21875, 11.03125, 2.75, 11], "texture": "#0"},
				"down": {"uv": [11.46875, 2.75, 11, 2.78125], "texture": "#0"}
			}
		},
		{
			"from": [11.425, 6.375, 6.175],
			"to": [12.575, 6.475, 6.325],
			"rotation": {"angle": 0, "axis": "y", "origin": [9.875, 5.9375, 10.5]},
			"faces": {
				"north": {"uv": [10.25, 11.25, 10.53125, 11.28125], "texture": "#0"},
				"east": {"uv": [10.75, 12, 10.78125, 12.03125], "texture": "#0"},
				"south": {"uv": [11.25, 10.25, 11.53125, 10.28125], "texture": "#0"},
				"west": {"uv": [12, 10.75, 12.03125, 10.78125], "texture": "#0"},
				"up": {"uv": [11.53125, 10.53125, 11.25, 10.5], "texture": "#0"},
				"down": {"uv": [11.03125, 11.25, 10.75, 11.28125], "texture": "#0"}
			}
		},
		{
			"from": [9.625, 6.225, 6.25],
			"to": [10.7, 6.35, 9.775],
			"rotation": {"angle": 0, "axis": "y", "origin": [9.875, 5.9375, 10.5]},
			"faces": {
				"north": {"uv": [11.25, 11, 11.53125, 11.03125], "texture": "#0"},
				"east": {"uv": [8.25, 10.5, 9.125, 10.53125], "texture": "#0"},
				"south": {"uv": [11.25, 11.25, 11.53125, 11.28125], "texture": "#0"},
				"west": {"uv": [10.5, 8.25, 11.375, 8.28125], "texture": "#0"},
				"up": {"uv": [0.28125, 1.875, 0, 1], "texture": "#0"},
				"down": {"uv": [0.5, 0, 0.78125, 0.9375], "texture": "#0"}
			}
		},
		{
			"from": [9.625, 2.6, 9.775],
			"to": [10.7, 6.35, 9.9],
			"rotation": {"angle": 0, "axis": "y", "origin": [9.875, 5.9375, 10.5]},
			"faces": {
				"north": {"uv": [0.5, 0, 0.78125, 0.9375], "texture": "#0"},
				"east": {"uv": [7.25, 10.5, 7.28125, 11.4375], "texture": "#0"},
				"south": {"uv": [0.5, 0, 0.78125, 0.9375], "texture": "#0"},
				"west": {"uv": [7.5, 10.5, 7.53125, 11.4375], "texture": "#0"},
				"up": {"uv": [11.78125, 2.03125, 11.5, 2], "texture": "#0"},
				"down": {"uv": [0.5, 0, 0.78125, 0.9375], "texture": "#0"}
			}
		},
		{
			"from": [11.5, 5.925, 6.175],
			"to": [14.75, 6.075, 6.325],
			"rotation": {"angle": 0, "axis": "y", "origin": [9.875, 5.9375, 10.5]},
			"faces": {
				"north": {"uv": [10.5, 9, 11.3125, 9.03125], "texture": "#0"},
				"east": {"uv": [11, 12, 11.03125, 12.03125], "texture": "#0"},
				"south": {"uv": [9.25, 10.5, 10.0625, 10.53125], "texture": "#0"},
				"west": {"uv": [12, 11, 12.03125, 11.03125], "texture": "#0"},
				"up": {"uv": [11.3125, 9.28125, 10.5, 9.25], "texture": "#0"},
				"down": {"uv": [11.3125, 9.5, 10.5, 9.53125], "texture": "#0"}
			}
		},
		{
			"from": [7.575, 4.475, 6.175],
			"to": [9.4, 4.775, 6.325],
			"rotation": {"angle": 0, "axis": "y", "origin": [9.875, 10.0625, 10.5]},
			"faces": {
				"north": {"uv": [6.25, 10.5, 6.71875, 10.5625], "texture": "#0"},
				"east": {"uv": [2.5, 12, 2.53125, 12.0625], "texture": "#0"},
				"south": {"uv": [6.75, 10.5, 7.21875, 10.5625], "texture": "#0"},
				"west": {"uv": [12, 2.5, 12.03125, 2.5625], "texture": "#0"},
				"up": {"uv": [11.46875, 3.03125, 11, 3], "texture": "#0"},
				"down": {"uv": [3.71875, 11, 3.25, 11.03125], "texture": "#0"}
			}
		},
		{
			"from": [8.525, 4.875, 6.175],
			"to": [9.4, 5, 6.325],
			"rotation": {"angle": 0, "axis": "y", "origin": [9.875, 10.0625, 10.5]},
			"faces": {
				"north": {"uv": [11.5, 6.25, 11.71875, 6.28125], "texture": "#0"},
				"east": {"uv": [12.75, 2.75, 12.78125, 2.78125], "texture": "#0"},
				"south": {"uv": [6.5, 11.5, 6.71875, 11.53125], "texture": "#0"},
				"west": {"uv": [3, 12.75, 3.03125, 12.78125], "texture": "#0"},
				"up": {"uv": [11.71875, 6.53125, 11.5, 6.5], "texture": "#0"},
				"down": {"uv": [6.96875, 11.5, 6.75, 11.53125], "texture": "#0"}
			}
		},
		{
			"from": [8.225, 4.775, 6.175],
			"to": [9.4, 4.875, 6.325],
			"rotation": {"angle": 0, "axis": "y", "origin": [9.875, 10.0625, 10.5]},
			"faces": {
				"north": {"uv": [2.5, 11.5, 2.78125, 11.53125], "texture": "#0"},
				"east": {"uv": [12.75, 3, 12.78125, 3.03125], "texture": "#0"},
				"south": {"uv": [11.5, 2.5, 11.78125, 2.53125], "texture": "#0"},
				"west": {"uv": [3.25, 12.75, 3.28125, 12.78125], "texture": "#0"},
				"up": {"uv": [11.78125, 2.78125, 11.5, 2.75], "texture": "#0"},
				"down": {"uv": [3.28125, 11.5, 3, 11.53125], "texture": "#0"}
			}
		},
		{
			"from": [1.675, 5.6625, 6.6625],
			"to": [9.925, 5.8125, 6.8375],
			"rotation": {"angle": 0, "axis": "y", "origin": [9.875, 10.0625, 5.5]},
			"faces": {
				"north": {"uv": [3.75, 0, 5.8125, 0.03125], "texture": "#0"},
				"east": {"uv": [4.25, 12.5, 4.28125, 12.53125], "texture": "#0"},
				"south": {"uv": [3.75, 0.25, 5.8125, 0.28125], "texture": "#0"},
				"west": {"uv": [12.5, 4.25, 12.53125, 4.28125], "texture": "#0"},
				"up": {"uv": [5.8125, 1.28125, 3.75, 1.25], "texture": "#0"},
				"down": {"uv": [5.8125, 1.5, 3.75, 1.53125], "texture": "#0"}
			}
		},
		{
			"from": [2.05, 5.6625, 6.4875],
			"to": [8.675, 5.8125, 6.6625],
			"rotation": {"angle": 0, "axis": "y", "origin": [9.875, 10.0625, 5.5]},
			"faces": {
				"north": {"uv": [1.75, 6, 3.40625, 6.03125], "texture": "#0"},
				"east": {"uv": [4.5, 12.5, 4.53125, 12.53125], "texture": "#0"},
				"south": {"uv": [6, 2, 7.65625, 2.03125], "texture": "#0"},
				"west": {"uv": [12.5, 4.5, 12.53125, 4.53125], "texture": "#0"},
				"up": {"uv": [7.65625, 2.28125, 6, 2.25], "texture": "#0"},
				"down": {"uv": [7.65625, 2.5, 6, 2.53125], "texture": "#0"}
			}
		},
		{
			"from": [2.525, 5.6625, 6.3125],
			"to": [8.675, 5.8125, 6.4875],
			"rotation": {"angle": 0, "axis": "y", "origin": [9.875, 10.0625, 5.5]},
			"faces": {
				"north": {"uv": [5.25, 7.5, 6.78125, 7.53125], "texture": "#0"},
				"east": {"uv": [4.75, 12.5, 4.78125, 12.53125], "texture": "#0"},
				"south": {"uv": [7, 7.5, 8.53125, 7.53125], "texture": "#0"},
				"west": {"uv": [12.5, 4.75, 12.53125, 4.78125], "texture": "#0"},
				"up": {"uv": [1.53125, 7.78125, 0, 7.75], "texture": "#0"},
				"down": {"uv": [9.28125, 0, 7.75, 0.03125], "texture": "#0"}
			}
		},
		{
			"from": [3.05, 5.6625, 6.1375],
			"to": [9.65, 5.8125, 6.3125],
			"rotation": {"angle": 0, "axis": "y", "origin": [9.875, 10.0625, 5.5]},
			"faces": {
				"north": {"uv": [6, 2.75, 7.65625, 2.78125], "texture": "#0"},
				"east": {"uv": [5, 12.5, 5.03125, 12.53125], "texture": "#0"},
				"south": {"uv": [6, 3, 7.65625, 3.03125], "texture": "#0"},
				"west": {"uv": [12.5, 5, 12.53125, 5.03125], "texture": "#0"},
				"up": {"uv": [7.65625, 3.28125, 6, 3.25], "texture": "#0"},
				"down": {"uv": [5.15625, 6, 3.5, 6.03125], "texture": "#0"}
			}
		},
		{
			"from": [3.575, 5.6625, 5.9625],
			"to": [9.85, 5.8125, 6.1375],
			"rotation": {"angle": 0, "axis": "y", "origin": [9.875, 10.0625, 5.5]},
			"faces": {
				"north": {"uv": [7.25, 0.5, 8.8125, 0.53125], "texture": "#0"},
				"east": {"uv": [5.25, 12.5, 5.28125, 12.53125], "texture": "#0"},
				"south": {"uv": [1.75, 7.25, 3.3125, 7.28125], "texture": "#0"},
				"west": {"uv": [12.5, 5.25, 12.53125, 5.28125], "texture": "#0"},
				"up": {"uv": [5.0625, 7.28125, 3.5, 7.25], "texture": "#0"},
				"down": {"uv": [6.8125, 7.25, 5.25, 7.28125], "texture": "#0"}
			}
		},
		{
			"from": [3.225, 5.5625, 6.3125],
			"to": [10.9, 5.9125, 6.4875],
			"rotation": {"angle": 0, "axis": "y", "origin": [9.875, 10.0625, 5.5]},
			"faces": {
				"north": {"uv": [1.5, 1, 3.40625, 1.09375], "texture": "#0"},
				"east": {"uv": [11.75, 10.75, 11.78125, 10.84375], "texture": "#0"},
				"south": {"uv": [1.5, 1.25, 3.40625, 1.34375], "texture": "#0"},
				"west": {"uv": [11, 11.75, 11.03125, 11.84375], "texture": "#0"},
				"up": {"uv": [1.90625, 4.28125, 0, 4.25], "texture": "#0"},
				"down": {"uv": [3.90625, 4.25, 2, 4.28125], "texture": "#0"}
			}
		},
		{
			"from": [2.75, 5.5625, 6.4875],
			"to": [10.325, 5.9125, 6.6625],
			"rotation": {"angle": 0, "axis": "y", "origin": [9.875, 10.0625, 5.5]},
			"faces": {
				"north": {"uv": [1.5, 1.5, 3.40625, 1.59375], "texture": "#0"},
				"east": {"uv": [11.75, 11, 11.78125, 11.09375], "texture": "#0"},
				"south": {"uv": [1.5, 1.75, 3.40625, 1.84375], "texture": "#0"},
				"west": {"uv": [11.25, 11.75, 11.28125, 11.84375], "texture": "#0"},
				"up": {"uv": [5.90625, 4.28125, 4, 4.25], "texture": "#0"},
				"down": {"uv": [6.15625, 4, 4.25, 4.03125], "texture": "#0"}
			}
		},
		{
			"from": [3.75, 5.5625, 6.1375],
			"to": [9.925, 5.9125, 6.3125],
			"rotation": {"angle": 0, "axis": "y", "origin": [9.875, 10.0625, 5.5]},
			"faces": {
				"north": {"uv": [0, 2.5, 1.53125, 2.59375], "texture": "#0"},
				"east": {"uv": [11.75, 11.25, 11.78125, 11.34375], "texture": "#0"},
				"south": {"uv": [1.75, 2.5, 3.28125, 2.59375], "texture": "#0"},
				"west": {"uv": [11.5, 11.75, 11.53125, 11.84375], "texture": "#0"},
				"up": {"uv": [9.28125, 0.28125, 7.75, 0.25], "texture": "#0"},
				"down": {"uv": [9.28125, 1.25, 7.75, 1.28125], "texture": "#0"}
			}
		},
		{
			"from": [9.125, 6.05, 6.175],
			"to": [9.4, 6.175, 6.325],
			"rotation": {"angle": 0, "axis": "y", "origin": [9.875, 10.0625, 10.5]},
			"faces": {
				"north": {"uv": [2.75, 12, 2.8125, 12.03125], "texture": "#0"},
				"east": {"uv": [11.25, 12, 11.28125, 12.03125], "texture": "#0"},
				"south": {"uv": [12, 2.75, 12.0625, 2.78125], "texture": "#0"},
				"west": {"uv": [12, 11.25, 12.03125, 11.28125], "texture": "#0"},
				"up": {"uv": [3.0625, 12.03125, 3, 12], "texture": "#0"},
				"down": {"uv": [12.0625, 3, 12, 3.03125], "texture": "#0"}
			}
		},
		{
			"from": [9.225, 6.175, 6.175],
			"to": [9.4, 6.375, 6.325],
			"rotation": {"angle": 0, "axis": "y", "origin": [9.875, 10.0625, 10.5]},
			"faces": {
				"north": {"uv": [3.25, 12, 3.3125, 12.03125], "texture": "#0"},
				"east": {"uv": [11.5, 12, 11.53125, 12.03125], "texture": "#0"},
				"south": {"uv": [12, 3.25, 12.0625, 3.28125], "texture": "#0"},
				"west": {"uv": [12, 11.5, 12.03125, 11.53125], "texture": "#0"},
				"up": {"uv": [3.5625, 12.03125, 3.5, 12], "texture": "#0"},
				"down": {"uv": [12.0625, 3.5, 12, 3.53125], "texture": "#0"}
			}
		},
		{
			"from": [8.75, 6.175, 6.625],
			"to": [9.325, 6.325, 6.775],
			"rotation": {"angle": 0, "axis": "y", "origin": [9.875, 10.0625, 10.5]},
			"faces": {
				"north": {"uv": [10, 11.5, 10.15625, 11.53125], "texture": "#0"},
				"east": {"uv": [10.75, 12.5, 10.78125, 12.53125], "texture": "#0"},
				"south": {"uv": [11.5, 10, 11.65625, 10.03125], "texture": "#0"},
				"west": {"uv": [12.5, 10.75, 12.53125, 10.78125], "texture": "#0"},
				"up": {"uv": [10.40625, 11.53125, 10.25, 11.5], "texture": "#0"},
				"down": {"uv": [10.65625, 11.5, 10.5, 11.53125], "texture": "#0"}
			}
		},
		{
			"from": [8.6, 6.175, 6.775],
			"to": [9.175, 6.325, 6.925],
			"rotation": {"angle": 0, "axis": "y", "origin": [9.875, 10.0625, 10.5]},
			"faces": {
				"north": {"uv": [9.5, 11.5, 9.65625, 11.53125], "texture": "#0"},
				"east": {"uv": [10.5, 12.5, 10.53125, 12.53125], "texture": "#0"},
				"south": {"uv": [11.5, 9.5, 11.65625, 9.53125], "texture": "#0"},
				"west": {"uv": [12.5, 10.5, 12.53125, 10.53125], "texture": "#0"},
				"up": {"uv": [9.90625, 11.53125, 9.75, 11.5], "texture": "#0"},
				"down": {"uv": [11.65625, 9.75, 11.5, 9.78125], "texture": "#0"}
			}
		},
		{
			"from": [9.05, 6.175, 6.325],
			"to": [9.625, 6.325, 6.475],
			"rotation": {"angle": 0, "axis": "y", "origin": [9.875, 10.0625, 10.5]},
			"faces": {
				"north": {"uv": [10, 11.5, 10.15625, 11.53125], "texture": "#0"},
				"east": {"uv": [10.75, 12.5, 10.78125, 12.53125], "texture": "#0"},
				"south": {"uv": [11.5, 10, 11.65625, 10.03125], "texture": "#0"},
				"west": {"uv": [12.5, 10.75, 12.53125, 10.78125], "texture": "#0"},
				"up": {"uv": [10.40625, 11.53125, 10.25, 11.5], "texture": "#0"},
				"down": {"uv": [10.65625, 11.5, 10.5, 11.53125], "texture": "#0"}
			}
		},
		{
			"from": [8.9, 6.175, 6.475],
			"to": [9.475, 6.325, 6.625],
			"rotation": {"angle": 0, "axis": "y", "origin": [9.875, 10.0625, 10.5]},
			"faces": {
				"north": {"uv": [9.5, 11.5, 9.65625, 11.53125], "texture": "#0"},
				"east": {"uv": [10.5, 12.5, 10.53125, 12.53125], "texture": "#0"},
				"south": {"uv": [11.5, 9.5, 11.65625, 9.53125], "texture": "#0"},
				"west": {"uv": [12.5, 10.5, 12.53125, 10.53125], "texture": "#0"},
				"up": {"uv": [9.90625, 11.53125, 9.75, 11.5], "texture": "#0"},
				"down": {"uv": [11.65625, 9.75, 11.5, 9.78125], "texture": "#0"}
			}
		},
		{
			"from": [8.475, 6.175, 6.925],
			"to": [9.05, 6.325, 7.075],
			"rotation": {"angle": 0, "axis": "y", "origin": [9.875, 10.0625, 10.5]},
			"faces": {
				"north": {"uv": [9, 11.5, 9.15625, 11.53125], "texture": "#0"},
				"east": {"uv": [10.25, 12.5, 10.28125, 12.53125], "texture": "#0"},
				"south": {"uv": [11.5, 9, 11.65625, 9.03125], "texture": "#0"},
				"west": {"uv": [12.5, 10.25, 12.53125, 10.28125], "texture": "#0"},
				"up": {"uv": [9.40625, 11.53125, 9.25, 11.5], "texture": "#0"},
				"down": {"uv": [11.65625, 9.25, 11.5, 9.28125], "texture": "#0"}
			}
		},
		{
			"from": [8.35, 6.175, 7.075],
			"to": [8.925, 6.325, 7.225],
			"rotation": {"angle": 0, "axis": "y", "origin": [9.875, 10.0625, 10.5]},
			"faces": {
				"north": {"uv": [11.5, 11.5, 11.65625, 11.53125], "texture": "#0"},
				"east": {"uv": [11.25, 12.5, 11.28125, 12.53125], "texture": "#0"},
				"south": {"uv": [0, 11.75, 0.15625, 11.78125], "texture": "#0"},
				"west": {"uv": [12.5, 11.25, 12.53125, 11.28125], "texture": "#0"},
				"up": {"uv": [11.90625, 0.03125, 11.75, 0], "texture": "#0"},
				"down": {"uv": [0.40625, 11.75, 0.25, 11.78125], "texture": "#0"}
			}
		},
		{
			"from": [8.2, 6.175, 7.225],
			"to": [8.775, 6.325, 7.375],
			"rotation": {"angle": 0, "axis": "y", "origin": [9.875, 10.0625, 10.5]},
			"faces": {
				"north": {"uv": [10.75, 11.5, 10.90625, 11.53125], "texture": "#0"},
				"east": {"uv": [11, 12.5, 11.03125, 12.53125], "texture": "#0"},
				"south": {"uv": [11.5, 10.75, 11.65625, 10.78125], "texture": "#0"},
				"west": {"uv": [12.5, 11, 12.53125, 11.03125], "texture": "#0"},
				"up": {"uv": [11.15625, 11.53125, 11, 11.5], "texture": "#0"},
				"down": {"uv": [11.40625, 11.5, 11.25, 11.53125], "texture": "#0"}
			}
		},
		{
			"from": [8.5, 6.175, 7.375],
			"to": [8.65, 6.325, 7.525],
			"rotation": {"angle": 0, "axis": "y", "origin": [9.875, 10.0625, 10.5]},
			"faces": {
				"north": {"uv": [12.75, 0.5, 12.78125, 0.53125], "texture": "#0"},
				"east": {"uv": [0.75, 12.75, 0.78125, 12.78125], "texture": "#0"},
				"south": {"uv": [12.75, 0.75, 12.78125, 0.78125], "texture": "#0"},
				"west": {"uv": [1, 12.75, 1.03125, 12.78125], "texture": "#0"},
				"up": {"uv": [12.78125, 1.03125, 12.75, 1], "texture": "#0"},
				"down": {"uv": [1.28125, 12.75, 1.25, 12.78125], "texture": "#0"}
			}
		},
		{
			"from": [8.075, 2.675, 7.375],
			"to": [8.65, 2.825, 7.525],
			"rotation": {"angle": 0, "axis": "y", "origin": [9.875, 10.0625, 10.5]},
			"faces": {
				"north": {"uv": [11.75, 5.25, 11.90625, 5.28125], "texture": "#0"},
				"east": {"uv": [12.75, 1.25, 12.78125, 1.28125], "texture": "#0"},
				"south": {"uv": [5.5, 11.75, 5.65625, 11.78125], "texture": "#0"},
				"west": {"uv": [1.5, 12.75, 1.53125, 12.78125], "texture": "#0"},
				"up": {"uv": [11.90625, 5.53125, 11.75, 5.5], "texture": "#0"},
				"down": {"uv": [11.90625, 0.03125, 11.75, 0], "texture": "#0"}
			}
		},
		{
			"from": [9, 2.675, 6.325],
			"to": [9.575, 2.825, 6.475],
			"rotation": {"angle": 0, "axis": "y", "origin": [9.875, 10.0625, 10.5]},
			"faces": {
				"north": {"uv": [11.75, 4.75, 11.90625, 4.78125], "texture": "#0"},
				"east": {"uv": [12.75, 0.25, 12.78125, 0.28125], "texture": "#0"},
				"south": {"uv": [5, 11.75, 5.15625, 11.78125], "texture": "#0"},
				"west": {"uv": [0.5, 12.75, 0.53125, 12.78125], "texture": "#0"},
				"up": {"uv": [11.90625, 5.03125, 11.75, 5], "texture": "#0"},
				"down": {"uv": [11.90625, 0.03125, 11.75, 0], "texture": "#0"}
			}
		},
		{
			"from": [8.875, 2.675, 6.475],
			"to": [9.45, 2.825, 6.625],
			"rotation": {"angle": 0, "axis": "y", "origin": [9.875, 10.0625, 10.5]},
			"faces": {
				"north": {"uv": [11.75, 4.25, 11.90625, 4.28125], "texture": "#0"},
				"east": {"uv": [12.75, 0, 12.78125, 0.03125], "texture": "#0"},
				"south": {"uv": [4.5, 11.75, 4.65625, 11.78125], "texture": "#0"},
				"west": {"uv": [0.25, 12.75, 0.28125, 12.78125], "texture": "#0"},
				"up": {"uv": [11.90625, 4.53125, 11.75, 4.5], "texture": "#0"},
				"down": {"uv": [11.90625, 0.03125, 11.75, 0], "texture": "#0"}
			}
		},
		{
			"from": [8.75, 2.675, 6.625],
			"to": [9.325, 2.825, 6.775],
			"rotation": {"angle": 0, "axis": "y", "origin": [9.875, 10.0625, 10.5]},
			"faces": {
				"north": {"uv": [11.75, 3.75, 11.90625, 3.78125], "texture": "#0"},
				"east": {"uv": [12.5, 12.5, 12.53125, 12.53125], "texture": "#0"},
				"south": {"uv": [4, 11.75, 4.15625, 11.78125], "texture": "#0"},
				"west": {"uv": [0, 12.75, 0.03125, 12.78125], "texture": "#0"},
				"up": {"uv": [11.90625, 4.03125, 11.75, 4], "texture": "#0"},
				"down": {"uv": [11.90625, 0.03125, 11.75, 0], "texture": "#0"}
			}
		},
		{
			"from": [8.6, 2.675, 6.775],
			"to": [9.175, 2.825, 6.925],
			"rotation": {"angle": 0, "axis": "y", "origin": [9.875, 10.0625, 10.5]},
			"faces": {
				"north": {"uv": [3, 11.75, 3.15625, 11.78125], "texture": "#0"},
				"east": {"uv": [12.25, 12.5, 12.28125, 12.53125], "texture": "#0"},
				"south": {"uv": [3.25, 11.75, 3.40625, 11.78125], "texture": "#0"},
				"west": {"uv": [12.5, 12.25, 12.53125, 12.28125], "texture": "#0"},
				"up": {"uv": [3.65625, 11.78125, 3.5, 11.75], "texture": "#0"},
				"down": {"uv": [11.90625, 0.03125, 11.75, 0], "texture": "#0"}
			}
		},
		{
			"from": [8.475, 2.675, 6.925],
			"to": [9.05, 2.825, 7.075],
			"rotation": {"angle": 0, "axis": "y", "origin": [9.875, 10.0625, 10.5]},
			"faces": {
				"north": {"uv": [2, 11.75, 2.15625, 11.78125], "texture": "#0"},
				"east": {"uv": [12, 12.5, 12.03125, 12.53125], "texture": "#0"},
				"south": {"uv": [2.25, 11.75, 2.40625, 11.78125], "texture": "#0"},
				"west": {"uv": [12.5, 12, 12.53125, 12.03125], "texture": "#0"},
				"up": {"uv": [2.65625, 11.78125, 2.5, 11.75], "texture": "#0"},
				"down": {"uv": [11.90625, 0.03125, 11.75, 0], "texture": "#0"}
			}
		},
		{
			"from": [8.35, 2.675, 7.075],
			"to": [8.925, 2.825, 7.225],
			"rotation": {"angle": 0, "axis": "y", "origin": [9.875, 10.0625, 10.5]},
			"faces": {
				"north": {"uv": [1, 11.75, 1.15625, 11.78125], "texture": "#0"},
				"east": {"uv": [11.75, 12.5, 11.78125, 12.53125], "texture": "#0"},
				"south": {"uv": [1.25, 11.75, 1.40625, 11.78125], "texture": "#0"},
				"west": {"uv": [12.5, 11.75, 12.53125, 11.78125], "texture": "#0"},
				"up": {"uv": [1.65625, 11.78125, 1.5, 11.75], "texture": "#0"},
				"down": {"uv": [11.90625, 0.03125, 11.75, 0], "texture": "#0"}
			}
		},
		{
			"from": [8.2, 2.675, 7.225],
			"to": [8.775, 2.825, 7.375],
			"rotation": {"angle": 0, "axis": "y", "origin": [9.875, 10.0625, 10.5]},
			"faces": {
				"north": {"uv": [11.75, 0.25, 11.90625, 0.28125], "texture": "#0"},
				"east": {"uv": [11.5, 12.5, 11.53125, 12.53125], "texture": "#0"},
				"south": {"uv": [0.5, 11.75, 0.65625, 11.78125], "texture": "#0"},
				"west": {"uv": [12.5, 11.5, 12.53125, 11.53125], "texture": "#0"},
				"up": {"uv": [11.90625, 0.53125, 11.75, 0.5], "texture": "#0"},
				"down": {"uv": [11.90625, 0.03125, 11.75, 0], "texture": "#0"}
			}
		},
		{
			"from": [9.125, 5.925, 6.175],
			"to": [9.4, 6.05, 6.325],
			"rotation": {"angle": 0, "axis": "y", "origin": [9.875, 10.0625, 10.5]},
			"faces": {
				"north": {"uv": [3.75, 12, 3.8125, 12.03125], "texture": "#0"},
				"east": {"uv": [11.75, 12, 11.78125, 12.03125], "texture": "#0"},
				"south": {"uv": [12, 3.75, 12.0625, 3.78125], "texture": "#0"},
				"west": {"uv": [12, 11.75, 12.03125, 11.78125], "texture": "#0"},
				"up": {"uv": [4.0625, 12.03125, 4, 12], "texture": "#0"},
				"down": {"uv": [12.0625, 4, 12, 4.03125], "texture": "#0"}
			}
		},
		{
			"from": [9.225, 5.8, 6.175],
			"to": [9.4, 5.925, 6.325],
			"rotation": {"angle": 0, "axis": "y", "origin": [9.875, 10.0625, 10.5]},
			"faces": {
				"north": {"uv": [12, 12, 12.03125, 12.03125], "texture": "#0"},
				"east": {"uv": [0, 12.25, 0.03125, 12.28125], "texture": "#0"},
				"south": {"uv": [12.25, 0, 12.28125, 0.03125], "texture": "#0"},
				"west": {"uv": [0.25, 12.25, 0.28125, 12.28125], "texture": "#0"},
				"up": {"uv": [12.28125, 0.28125, 12.25, 0.25], "texture": "#0"},
				"down": {"uv": [0.53125, 12.25, 0.5, 12.28125], "texture": "#0"}
			}
		},
		{
			"from": [10.575, 6.05, 6.175],
			"to": [10.9, 6.175, 6.325],
			"rotation": {"angle": 0, "axis": "y", "origin": [9.875, 10.0625, 10.5]},
			"faces": {
				"north": {"uv": [11.75, 8.75, 11.84375, 8.78125], "texture": "#0"},
				"east": {"uv": [12.25, 0.5, 12.28125, 0.53125], "texture": "#0"},
				"south": {"uv": [9, 11.75, 9.09375, 11.78125], "texture": "#0"},
				"west": {"uv": [0.75, 12.25, 0.78125, 12.28125], "texture": "#0"},
				"up": {"uv": [11.84375, 9.03125, 11.75, 9], "texture": "#0"},
				"down": {"uv": [9.34375, 11.75, 9.25, 11.78125], "texture": "#0"}
			}
		},
		{
			"from": [10.575, 6.175, 6.175],
			"to": [10.75, 6.375, 6.325],
			"rotation": {"angle": 0, "axis": "y", "origin": [9.875, 10.0625, 10.5]},
			"faces": {
				"north": {"uv": [12.25, 0.75, 12.28125, 0.78125], "texture": "#0"},
				"east": {"uv": [1, 12.25, 1.03125, 12.28125], "texture": "#0"},
				"south": {"uv": [12.25, 1, 12.28125, 1.03125], "texture": "#0"},
				"west": {"uv": [1.25, 12.25, 1.28125, 12.28125], "texture": "#0"},
				"up": {"uv": [12.28125, 1.28125, 12.25, 1.25], "texture": "#0"},
				"down": {"uv": [1.53125, 12.25, 1.5, 12.28125], "texture": "#0"}
			}
		},
		{
			"from": [10.575, 5.925, 6.175],
			"to": [11.125, 6.05, 6.325],
			"rotation": {"angle": 0, "axis": "y", "origin": [9.875, 10.0625, 10.5]},
			"faces": {
				"north": {"uv": [11.75, 7.25, 11.875, 7.28125], "texture": "#0"},
				"east": {"uv": [12.25, 1.5, 12.28125, 1.53125], "texture": "#0"},
				"south": {"uv": [7.5, 11.75, 7.625, 11.78125], "texture": "#0"},
				"west": {"uv": [1.75, 12.25, 1.78125, 12.28125], "texture": "#0"},
				"up": {"uv": [11.875, 7.53125, 11.75, 7.5], "texture": "#0"},
				"down": {"uv": [7.875, 11.75, 7.75, 11.78125], "texture": "#0"}
			}
		},
		{
			"from": [9.325, 5.675, 6.175],
			"to": [9.4, 5.8, 6.325],
			"rotation": {"angle": 0, "axis": "y", "origin": [9.875, 10.0625, 10.5]},
			"faces": {
				"north": {"uv": [12.25, 1.75, 12.28125, 1.78125], "texture": "#0"},
				"east": {"uv": [2, 12.25, 2.03125, 12.28125], "texture": "#0"},
				"south": {"uv": [12.25, 2, 12.28125, 2.03125], "texture": "#0"},
				"west": {"uv": [2.25, 12.25, 2.28125, 12.28125], "texture": "#0"},
				"up": {"uv": [12.28125, 2.28125, 12.25, 2.25], "texture": "#0"},
				"down": {"uv": [2.53125, 12.25, 2.5, 12.28125], "texture": "#0"}
			}
		},
		{
			"from": [9.075, 5.125, 6.175],
			"to": [9.4, 5.25, 6.325],
			"rotation": {"angle": 0, "axis": "y", "origin": [9.875, 10.0625, 10.5]},
			"faces": {
				"north": {"uv": [11.75, 9.25, 11.84375, 9.28125], "texture": "#0"},
				"east": {"uv": [12.25, 2.5, 12.28125, 2.53125], "texture": "#0"},
				"south": {"uv": [9.5, 11.75, 9.59375, 11.78125], "texture": "#0"},
				"west": {"uv": [2.75, 12.25, 2.78125, 12.28125], "texture": "#0"},
				"up": {"uv": [11.84375, 9.53125, 11.75, 9.5], "texture": "#0"},
				"down": {"uv": [9.84375, 11.75, 9.75, 11.78125], "texture": "#0"}
			}
		},
		{
			"from": [8.825, 5, 6.175],
			"to": [9.4, 5.125, 6.325],
			"rotation": {"angle": 0, "axis": "y", "origin": [9.875, 10.0625, 10.5]},
			"faces": {
				"north": {"uv": [8.5, 11.5, 8.65625, 11.53125], "texture": "#0"},
				"east": {"uv": [12.25, 2.75, 12.28125, 2.78125], "texture": "#0"},
				"south": {"uv": [11.5, 8.5, 11.65625, 8.53125], "texture": "#0"},
				"west": {"uv": [3, 12.25, 3.03125, 12.28125], "texture": "#0"},
				"up": {"uv": [8.90625, 11.53125, 8.75, 11.5], "texture": "#0"},
				"down": {"uv": [11.65625, 8.75, 11.5, 8.78125], "texture": "#0"}
			}
		},
		{
			"from": [7.575, 4.175, 6.175],
			"to": [9.4, 4.475, 6.325],
			"rotation": {"angle": 0, "axis": "y", "origin": [9.875, 10.0625, 10.5]},
			"faces": {
				"north": {"uv": [7.75, 10.5, 8.21875, 10.5625], "texture": "#0"},
				"east": {"uv": [6.5, 12, 6.53125, 12.0625], "texture": "#0"},
				"south": {"uv": [10.5, 8, 10.96875, 8.0625], "texture": "#0"},
				"west": {"uv": [12, 6.5, 12.03125, 6.5625], "texture": "#0"},
				"up": {"uv": [11.46875, 4.28125, 11, 4.25], "texture": "#0"},
				"down": {"uv": [6.21875, 11, 5.75, 11.03125], "texture": "#0"}
			}
		},
		{
			"from": [8.225, 4.075, 6.175],
			"to": [9.4, 4.175, 6.325],
			"rotation": {"angle": 0, "axis": "y", "origin": [9.875, 10.0625, 10.5]},
			"faces": {
				"north": {"uv": [11.5, 3, 11.78125, 3.03125], "texture": "#0"},
				"east": {"uv": [12.75, 3.75, 12.78125, 3.78125], "texture": "#0"},
				"south": {"uv": [11.5, 3.25, 11.78125, 3.28125], "texture": "#0"},
				"west": {"uv": [4, 12.75, 4.03125, 12.78125], "texture": "#0"},
				"up": {"uv": [3.78125, 11.53125, 3.5, 11.5], "texture": "#0"},
				"down": {"uv": [11.78125, 3.5, 11.5, 3.53125], "texture": "#0"}
			}
		},
		{
			"from": [8.525, 3.95, 6.175],
			"to": [9.4, 4.075, 6.325],
			"rotation": {"angle": 0, "axis": "y", "origin": [9.875, 10.0625, 10.5]},
			"faces": {
				"north": {"uv": [11.5, 6.75, 11.71875, 6.78125], "texture": "#0"},
				"east": {"uv": [12.75, 3.5, 12.78125, 3.53125], "texture": "#0"},
				"south": {"uv": [7, 11.5, 7.21875, 11.53125], "texture": "#0"},
				"west": {"uv": [3.75, 12.75, 3.78125, 12.78125], "texture": "#0"},
				"up": {"uv": [11.71875, 7.03125, 11.5, 7], "texture": "#0"},
				"down": {"uv": [7.46875, 11.5, 7.25, 11.53125], "texture": "#0"}
			}
		},
		{
			"from": [8.825, 3.825, 6.175],
			"to": [9.4, 3.95, 6.325],
			"rotation": {"angle": 0, "axis": "y", "origin": [9.875, 10.0625, 10.5]},
			"faces": {
				"north": {"uv": [11.75, 5.75, 11.90625, 5.78125], "texture": "#0"},
				"east": {"uv": [12.75, 3.25, 12.78125, 3.28125], "texture": "#0"},
				"south": {"uv": [6, 11.75, 6.15625, 11.78125], "texture": "#0"},
				"west": {"uv": [3.5, 12.75, 3.53125, 12.78125], "texture": "#0"},
				"up": {"uv": [11.90625, 6.03125, 11.75, 6], "texture": "#0"},
				"down": {"uv": [6.40625, 11.75, 6.25, 11.78125], "texture": "#0"}
			}
		},
		{
			"from": [1.675, 4.3875, 6.4125],
			"to": [9.65, 4.5375, 6.5875],
			"rotation": {"angle": 0, "axis": "y", "origin": [9.875, 10.0625, 5.5]},
			"faces": {
				"north": {"uv": [0, 3.75, 2, 3.78125], "texture": "#0"},
				"east": {"uv": [6.75, 12.5, 6.78125, 12.53125], "texture": "#0"},
				"south": {"uv": [4, 2, 6, 2.03125], "texture": "#0"},
				"west": {"uv": [12.5, 6.75, 12.53125, 6.78125], "texture": "#0"},
				"up": {"uv": [4.25, 4.03125, 2.25, 4], "texture": "#0"},
				"down": {"uv": [6, 2.25, 4, 2.28125], "texture": "#0"}
			}
		},
		{
			"from": [2.05, 4.3875, 6.2375],
			"to": [8.675, 4.5375, 6.4125],
			"rotation": {"angle": 0, "axis": "y", "origin": [9.875, 10.0625, 5.5]},
			"faces": {
				"north": {"uv": [6.25, 4, 7.90625, 4.03125], "texture": "#0"},
				"east": {"uv": [6.5, 12.5, 6.53125, 12.53125], "texture": "#0"},
				"south": {"uv": [5.25, 6.25, 6.90625, 6.28125], "texture": "#0"},
				"west": {"uv": [12.5, 6.5, 12.53125, 6.53125], "texture": "#0"},
				"up": {"uv": [1.65625, 6.53125, 0, 6.5], "texture": "#0"},
				"down": {"uv": [3.40625, 6.5, 1.75, 6.53125], "texture": "#0"}
			}
		},
		{
			"from": [2.525, 4.3875, 6.0625],
			"to": [8.675, 4.5375, 6.2375],
			"rotation": {"angle": 0, "axis": "y", "origin": [9.875, 10.0625, 5.5]},
			"faces": {
				"north": {"uv": [7.75, 1.5, 9.28125, 1.53125], "texture": "#0"},
				"east": {"uv": [6.25, 12.5, 6.28125, 12.53125], "texture": "#0"},
				"south": {"uv": [1.75, 7.75, 3.28125, 7.78125], "texture": "#0"},
				"west": {"uv": [12.5, 6.25, 12.53125, 6.28125], "texture": "#0"},
				"up": {"uv": [9.28125, 2.03125, 7.75, 2], "texture": "#0"},
				"down": {"uv": [9.28125, 2.25, 7.75, 2.28125], "texture": "#0"}
			}
		},
		{
			"from": [3.05, 4.3875, 5.8875],
			"to": [9.65, 4.5375, 6.0625],
			"rotation": {"angle": 0, "axis": "y", "origin": [9.875, 10.0625, 5.5]},
			"faces": {
				"north": {"uv": [5.25, 6, 6.90625, 6.03125], "texture": "#0"},
				"east": {"uv": [6, 12.5, 6.03125, 12.53125], "texture": "#0"},
				"south": {"uv": [0, 6.25, 1.65625, 6.28125], "texture": "#0"},
				"west": {"uv": [12.5, 6, 12.53125, 6.03125], "texture": "#0"},
				"up": {"uv": [3.40625, 6.28125, 1.75, 6.25], "texture": "#0"},
				"down": {"uv": [5.15625, 6.25, 3.5, 6.28125], "texture": "#0"}
			}
		},
		{
			"from": [3.575, 4.3875, 5.7125],
			"to": [9.85, 4.5375, 5.8875],
			"rotation": {"angle": 0, "axis": "y", "origin": [9.875, 10.0625, 5.5]},
			"faces": {
				"north": {"uv": [7.25, 5.25, 8.8125, 5.28125], "texture": "#0"},
				"east": {"uv": [5.75, 12.5, 5.78125, 12.53125], "texture": "#0"},
				"south": {"uv": [7, 7.25, 8.5625, 7.28125], "texture": "#0"},
				"west": {"uv": [12.5, 5.75, 12.53125, 5.78125], "texture": "#0"},
				"up": {"uv": [1.5625, 7.53125, 0, 7.5], "texture": "#0"},
				"down": {"uv": [3.3125, 7.5, 1.75, 7.53125], "texture": "#0"}
			}
		},
		{
			"from": [3.225, 4.2875, 6.0625],
			"to": [11.9, 4.6375, 6.2375],
			"rotation": {"angle": 0, "axis": "y", "origin": [9.875, 10.0625, 5.5]},
			"faces": {
				"north": {"uv": [1.5, 0, 3.65625, 0.09375], "texture": "#0"},
				"east": {"uv": [0, 12, 0.03125, 12.09375], "texture": "#0"},
				"south": {"uv": [1.5, 0.25, 3.65625, 0.34375], "texture": "#0"},
				"west": {"uv": [12, 0, 12.03125, 0.09375], "texture": "#0"},
				"up": {"uv": [5.65625, 1.78125, 3.5, 1.75], "texture": "#0"},
				"down": {"uv": [5.65625, 3.5, 3.5, 3.53125], "texture": "#0"}
			}
		},
		{
			"from": [2.75, 4.2875, 6.2375],
			"to": [10.65, 4.6375, 6.4125],
			"rotation": {"angle": 0, "axis": "y", "origin": [9.875, 10.0625, 5.5]},
			"faces": {
				"north": {"uv": [1.5, 0.5, 3.46875, 0.59375], "texture": "#0"},
				"east": {"uv": [11.75, 11.5, 11.78125, 11.59375], "texture": "#0"},
				"south": {"uv": [1.5, 0.75, 3.46875, 0.84375], "texture": "#0"},
				"west": {"uv": [11.75, 11.75, 11.78125, 11.84375], "texture": "#0"},
				"up": {"uv": [5.96875, 3.03125, 4, 3], "texture": "#0"},
				"down": {"uv": [5.96875, 3.25, 4, 3.28125], "texture": "#0"}
			}
		},
		{
			"from": [3.75, 4.5125, 5.8875],
			"to": [10.4, 4.6375, 6.0625],
			"rotation": {"angle": 0, "axis": "y", "origin": [9.875, 10.0625, 5.5]},
			"faces": {
				"north": {"uv": [6, 4.25, 7.65625, 4.28125], "texture": "#0"},
				"east": {"uv": [5.5, 12.5, 5.53125, 12.53125], "texture": "#0"},
				"south": {"uv": [6, 4.5, 7.65625, 4.53125], "texture": "#0"},
				"west": {"uv": [12.5, 5.5, 12.53125, 5.53125], "texture": "#0"},
				"up": {"uv": [7.65625, 4.78125, 6, 4.75], "texture": "#0"},
				"down": {"uv": [7.65625, 5, 6, 5.03125], "texture": "#0"}
			}
		},
		{
			"from": [3.75, 4.2875, 5.8875],
			"to": [10.4, 4.4125, 6.0625],
			"rotation": {"angle": 0, "axis": "y", "origin": [9.875, 10.0625, 5.5]},
			"faces": {
				"north": {"uv": [7, 1, 8.65625, 1.03125], "texture": "#0"},
				"east": {"uv": [12.75, 6, 12.78125, 6.03125], "texture": "#0"},
				"south": {"uv": [1.75, 7, 3.40625, 7.03125], "texture": "#0"},
				"west": {"uv": [6.25, 12.75, 6.28125, 12.78125], "texture": "#0"},
				"up": {"uv": [5.15625, 7.03125, 3.5, 7], "texture": "#0"},
				"down": {"uv": [6.90625, 7, 5.25, 7.03125], "texture": "#0"}
			}
		},
		{
			"from": [3.75, 4.4125, 5.8875],
			"to": [10.725, 4.5125, 6.0625],
			"rotation": {"angle": 0, "axis": "y", "origin": [9.875, 10.0625, 5.5]},
			"faces": {
				"north": {"uv": [0, 5.75, 1.75, 5.78125], "texture": "#0"},
				"east": {"uv": [12.75, 6.25, 12.78125, 6.28125], "texture": "#0"},
				"south": {"uv": [1.75, 5.75, 3.5, 5.78125], "texture": "#0"},
				"west": {"uv": [6.5, 12.75, 6.53125, 12.78125], "texture": "#0"},
				"up": {"uv": [7.5, 1.78125, 5.75, 1.75], "texture": "#0"},
				"down": {"uv": [5.25, 5.75, 3.5, 5.78125], "texture": "#0"}
			}
		},
		{
			"from": [7.85, 4.5, 7.325],
			"to": [8.5, 6.5, 7.975],
			"rotation": {"angle": 0, "axis": "y", "origin": [9.875, 10.0625, 10.5]},
			"faces": {
				"north": {"uv": [2.65625, 3.5, 2.5, 4], "texture": "#0"},
				"east": {"uv": [2.5, 3.5, 2.65625, 4], "texture": "#0"},
				"south": {"uv": [2.65625, 3.5, 2.5, 4], "texture": "#0"},
				"west": {"uv": [2.5, 3.5, 2.65625, 4], "texture": "#0"},
				"up": {"uv": [10.90625, 1.90625, 10.75, 1.75], "texture": "#0"},
				"down": {"uv": [2.15625, 10.75, 2, 10.90625], "texture": "#0"}
			}
		},
		{
			"from": [9.4, 4.475, 6.175],
			"to": [10.575, 6.375, 6.325],
			"rotation": {"angle": 0, "axis": "y", "origin": [9.875, 10.0625, 10.5]},
			"faces": {
				"north": {"uv": [1, 3, 1.28125, 3.46875], "texture": "#0"},
				"east": {"uv": [5.25, 11, 5.28125, 11.46875], "texture": "#0"},
				"south": {"uv": [1.5, 3, 1.78125, 3.46875], "texture": "#0"},
				"west": {"uv": [5.5, 11, 5.53125, 11.46875], "texture": "#0"},
				"up": {"uv": [11.78125, 1.78125, 11.5, 1.75], "texture": "#0"},
				"down": {"uv": [2.28125, 11.5, 2, 11.53125], "texture": "#0"}
			}
		},
		{
			"from": [9.325, 5, 6],
			"to": [15.625, 5.15, 6.15],
			"rotation": {"angle": 0, "axis": "y", "origin": [9.875, 10.0625, 10.5]},
			"faces": {
				"north": {"uv": [7, 5.5, 8.5625, 5.53125], "texture": "#0"},
				"east": {"uv": [12.25, 3, 12.28125, 3.03125], "texture": "#0"},
				"south": {"uv": [7, 5.75, 8.5625, 5.78125], "texture": "#0"},
				"west": {"uv": [3.25, 12.25, 3.28125, 12.28125], "texture": "#0"},
				"up": {"uv": [8.5625, 6.03125, 7, 6], "texture": "#0"},
				"down": {"uv": [8.5625, 6.25, 7, 6.28125], "texture": "#0"}
			}
		},
		{
			"from": [9.125, 4.85, 6],
			"to": [15.775, 5, 6.15],
			"rotation": {"angle": 0, "axis": "y", "origin": [9.875, 10.0625, 10.5]},
			"faces": {
				"north": {"uv": [5.75, 3.5, 7.40625, 3.53125], "texture": "#0"},
				"east": {"uv": [12.25, 3.25, 12.28125, 3.28125], "texture": "#0"},
				"south": {"uv": [5.75, 3.75, 7.40625, 3.78125], "texture": "#0"},
				"west": {"uv": [3.5, 12.25, 3.53125, 12.28125], "texture": "#0"},
				"up": {"uv": [6.90625, 5.78125, 5.25, 5.75], "texture": "#0"},
				"down": {"uv": [1.65625, 6, 0, 6.03125], "texture": "#0"}
			}
		},
		{
			"from": [9.475, 5.4, 6],
			"to": [15.15, 5.525, 6.15],
			"rotation": {"angle": 0, "axis": "y", "origin": [9.875, 10.0625, 10.5]},
			"faces": {
				"north": {"uv": [8.75, 6, 10.15625, 6.03125], "texture": "#0"},
				"east": {"uv": [12.25, 3.5, 12.28125, 3.53125], "texture": "#0"},
				"south": {"uv": [8.75, 6.25, 10.15625, 6.28125], "texture": "#0"},
				"west": {"uv": [3.75, 12.25, 3.78125, 12.28125], "texture": "#0"},
				"up": {"uv": [10.15625, 6.53125, 8.75, 6.5], "texture": "#0"},
				"down": {"uv": [10.15625, 6.75, 8.75, 6.78125], "texture": "#0"}
			}
		},
		{
			"from": [9.525, 5.275, 6],
			"to": [15.3, 5.4, 6.15],
			"rotation": {"angle": 0, "axis": "y", "origin": [9.875, 10.0625, 10.5]},
			"faces": {
				"north": {"uv": [6, 8, 7.4375, 8.03125], "texture": "#0"},
				"east": {"uv": [12.25, 3.75, 12.28125, 3.78125], "texture": "#0"},
				"south": {"uv": [7.5, 8, 8.9375, 8.03125], "texture": "#0"},
				"west": {"uv": [4, 12.25, 4.03125, 12.28125], "texture": "#0"},
				"up": {"uv": [1.4375, 8.28125, 0, 8.25], "texture": "#0"},
				"down": {"uv": [2.9375, 8.25, 1.5, 8.28125], "texture": "#0"}
			}
		},
		{
			"from": [9.425, 5.15, 6],
			"to": [15.475, 5.275, 6.15],
			"rotation": {"angle": 0, "axis": "y", "origin": [9.875, 10.0625, 10.5]},
			"faces": {
				"north": {"uv": [7.75, 4.5, 9.25, 4.53125], "texture": "#0"},
				"east": {"uv": [12.25, 4, 12.28125, 4.03125], "texture": "#0"},
				"south": {"uv": [7.75, 4.75, 9.25, 4.78125], "texture": "#0"},
				"west": {"uv": [4.25, 12.25, 4.28125, 12.28125], "texture": "#0"},
				"up": {"uv": [9.25, 5.03125, 7.75, 5], "texture": "#0"},
				"down": {"uv": [6.75, 7.75, 5.25, 7.78125], "texture": "#0"}
			}
		},
		{
			"from": [9.4, 5.525, 6],
			"to": [14.95, 5.65, 6.15],
			"rotation": {"angle": 0, "axis": "y", "origin": [9.875, 5.9375, 10.5]},
			"faces": {
				"north": {"uv": [9, 9, 10.375, 9.03125], "texture": "#0"},
				"east": {"uv": [12.25, 4.25, 12.28125, 4.28125], "texture": "#0"},
				"south": {"uv": [0, 9.25, 1.375, 9.28125], "texture": "#0"},
				"west": {"uv": [4.5, 12.25, 4.53125, 12.28125], "texture": "#0"},
				"up": {"uv": [2.875, 9.28125, 1.5, 9.25], "texture": "#0"},
				"down": {"uv": [10.625, 1.75, 9.25, 1.78125], "texture": "#0"}
			}
		},
		{
			"from": [9.4, 5.65, 6],
			"to": [14.7, 5.775, 6.15],
			"rotation": {"angle": 0, "axis": "y", "origin": [9.875, 5.9375, 10.5]},
			"faces": {
				"north": {"uv": [3, 9.5, 4.3125, 9.53125], "texture": "#0"},
				"east": {"uv": [12.25, 4.5, 12.28125, 4.53125], "texture": "#0"},
				"south": {"uv": [9.5, 3, 10.8125, 3.03125], "texture": "#0"},
				"west": {"uv": [4.75, 12.25, 4.78125, 12.28125], "texture": "#0"},
				"up": {"uv": [10.8125, 3.28125, 9.5, 3.25], "texture": "#0"},
				"down": {"uv": [10.8125, 4, 9.5, 4.03125], "texture": "#0"}
			}
		},
		{
			"from": [9.4, 5.775, 6],
			"to": [14.25, 5.925, 6.15],
			"rotation": {"angle": 0, "axis": "y", "origin": [9.875, 5.9375, 10.5]},
			"faces": {
				"north": {"uv": [1.25, 10.25, 2.46875, 10.28125], "texture": "#0"},
				"east": {"uv": [12.25, 4.75, 12.28125, 4.78125], "texture": "#0"},
				"south": {"uv": [2.5, 10.25, 3.71875, 10.28125], "texture": "#0"},
				"west": {"uv": [5, 12.25, 5.03125, 12.28125], "texture": "#0"},
				"up": {"uv": [4.96875, 10.28125, 3.75, 10.25], "texture": "#0"},
				"down": {"uv": [6.21875, 10.25, 5, 10.28125], "texture": "#0"}
			}
		},
		{
			"from": [11.825, 6.075, 6],
			"to": [13.25, 6.225, 6.15],
			"rotation": {"angle": 0, "axis": "y", "origin": [9.875, 5.9375, 10.5]},
			"faces": {
				"north": {"uv": [1, 11.25, 1.34375, 11.28125], "texture": "#0"},
				"east": {"uv": [12.25, 5, 12.28125, 5.03125], "texture": "#0"},
				"south": {"uv": [1.5, 11.25, 1.84375, 11.28125], "texture": "#0"},
				"west": {"uv": [5.25, 12.25, 5.28125, 12.28125], "texture": "#0"},
				"up": {"uv": [2.34375, 11.28125, 2, 11.25], "texture": "#0"},
				"down": {"uv": [2.84375, 11.25, 2.5, 11.28125], "texture": "#0"}
			}
		},
		{
			"from": [11.75, 6.225, 6],
			"to": [12.45, 6.375, 6.15],
			"rotation": {"angle": 0, "axis": "y", "origin": [9.875, 5.9375, 10.5]},
			"faces": {
				"north": {"uv": [11.5, 7.25, 11.6875, 7.28125], "texture": "#0"},
				"east": {"uv": [12.25, 5.25, 12.28125, 5.28125], "texture": "#0"},
				"south": {"uv": [7.5, 11.5, 7.6875, 11.53125], "texture": "#0"},
				"west": {"uv": [5.5, 12.25, 5.53125, 12.28125], "texture": "#0"},
				"up": {"uv": [11.6875, 7.53125, 11.5, 7.5], "texture": "#0"},
				"down": {"uv": [7.9375, 11.5, 7.75, 11.53125], "texture": "#0"}
			}
		},
		{
			"from": [11.75, 5.925, 6],
			"to": [13.7, 6.075, 6.15],
			"rotation": {"angle": 0, "axis": "y", "origin": [9.875, 5.9375, 10.5]},
			"faces": {
				"north": {"uv": [0.75, 11, 1.25, 11.03125], "texture": "#0"},
				"east": {"uv": [12.25, 5.5, 12.28125, 5.53125], "texture": "#0"},
				"south": {"uv": [1.25, 11, 1.75, 11.03125], "texture": "#0"},
				"west": {"uv": [5.75, 12.25, 5.78125, 12.28125], "texture": "#0"},
				"up": {"uv": [11.5, 1.28125, 11, 1.25], "texture": "#0"},
				"down": {"uv": [11.5, 1.5, 11, 1.53125], "texture": "#0"}
			}
		},
		{
			"from": [8.85, 4.725, 6],
			"to": [15.875, 4.85, 6.15],
			"rotation": {"angle": 0, "axis": "y", "origin": [9.875, 10.0625, 10.5]},
			"faces": {
				"north": {"uv": [2, 5.25, 3.75, 5.28125], "texture": "#0"},
				"east": {"uv": [12.25, 5.75, 12.28125, 5.78125], "texture": "#0"},
				"south": {"uv": [3.75, 5.25, 5.5, 5.28125], "texture": "#0"},
				"west": {"uv": [6, 12.25, 6.03125, 12.28125], "texture": "#0"},
				"up": {"uv": [1.75, 5.53125, 0, 5.5], "texture": "#0"},
				"down": {"uv": [7.25, 0.5, 5.5, 0.53125], "texture": "#0"}
			}
		},
		{
			"from": [10.575, 3.8, 6.175],
			"to": [16.05, 3.95, 6.325],
			"rotation": {"angle": 0, "axis": "y", "origin": [9.875, 5.9375, 10.5]},
			"faces": {
				"north": {"uv": [3, 9.25, 4.375, 9.28125], "texture": "#0"},
				"east": {"uv": [12.25, 6, 12.28125, 6.03125], "texture": "#0"},
				"south": {"uv": [9.25, 3.5, 10.625, 3.53125], "texture": "#0"},
				"west": {"uv": [6.25, 12.25, 6.28125, 12.28125], "texture": "#0"},
				"up": {"uv": [10.625, 3.78125, 9.25, 3.75], "texture": "#0"},
				"down": {"uv": [5.875, 9.25, 4.5, 9.28125], "texture": "#0"}
			}
		},
		{
			"from": [10.575, 3.95, 6.175],
			"to": [16.15, 4.1, 6.325],
			"rotation": {"angle": 0, "axis": "y", "origin": [9.875, 5.9375, 10.5]},
			"faces": {
				"north": {"uv": [8.75, 7, 10.15625, 7.03125], "texture": "#0"},
				"east": {"uv": [12.25, 6.25, 12.28125, 6.28125], "texture": "#0"},
				"south": {"uv": [8.75, 7.25, 10.15625, 7.28125], "texture": "#0"},
				"west": {"uv": [6.5, 12.25, 6.53125, 12.28125], "texture": "#0"},
				"up": {"uv": [8.90625, 8.78125, 7.5, 8.75], "texture": "#0"},
				"down": {"uv": [10.15625, 7.5, 8.75, 7.53125], "texture": "#0"}
			}
		},
		{
			"from": [10.575, 4.1, 6.175],
			"to": [16.225, 4.25, 6.325],
			"rotation": {"angle": 0, "axis": "y", "origin": [9.875, 5.9375, 10.5]},
			"faces": {
				"north": {"uv": [0, 9, 1.40625, 9.03125], "texture": "#0"},
				"east": {"uv": [12.25, 6.5, 12.28125, 6.53125], "texture": "#0"},
				"south": {"uv": [9, 0.5, 10.40625, 0.53125], "texture": "#0"},
				"west": {"uv": [6.75, 12.25, 6.78125, 12.28125], "texture": "#0"},
				"up": {"uv": [2.90625, 9.03125, 1.5, 9], "texture": "#0"},
				"down": {"uv": [4.40625, 9, 3, 9.03125], "texture": "#0"}
			}
		},
		{
			"from": [10.575, 4.25, 6.175],
			"to": [16.325, 4.375, 6.325],
			"rotation": {"angle": 0, "axis": "y", "origin": [9.875, 5.9375, 10.5]},
			"faces": {
				"north": {"uv": [3, 8.25, 4.4375, 8.28125], "texture": "#0"},
				"east": {"uv": [12.25, 6.75, 12.28125, 6.78125], "texture": "#0"},
				"south": {"uv": [4.5, 8.25, 5.9375, 8.28125], "texture": "#0"},
				"west": {"uv": [7, 12.25, 7.03125, 12.28125], "texture": "#0"},
				"up": {"uv": [7.4375, 8.28125, 6, 8.25], "texture": "#0"},
				"down": {"uv": [8.9375, 8.25, 7.5, 8.28125], "texture": "#0"}
			}
		},
		{
			"from": [10.575, 3.425, 6.175],
			"to": [15.7, 3.55, 6.325],
			"rotation": {"angle": 0, "axis": "y", "origin": [9.875, 5.9375, 10.5]},
			"faces": {
				"north": {"uv": [9, 9.75, 10.28125, 9.78125], "texture": "#0"},
				"east": {"uv": [12.25, 7, 12.28125, 7.03125], "texture": "#0"},
				"south": {"uv": [0, 10, 1.28125, 10.03125], "texture": "#0"},
				"west": {"uv": [7.25, 12.25, 7.28125, 12.28125], "texture": "#0"},
				"up": {"uv": [2.78125, 10.03125, 1.5, 10], "texture": "#0"},
				"down": {"uv": [4.28125, 10, 3, 10.03125], "texture": "#0"}
			}
		},
		{
			"from": [10.575, 3.55, 6.175],
			"to": [15.825, 3.675, 6.325],
			"rotation": {"angle": 0, "axis": "y", "origin": [9.875, 5.9375, 10.5]},
			"faces": {
				"north": {"uv": [9.5, 4.25, 10.8125, 4.28125], "texture": "#0"},
				"east": {"uv": [12.25, 7.25, 12.28125, 7.28125], "texture": "#0"},
				"south": {"uv": [4.5, 9.5, 5.8125, 9.53125], "texture": "#0"},
				"west": {"uv": [7.5, 12.25, 7.53125, 12.28125], "texture": "#0"},
				"up": {"uv": [7.3125, 9.53125, 6, 9.5], "texture": "#0"},
				"down": {"uv": [8.8125, 9.5, 7.5, 9.53125], "texture": "#0"}
			}
		},
		{
			"from": [10.575, 3.675, 6.175],
			"to": [15.95, 3.8, 6.325],
			"rotation": {"angle": 0, "axis": "y", "origin": [9.875, 5.9375, 10.5]},
			"faces": {
				"north": {"uv": [9.5, 0.25, 10.84375, 0.28125], "texture": "#0"},
				"east": {"uv": [12.25, 7.5, 12.28125, 7.53125], "texture": "#0"},
				"south": {"uv": [9.5, 1.25, 10.84375, 1.28125], "texture": "#0"},
				"west": {"uv": [7.75, 12.25, 7.78125, 12.28125], "texture": "#0"},
				"up": {"uv": [2.84375, 9.53125, 1.5, 9.5], "texture": "#0"},
				"down": {"uv": [10.84375, 1.5, 9.5, 1.53125], "texture": "#0"}
			}
		},
		{
			"from": [10.575, 3.3, 6.175],
			"to": [15.55, 3.425, 6.325],
			"rotation": {"angle": 0, "axis": "y", "origin": [9.875, 10.0625, 10.5]},
			"faces": {
				"north": {"uv": [9.5, 10, 10.75, 10.03125], "texture": "#0"},
				"east": {"uv": [12.25, 7.75, 12.28125, 7.78125], "texture": "#0"},
				"south": {"uv": [0, 10.25, 1.25, 10.28125], "texture": "#0"},
				"west": {"uv": [8, 12.25, 8.03125, 12.28125], "texture": "#0"},
				"up": {"uv": [11.5, 0.78125, 10.25, 0.75], "texture": "#0"},
				"down": {"uv": [11.5, 1, 10.25, 1.03125], "texture": "#0"}
			}
		},
		{
			"from": [10.575, 3.175, 6.175],
			"to": [15.35, 3.3, 6.325],
			"rotation": {"angle": 0, "axis": "y", "origin": [9.875, 10.0625, 10.5]},
			"faces": {
				"north": {"uv": [10.25, 7.25, 11.4375, 7.28125], "texture": "#0"},
				"east": {"uv": [12.25, 8, 12.28125, 8.03125], "texture": "#0"},
				"south": {"uv": [7.5, 10.25, 8.6875, 10.28125], "texture": "#0"},
				"west": {"uv": [8.25, 12.25, 8.28125, 12.28125], "texture": "#0"},
				"up": {"uv": [11.4375, 7.53125, 10.25, 7.5], "texture": "#0"},
				"down": {"uv": [9.9375, 10.25, 8.75, 10.28125], "texture": "#0"}
			}
		},
		{
			"from": [10.575, 3.025, 6.175],
			"to": [15.1, 3.175, 6.325],
			"rotation": {"angle": 0, "axis": "y", "origin": [9.875, 10.0625, 10.5]},
			"faces": {
				"north": {"uv": [2.5, 10.5, 3.625, 10.53125], "texture": "#0"},
				"east": {"uv": [12.25, 8.25, 12.28125, 8.28125], "texture": "#0"},
				"south": {"uv": [3.75, 10.5, 4.875, 10.53125], "texture": "#0"},
				"west": {"uv": [8.5, 12.25, 8.53125, 12.28125], "texture": "#0"},
				"up": {"uv": [6.125, 10.53125, 5, 10.5], "texture": "#0"},
				"down": {"uv": [11.625, 5.25, 10.5, 5.28125], "texture": "#0"}
			}
		},
		{
			"from": [11.575, 2.725, 6.175],
			"to": [13.925, 2.875, 6.325],
			"rotation": {"angle": 0, "axis": "y", "origin": [9.875, 10.0625, 10.5]},
			"faces": {
				"north": {"uv": [4.25, 10.75, 4.84375, 10.78125], "texture": "#0"},
				"east": {"uv": [12.25, 8.5, 12.28125, 8.53125], "texture": "#0"},
				"south": {"uv": [10.75, 4.5, 11.34375, 4.53125], "texture": "#0"},
				"west": {"uv": [8.75, 12.25, 8.78125, 12.28125], "texture": "#0"},
				"up": {"uv": [11.34375, 4.78125, 10.75, 4.75], "texture": "#0"},
				"down": {"uv": [5.59375, 10.75, 5, 10.78125], "texture": "#0"}
			}
		},
		{
			"from": [11.5, 2.575, 6.175],
			"to": [13.425, 2.725, 6.325],
			"rotation": {"angle": 0, "axis": "y", "origin": [9.875, 10.0625, 10.5]},
			"faces": {
				"north": {"uv": [11, 3.25, 11.46875, 3.28125], "texture": "#0"},
				"east": {"uv": [12.25, 8.75, 12.28125, 8.78125], "texture": "#0"},
				"south": {"uv": [3.75, 11, 4.21875, 11.03125], "texture": "#0"},
				"west": {"uv": [9, 12.25, 9.03125, 12.28125], "texture": "#0"},
				"up": {"uv": [11.46875, 4.03125, 11, 4], "texture": "#0"},
				"down": {"uv": [4.71875, 11, 4.25, 11.03125], "texture": "#0"}
			}
		},
		{
			"from": [11.425, 2.475, 6.175],
			"to": [12.575, 2.575, 6.325],
			"rotation": {"angle": 0, "axis": "y", "origin": [9.875, 10.0625, 10.5]},
			"faces": {
				"north": {"uv": [0, 11.5, 0.28125, 11.53125], "texture": "#0"},
				"east": {"uv": [12.25, 9, 12.28125, 9.03125], "texture": "#0"},
				"south": {"uv": [0.5, 11.5, 0.78125, 11.53125], "texture": "#0"},
				"west": {"uv": [9.25, 12.25, 9.28125, 12.28125], "texture": "#0"},
				"up": {"uv": [11.78125, 0.78125, 11.5, 0.75], "texture": "#0"},
				"down": {"uv": [1.28125, 11.5, 1, 11.53125], "texture": "#0"}
			}
		},
		{
			"from": [9.625, 2.6, 6.25],
			"to": [10.7, 2.725, 9.775],
			"rotation": {"angle": 0, "axis": "y", "origin": [9.875, 10.0625, 10.5]},
			"faces": {
				"north": {"uv": [11.5, 1, 11.78125, 1.03125], "texture": "#0"},
				"east": {"uv": [10.5, 8.5, 11.375, 8.53125], "texture": "#0"},
				"south": {"uv": [11.5, 1.25, 11.78125, 1.28125], "texture": "#0"},
				"west": {"uv": [10.5, 8.75, 11.375, 8.78125], "texture": "#0"},
				"up": {"uv": [0.5, 0, 0.78125, 0.9375], "texture": "#0"},
				"down": {"uv": [0.5, 0, 0.78125, 0.9375], "texture": "#0"}
			}
		},
		{
			"from": [11.5, 2.875, 6.175],
			"to": [14.75, 3.025, 6.325],
			"rotation": {"angle": 0, "axis": "y", "origin": [9.875, 10.0625, 10.5]},
			"faces": {
				"north": {"uv": [10.5, 9.75, 11.3125, 9.78125], "texture": "#0"},
				"east": {"uv": [12.25, 9.25, 12.28125, 9.28125], "texture": "#0"},
				"south": {"uv": [10.25, 10.5, 11.0625, 10.53125], "texture": "#0"},
				"west": {"uv": [9.5, 12.25, 9.53125, 12.28125], "texture": "#0"},
				"up": {"uv": [0.8125, 10.78125, 0, 10.75], "texture": "#0"},
				"down": {"uv": [1.8125, 10.75, 1, 10.78125], "texture": "#0"}
			}
		},
		{
			"from": [9.125, 2.775, 6.175],
			"to": [9.4, 2.9, 6.325],
			"rotation": {"angle": 0, "axis": "y", "origin": [9.875, 5.9375, 10.5]},
			"faces": {
				"north": {"uv": [4.25, 12, 4.3125, 12.03125], "texture": "#0"},
				"east": {"uv": [12.25, 9.5, 12.28125, 9.53125], "texture": "#0"},
				"south": {"uv": [12, 4.25, 12.0625, 4.28125], "texture": "#0"},
				"west": {"uv": [9.75, 12.25, 9.78125, 12.28125], "texture": "#0"},
				"up": {"uv": [4.5625, 12.03125, 4.5, 12], "texture": "#0"},
				"down": {"uv": [12.0625, 4.5, 12, 4.53125], "texture": "#0"}
			}
		},
		{
			"from": [9.225, 2.575, 6.175],
			"to": [9.4, 2.775, 6.325],
			"rotation": {"angle": 0, "axis": "y", "origin": [9.875, 5.9375, 10.5]},
			"faces": {
				"north": {"uv": [5.5, 12, 5.5625, 12.03125], "texture": "#0"},
				"east": {"uv": [12.75, 1.5, 12.78125, 1.53125], "texture": "#0"},
				"south": {"uv": [12, 5.5, 12.0625, 5.53125], "texture": "#0"},
				"west": {"uv": [1.75, 12.75, 1.78125, 12.78125], "texture": "#0"},
				"up": {"uv": [5.8125, 12.03125, 5.75, 12], "texture": "#0"},
				"down": {"uv": [12.0625, 5.75, 12, 5.78125], "texture": "#0"}
			}
		},
		{
			"from": [9.125, 2.9, 6.175],
			"to": [9.4, 3.025, 6.325],
			"rotation": {"angle": 0, "axis": "y", "origin": [9.875, 5.9375, 10.5]},
			"faces": {
				"north": {"uv": [4.75, 12, 4.8125, 12.03125], "texture": "#0"},
				"east": {"uv": [12.25, 9.75, 12.28125, 9.78125], "texture": "#0"},
				"south": {"uv": [12, 4.75, 12.0625, 4.78125], "texture": "#0"},
				"west": {"uv": [10, 12.25, 10.03125, 12.28125], "texture": "#0"},
				"up": {"uv": [5.0625, 12.03125, 5, 12], "texture": "#0"},
				"down": {"uv": [12.0625, 5, 12, 5.03125], "texture": "#0"}
			}
		},
		{
			"from": [9.225, 3.025, 6.175],
			"to": [9.4, 3.15, 6.325],
			"rotation": {"angle": 0, "axis": "y", "origin": [9.875, 5.9375, 10.5]},
			"faces": {
				"north": {"uv": [12.25, 10, 12.28125, 10.03125], "texture": "#0"},
				"east": {"uv": [10.25, 12.25, 10.28125, 12.28125], "texture": "#0"},
				"south": {"uv": [12.25, 10.25, 12.28125, 10.28125], "texture": "#0"},
				"west": {"uv": [10.5, 12.25, 10.53125, 12.28125], "texture": "#0"},
				"up": {"uv": [12.28125, 10.53125, 12.25, 10.5], "texture": "#0"},
				"down": {"uv": [10.78125, 12.25, 10.75, 12.28125], "texture": "#0"}
			}
		},
		{
			"from": [10.575, 2.775, 6.175],
			"to": [10.9, 2.9, 6.325],
			"rotation": {"angle": 0, "axis": "y", "origin": [9.875, 5.9375, 10.5]},
			"faces": {
				"north": {"uv": [11.75, 9.75, 11.84375, 9.78125], "texture": "#0"},
				"east": {"uv": [12.25, 10.75, 12.28125, 10.78125], "texture": "#0"},
				"south": {"uv": [10, 11.75, 10.09375, 11.78125], "texture": "#0"},
				"west": {"uv": [11, 12.25, 11.03125, 12.28125], "texture": "#0"},
				"up": {"uv": [11.84375, 10.03125, 11.75, 10], "texture": "#0"},
				"down": {"uv": [10.34375, 11.75, 10.25, 11.78125], "texture": "#0"}
			}
		},
		{
			"from": [10.575, 2.575, 6.175],
			"to": [10.75, 2.775, 6.325],
			"rotation": {"angle": 0, "axis": "y", "origin": [9.875, 5.9375, 10.5]},
			"faces": {
				"north": {"uv": [12.25, 11, 12.28125, 11.03125], "texture": "#0"},
				"east": {"uv": [11.25, 12.25, 11.28125, 12.28125], "texture": "#0"},
				"south": {"uv": [12.25, 11.25, 12.28125, 11.28125], "texture": "#0"},
				"west": {"uv": [11.5, 12.25, 11.53125, 12.28125], "texture": "#0"},
				"up": {"uv": [12.28125, 11.53125, 12.25, 11.5], "texture": "#0"},
				"down": {"uv": [11.78125, 12.25, 11.75, 12.28125], "texture": "#0"}
			}
		},
		{
			"from": [10.575, 2.9, 6.175],
			"to": [11.125, 3.025, 6.325],
			"rotation": {"angle": 0, "axis": "y", "origin": [9.875, 5.9375, 10.5]},
			"faces": {
				"north": {"uv": [11.75, 7.75, 11.875, 7.78125], "texture": "#0"},
				"east": {"uv": [12.25, 11.75, 12.28125, 11.78125], "texture": "#0"},
				"south": {"uv": [8, 11.75, 8.125, 11.78125], "texture": "#0"},
				"west": {"uv": [12, 12.25, 12.03125, 12.28125], "texture": "#0"},
				"up": {"uv": [11.875, 8.03125, 11.75, 8], "texture": "#0"},
				"down": {"uv": [8.375, 11.75, 8.25, 11.78125], "texture": "#0"}
			}
		},
		{
			"from": [9.325, 3.15, 6.175],
			"to": [9.4, 3.275, 6.325],
			"rotation": {"angle": 0, "axis": "y", "origin": [9.875, 5.9375, 10.5]},
			"faces": {
				"north": {"uv": [12.25, 12, 12.28125, 12.03125], "texture": "#0"},
				"east": {"uv": [12.25, 12.25, 12.28125, 12.28125], "texture": "#0"},
				"south": {"uv": [0, 12.5, 0.03125, 12.53125], "texture": "#0"},
				"west": {"uv": [12.5, 0, 12.53125, 0.03125], "texture": "#0"},
				"up": {"uv": [0.28125, 12.53125, 0.25, 12.5], "texture": "#0"},
				"down": {"uv": [12.53125, 0.25, 12.5, 0.28125], "texture": "#0"}
			}
		},
		{
			"from": [9.075, 3.7, 6.175],
			"to": [9.4, 3.825, 6.325],
			"rotation": {"angle": 0, "axis": "y", "origin": [9.875, 5.9375, 10.5]},
			"faces": {
				"north": {"uv": [11.75, 10.25, 11.84375, 10.28125], "texture": "#0"},
				"east": {"uv": [0.5, 12.5, 0.53125, 12.53125], "texture": "#0"},
				"south": {"uv": [10.5, 11.75, 10.59375, 11.78125], "texture": "#0"},
				"west": {"uv": [12.5, 0.5, 12.53125, 0.53125], "texture": "#0"},
				"up": {"uv": [11.84375, 10.53125, 11.75, 10.5], "texture": "#0"},
				"down": {"uv": [10.84375, 11.75, 10.75, 11.78125], "texture": "#0"}
			}
		},
		{
			"from": [9.175, 3.575, 6.175],
			"to": [9.4, 3.7, 6.325],
			"rotation": {"angle": 0, "axis": "y", "origin": [9.875, 5.9375, 10.5]},
			"faces": {
				"north": {"uv": [6.75, 12, 6.8125, 12.03125], "texture": "#0"},
				"east": {"uv": [12.75, 4, 12.78125, 4.03125], "texture": "#0"},
				"south": {"uv": [12, 6.75, 12.0625, 6.78125], "texture": "#0"},
				"west": {"uv": [4.25, 12.75, 4.28125, 12.78125], "texture": "#0"},
				"up": {"uv": [7.0625, 12.03125, 7, 12], "texture": "#0"},
				"down": {"uv": [12.0625, 7, 12, 7.03125], "texture": "#0"}
			}
		},
		{
			"from": [9.175, 5.25, 6.175],
			"to": [9.4, 5.375, 6.325],
			"rotation": {"angle": 0, "axis": "y", "origin": [9.875, 5.9375, 10.5]},
			"faces": {
				"north": {"uv": [7.25, 12, 7.3125, 12.03125], "texture": "#0"},
				"east": {"uv": [12.75, 4.25, 12.78125, 4.28125], "texture": "#0"},
				"south": {"uv": [12, 7.25, 12.0625, 7.28125], "texture": "#0"},
				"west": {"uv": [4.5, 12.75, 4.53125, 12.78125], "texture": "#0"},
				"up": {"uv": [7.5625, 12.03125, 7.5, 12], "texture": "#0"},
				"down": {"uv": [12.0625, 7.5, 12, 7.53125], "texture": "#0"}
			}
		},
		{
			"from": [9.075, 5.375, 6.175],
			"to": [9.4, 5.5, 6.325],
			"rotation": {"angle": 0, "axis": "y", "origin": [9.875, 5.9375, 10.5]},
			"faces": {
				"north": {"uv": [1.5, 12, 1.59375, 12.03125], "texture": "#0"},
				"east": {"uv": [12.75, 4.5, 12.78125, 4.53125], "texture": "#0"},
				"south": {"uv": [12, 1.5, 12.09375, 1.53125], "texture": "#0"},
				"west": {"uv": [4.75, 12.75, 4.78125, 12.78125], "texture": "#0"},
				"up": {"uv": [1.84375, 12.03125, 1.75, 12], "texture": "#0"},
				"down": {"uv": [12.09375, 1.75, 12, 1.78125], "texture": "#0"}
			}
		},
		{
			"from": [9.075, 3.45, 6.175],
			"to": [9.4, 3.575, 6.325],
			"rotation": {"angle": 0, "axis": "y", "origin": [9.875, 5.9375, 10.5]},
			"faces": {
				"north": {"uv": [2, 12, 2.09375, 12.03125], "texture": "#0"},
				"east": {"uv": [12.75, 4.75, 12.78125, 4.78125], "texture": "#0"},
				"south": {"uv": [12, 2, 12.09375, 2.03125], "texture": "#0"},
				"west": {"uv": [5, 12.75, 5.03125, 12.78125], "texture": "#0"},
				"up": {"uv": [2.34375, 12.03125, 2.25, 12], "texture": "#0"},
				"down": {"uv": [12.09375, 2.25, 12, 2.28125], "texture": "#0"}
			}
		},
		{
			"from": [8.775, 3.325, 6.175],
			"to": [9.4, 3.45, 6.325],
			"rotation": {"angle": 0, "axis": "y", "origin": [9.875, 5.9375, 10.5]},
			"faces": {
				"north": {"uv": [11.75, 6.25, 11.90625, 6.28125], "texture": "#0"},
				"east": {"uv": [12.75, 5, 12.78125, 5.03125], "texture": "#0"},
				"south": {"uv": [6.5, 11.75, 6.65625, 11.78125], "texture": "#0"},
				"west": {"uv": [5.25, 12.75, 5.28125, 12.78125], "texture": "#0"},
				"up": {"uv": [11.90625, 6.53125, 11.75, 6.5], "texture": "#0"},
				"down": {"uv": [6.90625, 11.75, 6.75, 11.78125], "texture": "#0"}
			}
		},
		{
			"from": [8.775, 5.5, 6.175],
			"to": [9.4, 5.625, 6.325],
			"rotation": {"angle": 0, "axis": "y", "origin": [9.875, 5.9375, 10.5]},
			"faces": {
				"north": {"uv": [11.75, 6.75, 11.90625, 6.78125], "texture": "#0"},
				"east": {"uv": [12.75, 5.25, 12.78125, 5.28125], "texture": "#0"},
				"south": {"uv": [7, 11.75, 7.15625, 11.78125], "texture": "#0"},
				"west": {"uv": [5.5, 12.75, 5.53125, 12.78125], "texture": "#0"},
				"up": {"uv": [11.90625, 7.03125, 11.75, 7], "texture": "#0"},
				"down": {"uv": [7.40625, 11.75, 7.25, 11.78125], "texture": "#0"}
			}
		},
		{
			"from": [1.075, 4.3875, 6.7625],
			"to": [2.6, 4.5375, 6.9375],
			"rotation": {"angle": 0, "axis": "y", "origin": [9.875, 5.9375, 10.5]},
			"faces": {
				"north": {"uv": [6.25, 11, 6.625, 11.03125], "texture": "#0"},
				"east": {"uv": [7.25, 12.5, 7.28125, 12.53125], "texture": "#0"},
				"south": {"uv": [6.75, 11, 7.125, 11.03125], "texture": "#0"},
				"west": {"uv": [12.5, 7.25, 12.53125, 7.28125], "texture": "#0"},
				"up": {"uv": [8.125, 11.03125, 7.75, 11], "texture": "#0"},
				"down": {"uv": [11.375, 8, 11, 8.03125], "texture": "#0"}
			}
		},
		{
			"from": [1.4, 4.3875, 6.5875],
			"to": [3.7, 4.5375, 6.7625],
			"rotation": {"angle": 0, "axis": "y", "origin": [9.875, 5.9375, 10.5]},
			"faces": {
				"north": {"uv": [10.75, 5, 11.3125, 5.03125], "texture": "#0"},
				"east": {"uv": [7, 12.5, 7.03125, 12.53125], "texture": "#0"},
				"south": {"uv": [5.75, 10.75, 6.3125, 10.78125], "texture": "#0"},
				"west": {"uv": [12.5, 7, 12.53125, 7.03125], "texture": "#0"},
				"up": {"uv": [7.0625, 10.78125, 6.5, 10.75], "texture": "#0"},
				"down": {"uv": [8.3125, 10.75, 7.75, 10.78125], "texture": "#0"}
			}
		},
		{
			"from": [1.4, 5.6625, 6.8375],
			"to": [3.7, 5.8125, 7.0125],
			"rotation": {"angle": 0, "axis": "y", "origin": [9.875, 5.9375, 10.5]},
			"faces": {
				"north": {"uv": [8.5, 10.75, 9.0625, 10.78125], "texture": "#0"},
				"east": {"uv": [7.75, 12.5, 7.78125, 12.53125], "texture": "#0"},
				"south": {"uv": [9.25, 10.75, 9.8125, 10.78125], "texture": "#0"},
				"west": {"uv": [12.5, 7.75, 12.53125, 7.78125], "texture": "#0"},
				"up": {"uv": [10.5625, 10.78125, 10, 10.75], "texture": "#0"},
				"down": {"uv": [11.3125, 10, 10.75, 10.03125], "texture": "#0"}
			}
		},
		{
			"from": [1.075, 5.6625, 7.0125],
			"to": [2.6, 5.8125, 7.1875],
			"rotation": {"angle": 0, "axis": "y", "origin": [9.875, 5.9375, 10.5]},
			"faces": {
				"north": {"uv": [8.25, 11, 8.625, 11.03125], "texture": "#0"},
				"east": {"uv": [7.5, 12.5, 7.53125, 12.53125], "texture": "#0"},
				"south": {"uv": [8.75, 11, 9.125, 11.03125], "texture": "#0"},
				"west": {"uv": [12.5, 7.5, 12.53125, 7.53125], "texture": "#0"},
				"up": {"uv": [9.625, 11.03125, 9.25, 11], "texture": "#0"},
				"down": {"uv": [10.125, 11, 9.75, 11.03125], "texture": "#0"}
			}
		},
		{
			"from": [0.875, 5.6625, 7.1875],
			"to": [1.725, 5.8125, 7.3625],
			"rotation": {"angle": 0, "axis": "y", "origin": [9.875, 5.9375, 10.5]},
			"faces": {
				"north": {"uv": [5.25, 11.5, 5.46875, 11.53125], "texture": "#0"},
				"east": {"uv": [12.75, 1.75, 12.78125, 1.78125], "texture": "#0"},
				"south": {"uv": [5.5, 11.5, 5.71875, 11.53125], "texture": "#0"},
				"west": {"uv": [2, 12.75, 2.03125, 12.78125], "texture": "#0"},
				"up": {"uv": [11.71875, 5.53125, 11.5, 5.5], "texture": "#0"},
				"down": {"uv": [5.96875, 11.5, 5.75, 11.53125], "texture": "#0"}
			}
		},
		{
			"from": [0.875, 3.1375, 7.1875],
			"to": [1.725, 3.3125, 7.3625],
			"rotation": {"angle": 0, "axis": "y", "origin": [9.875, 5.9375, 10.5]},
			"faces": {
				"north": {"uv": [4.75, 11.5, 4.96875, 11.53125], "texture": "#0"},
				"east": {"uv": [7.75, 12, 7.78125, 12.03125], "texture": "#0"},
				"south": {"uv": [11.5, 4.75, 11.71875, 4.78125], "texture": "#0"},
				"west": {"uv": [12, 7.75, 12.03125, 7.78125], "texture": "#0"},
				"up": {"uv": [5.21875, 11.53125, 5, 11.5], "texture": "#0"},
				"down": {"uv": [11.71875, 5, 11.5, 5.03125], "texture": "#0"}
			}
		},
		{
			"from": [0.875, 4.3875, 6.9375],
			"to": [1.725, 4.5375, 7.1125],
			"rotation": {"angle": 0, "axis": "y", "origin": [9.875, 5.9375, 10.5]},
			"faces": {
				"north": {"uv": [11.5, 5.75, 11.71875, 5.78125], "texture": "#0"},
				"east": {"uv": [12.75, 2, 12.78125, 2.03125], "texture": "#0"},
				"south": {"uv": [6, 11.5, 6.21875, 11.53125], "texture": "#0"},
				"west": {"uv": [2.25, 12.75, 2.28125, 12.78125], "texture": "#0"},
				"up": {"uv": [11.71875, 6.03125, 11.5, 6], "texture": "#0"},
				"down": {"uv": [6.46875, 11.5, 6.25, 11.53125], "texture": "#0"}
			}
		},
		{
			"from": [3.575, 3.1375, 5.9625],
			"to": [9.85, 3.3125, 6.1375],
			"rotation": {"angle": 0, "axis": "y", "origin": [9.875, 10.0625, 5.5]},
			"faces": {
				"north": {"uv": [7.5, 1.75, 9.0625, 1.78125], "texture": "#0"},
				"east": {"uv": [9.5, 12.5, 9.53125, 12.53125], "texture": "#0"},
				"south": {"uv": [3.5, 7.5, 5.0625, 7.53125], "texture": "#0"},
				"west": {"uv": [12.5, 9.5, 12.53125, 9.53125], "texture": "#0"},
				"up": {"uv": [9.0625, 3.53125, 7.5, 3.5], "texture": "#0"},
				"down": {"uv": [9.0625, 3.75, 7.5, 3.78125], "texture": "#0"}
			}
		},
		{
			"from": [3.05, 3.1375, 6.1375],
			"to": [9.65, 3.3125, 6.3125],
			"rotation": {"angle": 0, "axis": "y", "origin": [9.875, 10.0625, 5.5]},
			"faces": {
				"north": {"uv": [3.5, 6.75, 5.15625, 6.78125], "texture": "#0"},
				"east": {"uv": [9.25, 12.5, 9.28125, 12.53125], "texture": "#0"},
				"south": {"uv": [5.25, 6.75, 6.90625, 6.78125], "texture": "#0"},
				"west": {"uv": [12.5, 9.25, 12.53125, 9.28125], "texture": "#0"},
				"up": {"uv": [1.65625, 7.03125, 0, 7], "texture": "#0"},
				"down": {"uv": [8.65625, 0.75, 7, 0.78125], "texture": "#0"}
			}
		},
		{
			"from": [3.75, 3.0375, 6.1375],
			"to": [9.925, 3.3875, 6.3125],
			"rotation": {"angle": 0, "axis": "y", "origin": [9.875, 10.0625, 5.5]},
			"faces": {
				"north": {"uv": [0, 2.75, 1.53125, 2.84375], "texture": "#0"},
				"east": {"uv": [0.75, 12, 0.78125, 12.09375], "texture": "#0"},
				"south": {"uv": [1.75, 2.75, 3.28125, 2.84375], "texture": "#0"},
				"west": {"uv": [12, 0.75, 12.03125, 0.84375], "texture": "#0"},
				"up": {"uv": [5.03125, 7.78125, 3.5, 7.75], "texture": "#0"},
				"down": {"uv": [9.28125, 4.25, 7.75, 4.28125], "texture": "#0"}
			}
		},
		{
			"from": [3.225, 3.0375, 6.3125],
			"to": [10.9, 3.3875, 6.4875],
			"rotation": {"angle": 0, "axis": "y", "origin": [9.875, 10.0625, 5.5]},
			"faces": {
				"north": {"uv": [0, 2.25, 1.90625, 2.34375], "texture": "#0"},
				"east": {"uv": [0.5, 12, 0.53125, 12.09375], "texture": "#0"},
				"south": {"uv": [2, 2.25, 3.90625, 2.34375], "texture": "#0"},
				"west": {"uv": [12, 0.5, 12.03125, 0.59375], "texture": "#0"},
				"up": {"uv": [5.90625, 4.53125, 4, 4.5], "texture": "#0"},
				"down": {"uv": [1.90625, 4.75, 0, 4.78125], "texture": "#0"}
			}
		},
		{
			"from": [2.75, 3.0375, 6.4875],
			"to": [10.325, 3.3875, 6.6625],
			"rotation": {"angle": 0, "axis": "y", "origin": [9.875, 10.0625, 5.5]},
			"faces": {
				"north": {"uv": [0, 2, 1.90625, 2.09375], "texture": "#0"},
				"east": {"uv": [0.25, 12, 0.28125, 12.09375], "texture": "#0"},
				"south": {"uv": [2, 2, 3.90625, 2.09375], "texture": "#0"},
				"west": {"uv": [12, 0.25, 12.03125, 0.34375], "texture": "#0"},
				"up": {"uv": [1.90625, 4.53125, 0, 4.5], "texture": "#0"},
				"down": {"uv": [3.90625, 4.5, 2, 4.53125], "texture": "#0"}
			}
		},
		{
			"from": [1.675, 3.1375, 6.6625],
			"to": [9.925, 3.3125, 6.8375],
			"rotation": {"angle": 0, "axis": "y", "origin": [9.875, 10.0625, 5.5]},
			"faces": {
				"north": {"uv": [3.75, 2.5, 5.8125, 2.53125], "texture": "#0"},
				"east": {"uv": [9, 12.5, 9.03125, 12.53125], "texture": "#0"},
				"south": {"uv": [3.75, 2.75, 5.8125, 2.78125], "texture": "#0"},
				"west": {"uv": [12.5, 9, 12.53125, 9.03125], "texture": "#0"},
				"up": {"uv": [5.5625, 3.78125, 3.5, 3.75], "texture": "#0"},
				"down": {"uv": [2.0625, 4, 0, 4.03125], "texture": "#0"}
			}
		},
		{
			"from": [1.4, 3.1375, 6.8375],
			"to": [3.7, 3.3125, 7.0125],
			"rotation": {"angle": 0, "axis": "y", "origin": [9.875, 5.9375, 10.5]},
			"faces": {
				"north": {"uv": [10.75, 10.75, 11.3125, 10.78125], "texture": "#0"},
				"east": {"uv": [8.75, 12.5, 8.78125, 12.53125], "texture": "#0"},
				"south": {"uv": [0, 11, 0.5625, 11.03125], "texture": "#0"},
				"west": {"uv": [12.5, 8.75, 12.53125, 8.78125], "texture": "#0"},
				"up": {"uv": [11.5625, 0.03125, 11, 0], "texture": "#0"},
				"down": {"uv": [11.5625, 0.25, 11, 0.28125], "texture": "#0"}
			}
		},
		{
			"from": [1.075, 3.1375, 7.0125],
			"to": [2.6, 3.3125, 7.1875],
			"rotation": {"angle": 0, "axis": "y", "origin": [9.875, 5.9375, 10.5]},
			"faces": {
				"north": {"uv": [10.25, 11, 10.625, 11.03125], "texture": "#0"},
				"east": {"uv": [8.5, 12.5, 8.53125, 12.53125], "texture": "#0"},
				"south": {"uv": [10.75, 11, 11.125, 11.03125], "texture": "#0"},
				"west": {"uv": [12.5, 8.5, 12.53125, 8.53125], "texture": "#0"},
				"up": {"uv": [0.375, 11.28125, 0, 11.25], "texture": "#0"},
				"down": {"uv": [0.875, 11.25, 0.5, 11.28125], "texture": "#0"}
			}
		},
		{
			"from": [2.05, 3.1375, 6.4875],
			"to": [8.675, 3.3125, 6.6625],
			"rotation": {"angle": 0, "axis": "y", "origin": [9.875, 10.0625, 5.5]},
			"faces": {
				"north": {"uv": [3.5, 6.5, 5.15625, 6.53125], "texture": "#0"},
				"east": {"uv": [8.25, 12.5, 8.28125, 12.53125], "texture": "#0"},
				"south": {"uv": [5.25, 6.5, 6.90625, 6.53125], "texture": "#0"},
				"west": {"uv": [12.5, 8.25, 12.53125, 8.28125], "texture": "#0"},
				"up": {"uv": [1.65625, 6.78125, 0, 6.75], "texture": "#0"},
				"down": {"uv": [3.40625, 6.75, 1.75, 6.78125], "texture": "#0"}
			}
		},
		{
			"from": [2.525, 3.1375, 6.3125],
			"to": [8.675, 3.3125, 6.4875],
			"rotation": {"angle": 0, "axis": "y", "origin": [9.875, 10.0625, 5.5]},
			"faces": {
				"north": {"uv": [7.75, 2.5, 9.28125, 2.53125], "texture": "#0"},
				"east": {"uv": [8, 12.5, 8.03125, 12.53125], "texture": "#0"},
				"south": {"uv": [7.75, 2.75, 9.28125, 2.78125], "texture": "#0"},
				"west": {"uv": [12.5, 8, 12.53125, 8.03125], "texture": "#0"},
				"up": {"uv": [9.28125, 3.03125, 7.75, 3], "texture": "#0"},
				"down": {"uv": [9.28125, 3.25, 7.75, 3.28125], "texture": "#0"}
			}
		},
		{
			"from": [7.85, 2.5, 7.325],
			"to": [8.5, 4.5, 7.975],
			"rotation": {"angle": 0, "axis": "y", "origin": [9.875, 5.9375, 10.5]},
			"faces": {
				"north": {"uv": [2.65625, 4, 2.5, 3.5], "texture": "#0"},
				"east": {"uv": [2.5, 4, 2.65625, 3.5], "texture": "#0"},
				"south": {"uv": [2.65625, 4, 2.5, 3.5], "texture": "#0"},
				"west": {"uv": [2.5, 4, 2.65625, 3.5], "texture": "#0"},
				"up": {"uv": [2.40625, 10.90625, 2.25, 10.75], "texture": "#0"},
				"down": {"uv": [2.65625, 10.75, 2.5, 10.90625], "texture": "#0"}
			}
		},
		{
			"from": [9.4, 2.575, 6.175],
			"to": [10.575, 4.475, 6.325],
			"rotation": {"angle": 0, "axis": "y", "origin": [9.875, 5.9375, 10.5]},
			"faces": {
				"north": {"uv": [0, 3, 0.28125, 3.46875], "texture": "#0"},
				"east": {"uv": [4.75, 11, 4.78125, 11.46875], "texture": "#0"},
				"south": {"uv": [0.5, 3, 0.78125, 3.46875], "texture": "#0"},
				"west": {"uv": [5, 11, 5.03125, 11.46875], "texture": "#0"},
				"up": {"uv": [1.78125, 11.53125, 1.5, 11.5], "texture": "#0"},
				"down": {"uv": [11.78125, 1.5, 11.5, 1.53125], "texture": "#0"}
			}
		},
		{
			"from": [9.325, 3.8, 6],
			"to": [15.625, 3.95, 6.15],
			"rotation": {"angle": 0, "axis": "y", "origin": [9.875, 5.9375, 10.5]},
			"faces": {
				"north": {"uv": [7, 6.5, 8.5625, 6.53125], "texture": "#0"},
				"east": {"uv": [0.75, 12.5, 0.78125, 12.53125], "texture": "#0"},
				"south": {"uv": [7, 6.75, 8.5625, 6.78125], "texture": "#0"},
				"west": {"uv": [12.5, 0.75, 12.53125, 0.78125], "texture": "#0"},
				"up": {"uv": [8.5625, 7.03125, 7, 7], "texture": "#0"},
				"down": {"uv": [1.5625, 7.25, 0, 7.28125], "texture": "#0"}
			}
		},
		{
			"from": [9.125, 3.95, 6],
			"to": [15.775, 4.075, 6.15],
			"rotation": {"angle": 0, "axis": "y", "origin": [9.875, 5.9375, 10.5]},
			"faces": {
				"north": {"uv": [6, 0, 7.65625, 0.03125], "texture": "#0"},
				"east": {"uv": [1, 12.5, 1.03125, 12.53125], "texture": "#0"},
				"south": {"uv": [6, 0.25, 7.65625, 0.28125], "texture": "#0"},
				"west": {"uv": [12.5, 1, 12.53125, 1.03125], "texture": "#0"},
				"up": {"uv": [7.65625, 1.28125, 6, 1.25], "texture": "#0"},
				"down": {"uv": [7.65625, 1.5, 6, 1.53125], "texture": "#0"}
			}
		},
		{
			"from": [9.475, 3.425, 6],
			"to": [15.15, 3.55, 6.15],
			"rotation": {"angle": 0, "axis": "y", "origin": [9.875, 5.9375, 10.5]},
			"faces": {
				"north": {"uv": [4.5, 9, 5.90625, 9.03125], "texture": "#0"},
				"east": {"uv": [1.25, 12.5, 1.28125, 12.53125], "texture": "#0"},
				"south": {"uv": [9, 5.25, 10.40625, 5.28125], "texture": "#0"},
				"west": {"uv": [12.5, 1.25, 12.53125, 1.28125], "texture": "#0"},
				"up": {"uv": [7.40625, 9.03125, 6, 9], "texture": "#0"},
				"down": {"uv": [8.90625, 9, 7.5, 9.03125], "texture": "#0"}
			}
		},
		{
			"from": [9.525, 3.55, 6],
			"to": [15.3, 3.675, 6.15],
			"rotation": {"angle": 0, "axis": "y", "origin": [9.875, 5.9375, 10.5]},
			"faces": {
				"north": {"uv": [8.25, 7.75, 9.6875, 7.78125], "texture": "#0"},
				"east": {"uv": [1.5, 12.5, 1.53125, 12.53125], "texture": "#0"},
				"south": {"uv": [0, 8.5, 1.4375, 8.53125], "texture": "#0"},
				"west": {"uv": [12.5, 1.5, 12.53125, 1.53125], "texture": "#0"},
				"up": {"uv": [2.9375, 8.53125, 1.5, 8.5], "texture": "#0"},
				"down": {"uv": [4.4375, 8.5, 3, 8.53125], "texture": "#0"}
			}
		},
		{
			"from": [9.425, 3.675, 6],
			"to": [15.475, 3.8, 6.15],
			"rotation": {"angle": 0, "axis": "y", "origin": [9.875, 5.9375, 10.5]},
			"faces": {
				"north": {"uv": [6.75, 7.75, 8.25, 7.78125], "texture": "#0"},
				"east": {"uv": [1.75, 12.5, 1.78125, 12.53125], "texture": "#0"},
				"south": {"uv": [0, 8, 1.5, 8.03125], "texture": "#0"},
				"west": {"uv": [12.5, 1.75, 12.53125, 1.78125], "texture": "#0"},
				"up": {"uv": [3, 8.03125, 1.5, 8], "texture": "#0"},
				"down": {"uv": [4.5, 8, 3, 8.03125], "texture": "#0"}
			}
		},
		{
			"from": [9.4, 3.3, 6],
			"to": [14.95, 3.425, 6.15],
			"rotation": {"angle": 0, "axis": "y", "origin": [9.875, 10.0625, 10.5]},
			"faces": {
				"north": {"uv": [9.25, 4.5, 10.625, 4.53125], "texture": "#0"},
				"east": {"uv": [2, 12.5, 2.03125, 12.53125], "texture": "#0"},
				"south": {"uv": [9.25, 4.75, 10.625, 4.78125], "texture": "#0"},
				"west": {"uv": [12.5, 2, 12.53125, 2.03125], "texture": "#0"},
				"up": {"uv": [10.625, 5.03125, 9.25, 5], "texture": "#0"},
				"down": {"uv": [7.375, 9.25, 6, 9.28125], "texture": "#0"}
			}
		},
		{
			"from": [9.4, 3.175, 6],
			"to": [14.7, 3.3, 6.15],
			"rotation": {"angle": 0, "axis": "y", "origin": [9.875, 10.0625, 10.5]},
			"faces": {
				"north": {"uv": [9, 9.5, 10.3125, 9.53125], "texture": "#0"},
				"east": {"uv": [2.25, 12.5, 2.28125, 12.53125], "texture": "#0"},
				"south": {"uv": [0, 9.75, 1.3125, 9.78125], "texture": "#0"},
				"west": {"uv": [12.5, 2.25, 12.53125, 2.28125], "texture": "#0"},
				"up": {"uv": [2.8125, 9.78125, 1.5, 9.75], "texture": "#0"},
				"down": {"uv": [4.3125, 9.75, 3, 9.78125], "texture": "#0"}
			}
		},
		{
			"from": [9.4, 3.025, 6],
			"to": [14.25, 3.175, 6.15],
			"rotation": {"angle": 0, "axis": "y", "origin": [9.875, 10.0625, 10.5]},
			"faces": {
				"north": {"uv": [10.25, 5.5, 11.46875, 5.53125], "texture": "#0"},
				"east": {"uv": [2.5, 12.5, 2.53125, 12.53125], "texture": "#0"},
				"south": {"uv": [10.25, 5.75, 11.46875, 5.78125], "texture": "#0"},
				"west": {"uv": [12.5, 2.5, 12.53125, 2.53125], "texture": "#0"},
				"up": {"uv": [11.46875, 6.03125, 10.25, 6], "texture": "#0"},
				"down": {"uv": [7.46875, 10.25, 6.25, 10.28125], "texture": "#0"}
			}
		},
		{
			"from": [11.825, 2.725, 6],
			"to": [13.25, 2.875, 6.15],
			"rotation": {"angle": 0, "axis": "y", "origin": [9.875, 10.0625, 10.5]},
			"faces": {
				"north": {"uv": [3, 11.25, 3.34375, 11.28125], "texture": "#0"},
				"east": {"uv": [2.75, 12.5, 2.78125, 12.53125], "texture": "#0"},
				"south": {"uv": [3.5, 11.25, 3.84375, 11.28125], "texture": "#0"},
				"west": {"uv": [12.5, 2.75, 12.53125, 2.78125], "texture": "#0"},
				"up": {"uv": [4.34375, 11.28125, 4, 11.25], "texture": "#0"},
				"down": {"uv": [6.09375, 11.25, 5.75, 11.28125], "texture": "#0"}
			}
		},
		{
			"from": [9.7, 2.725, 6],
			"to": [10.65, 2.875, 6.15],
			"rotation": {"angle": 0, "axis": "y", "origin": [9.875, 10.0625, 10.5]},
			"faces": {
				"north": {"uv": [4.5, 11.25, 4.75, 11.28125], "texture": "#0"},
				"east": {"uv": [3, 12.5, 3.03125, 12.53125], "texture": "#0"},
				"south": {"uv": [11.5, 3.75, 11.75, 3.78125], "texture": "#0"},
				"west": {"uv": [12.5, 3, 12.53125, 3.03125], "texture": "#0"},
				"up": {"uv": [4.25, 11.53125, 4, 11.5], "texture": "#0"},
				"down": {"uv": [11.75, 4, 11.5, 4.03125], "texture": "#0"}
			}
		},
		{
			"from": [9.55, 2.875, 6],
			"to": [10.825, 3.025, 6.15],
			"rotation": {"angle": 0, "axis": "y", "origin": [9.875, 10.0625, 10.5]},
			"faces": {
				"north": {"uv": [6.25, 11.25, 6.5625, 11.28125], "texture": "#0"},
				"east": {"uv": [3.25, 12.5, 3.28125, 12.53125], "texture": "#0"},
				"south": {"uv": [6.75, 11.25, 7.0625, 11.28125], "texture": "#0"},
				"west": {"uv": [12.5, 3.25, 12.53125, 3.28125], "texture": "#0"},
				"up": {"uv": [8.0625, 11.28125, 7.75, 11.25], "texture": "#0"},
				"down": {"uv": [11.5625, 7.75, 11.25, 7.78125], "texture": "#0"}
			}
		},
		{
			"from": [9.7, 6.075, 6],
			"to": [10.65, 6.225, 6.15],
			"rotation": {"angle": 0, "axis": "y", "origin": [9.875, 10.0625, 10.5]},
			"faces": {
				"north": {"uv": [4.25, 11.5, 4.5, 11.53125], "texture": "#0"},
				"east": {"uv": [12.75, 5.75, 12.78125, 5.78125], "texture": "#0"},
				"south": {"uv": [11.5, 4.25, 11.75, 4.28125], "texture": "#0"},
				"west": {"uv": [6, 12.75, 6.03125, 12.78125], "texture": "#0"},
				"up": {"uv": [4.75, 11.53125, 4.5, 11.5], "texture": "#0"},
				"down": {"uv": [11.75, 4.5, 11.5, 4.53125], "texture": "#0"}
			}
		},
		{
			"from": [9.55, 5.925, 6],
			"to": [10.825, 6.075, 6.15],
			"rotation": {"angle": 0, "axis": "y", "origin": [9.875, 10.0625, 10.5]},
			"faces": {
				"north": {"uv": [8.25, 11.25, 8.5625, 11.28125], "texture": "#0"},
				"east": {"uv": [12.75, 5.5, 12.78125, 5.53125], "texture": "#0"},
				"south": {"uv": [8.75, 11.25, 9.0625, 11.28125], "texture": "#0"},
				"west": {"uv": [5.75, 12.75, 5.78125, 12.78125], "texture": "#0"},
				"up": {"uv": [9.5625, 11.28125, 9.25, 11.25], "texture": "#0"},
				"down": {"uv": [10.0625, 11.25, 9.75, 11.28125], "texture": "#0"}
			}
		},
		{
			"from": [11.75, 2.575, 6],
			"to": [12.45, 2.725, 6.15],
			"rotation": {"angle": 0, "axis": "y", "origin": [9.875, 10.0625, 10.5]},
			"faces": {
				"north": {"uv": [8, 11.5, 8.1875, 11.53125], "texture": "#0"},
				"east": {"uv": [3.5, 12.5, 3.53125, 12.53125], "texture": "#0"},
				"south": {"uv": [11.5, 8, 11.6875, 8.03125], "texture": "#0"},
				"west": {"uv": [12.5, 3.5, 12.53125, 3.53125], "texture": "#0"},
				"up": {"uv": [8.4375, 11.53125, 8.25, 11.5], "texture": "#0"},
				"down": {"uv": [11.6875, 8.25, 11.5, 8.28125], "texture": "#0"}
			}
		},
		{
			"from": [11.75, 2.875, 6],
			"to": [13.7, 3.025, 6.15],
			"rotation": {"angle": 0, "axis": "y", "origin": [9.875, 10.0625, 10.5]},
			"faces": {
				"north": {"uv": [1.75, 11, 2.25, 11.03125], "texture": "#0"},
				"east": {"uv": [3.75, 12.5, 3.78125, 12.53125], "texture": "#0"},
				"south": {"uv": [11, 1.75, 11.5, 1.78125], "texture": "#0"},
				"west": {"uv": [12.5, 3.75, 12.53125, 3.78125], "texture": "#0"},
				"up": {"uv": [11.5, 2.03125, 11, 2], "texture": "#0"},
				"down": {"uv": [2.75, 11, 2.25, 11.03125], "texture": "#0"}
			}
		},
		{
			"from": [8.45, 4.2, 6],
			"to": [15.95, 4.4, 6.15],
			"rotation": {"angle": 0, "axis": "y", "origin": [9.875, 5.9375, 10.5]},
			"faces": {
				"north": {"uv": [2, 3, 3.875, 3.0625], "texture": "#0"},
				"east": {"uv": [5.25, 12, 5.28125, 12.0625], "texture": "#0"},
				"south": {"uv": [2, 3.25, 3.875, 3.3125], "texture": "#0"},
				"west": {"uv": [12, 5.25, 12.03125, 5.3125], "texture": "#0"},
				"up": {"uv": [6.875, 1.03125, 5, 1], "texture": "#0"},
				"down": {"uv": [3.875, 5, 2, 5.03125], "texture": "#0"}
			}
		},
		{
			"from": [8.85, 4.075, 6],
			"to": [15.875, 4.2, 6.15],
			"rotation": {"angle": 0, "axis": "y", "origin": [9.875, 5.9375, 10.5]},
			"faces": {
				"north": {"uv": [1.75, 5.5, 3.5, 5.53125], "texture": "#0"},
				"east": {"uv": [12.75, 2.25, 12.78125, 2.28125], "texture": "#0"},
				"south": {"uv": [3.5, 5.5, 5.25, 5.53125], "texture": "#0"},
				"west": {"uv": [2.5, 12.75, 2.53125, 12.78125], "texture": "#0"},
				"up": {"uv": [7, 5.53125, 5.25, 5.5], "texture": "#0"},
				"down": {"uv": [7.25, 5.25, 5.5, 5.28125], "texture": "#0"}
			}
		},
		{
			"from": [8.45, 4.525, 6],
			"to": [15.95, 4.725, 6.15],
			"rotation": {"angle": 0, "axis": "y", "origin": [9.875, 10.0625, 10.5]},
			"faces": {
				"north": {"uv": [0, 3.5, 1.875, 3.5625], "texture": "#0"},
				"east": {"uv": [6.25, 12, 6.28125, 12.0625], "texture": "#0"},
				"south": {"uv": [3.5, 0.5, 5.375, 0.5625], "texture": "#0"},
				"west": {"uv": [12, 6.25, 12.03125, 6.3125], "texture": "#0"},
				"up": {"uv": [5.875, 5.03125, 4, 5], "texture": "#0"},
				"down": {"uv": [1.875, 5.25, 0, 5.28125], "texture": "#0"}
			}
		},
		{
			"from": [8.45, 4.4, 6],
			"to": [16.05, 4.525, 6.15],
			"rotation": {"angle": 0, "axis": "y", "origin": [9.875, 10.0625, 10.5]},
			"faces": {
				"north": {"uv": [2, 4.75, 3.90625, 4.78125], "texture": "#0"},
				"east": {"uv": [12.75, 2.5, 12.78125, 2.53125], "texture": "#0"},
				"south": {"uv": [4, 4.75, 5.90625, 4.78125], "texture": "#0"},
				"west": {"uv": [2.75, 12.75, 2.78125, 12.78125], "texture": "#0"},
				"up": {"uv": [1.90625, 5.03125, 0, 5], "texture": "#0"},
				"down": {"uv": [6.90625, 0.75, 5, 0.78125], "texture": "#0"}
			}
		},
		{
			"from": [10.575, 4.575, 6.175],
			"to": [16.325, 4.7, 6.325],
			"rotation": {"angle": 0, "axis": "y", "origin": [9.875, 10.0625, 10.5]},
			"faces": {
				"north": {"uv": [4.5, 8.5, 5.9375, 8.53125], "texture": "#0"},
				"east": {"uv": [4, 12.5, 4.03125, 12.53125], "texture": "#0"},
				"south": {"uv": [6, 8.5, 7.4375, 8.53125], "texture": "#0"},
				"west": {"uv": [12.5, 4, 12.53125, 4.03125], "texture": "#0"},
				"up": {"uv": [8.9375, 8.53125, 7.5, 8.5], "texture": "#0"},
				"down": {"uv": [1.4375, 8.75, 0, 8.78125], "texture": "#0"}
			}
		},
		{
			"from": [10.575, 4.375, 6.175],
			"to": [16.425, 4.575, 6.325],
			"rotation": {"angle": 0, "axis": "y", "origin": [9.875, 10.0625, 10.5]},
			"faces": {
				"north": {"uv": [3.5, 0.75, 4.96875, 0.8125], "texture": "#0"},
				"east": {"uv": [6, 12, 6.03125, 12.0625], "texture": "#0"},
				"south": {"uv": [3.5, 1, 4.96875, 1.0625], "texture": "#0"},
				"west": {"uv": [12, 6, 12.03125, 6.0625], "texture": "#0"},
				"up": {"uv": [9.46875, 4.03125, 8, 4], "texture": "#0"},
				"down": {"uv": [5.96875, 8, 4.5, 8.03125], "texture": "#0"}
			}
		}
	],
	"display": {
		"thirdperson_righthand": {
			"rotation": [0, -90, 0],
			"translation": [0.15, 2.336, -0.25],
			"scale": [1.25, 1.25, 1.25]
		},
		"thirdperson_lefthand": {
			"rotation": [0, -90, 180],
			"translation": [0.1, -6.414, -0.25],
			"scale": [1.25, 1.25, 1.25]
		},
		"firstperson_righthand": {
			"rotation": [7, -91, -19],
			"translation": [-0.75, 4.5, 3.75],
			"scale": [0.85, 0.85, 0.85]
		},
		"firstperson_lefthand": {
			"rotation": [8, -90, 162],
			"translation": [-0.5, -1, 1],
			"scale": [0.85, 0.85, 0.85]
		},
		"ground": {
			"translation": [0, 23, 0],
			"scale": [1.25, 1.25, 1.25]
		},
		"gui": {
			"rotation": [0, 0, -135],
			"translation": [4.25, -2.75, 0],
			"scale": [1.3, 1.3, 1.3]
		},
		"head": {
			"rotation": [0, -180, 47],
			"translation": [6, -13, 3.75],
			"scale": [1.5, 1.5, 1.5]
		},
		"fixed": {
			"rotation": [0, 0, -44],
			"translation": [2.75, 3.5, -0.75],
			"scale": [1.3, 1.3, 1.3]
		}
	}
}