{
	"credit": "Made with Blockbench",
	"texture_size": [32, 32],
	"textures": {
		"0": "item/dagger",
		"particle": "item/dagger"
	},
	"elements": [
		{
			"from": [8, 2.5, 8.075],
			"to": [8.75, 5.5, 8.425],
			"faces": {
				"north": {"uv": [1, 0, 1.375, 1.5], "texture": "#0"},
				"east": {"uv": [2, 2, 2.1875, 3.5], "texture": "#0"},
				"south": {"uv": [1.5, 0, 1.875, 1.5], "texture": "#0"},
				"west": {"uv": [2.5, 0.5, 2.6875, 2], "texture": "#0"},
				"up": {"uv": [1.875, 6.1875, 1.5, 6], "texture": "#0"},
				"down": {"uv": [6.375, 1.5, 6, 1.6875], "texture": "#0"}
			}
		},
		{
			"from": [7.95, 5.125, 8],
			"to": [8.8, 5.475, 8.5],
			"faces": {
				"north": {"uv": [1, 6, 1.4375, 6.1875], "texture": "#0"},
				"east": {"uv": [6, 6.5, 6.25, 6.6875], "texture": "#0"},
				"south": {"uv": [6, 1, 6.4375, 1.1875], "texture": "#0"},
				"west": {"uv": [6.5, 6, 6.75, 6.1875], "texture": "#0"},
				"up": {"uv": [5.4375, 1.75, 5, 1.5], "texture": "#0"},
				"down": {"uv": [5.4375, 2, 5, 2.25], "texture": "#0"}
			}
		},
		{
			"from": [7.95, 4.9, 8],
			"to": [8.8, 5.1, 8.5],
			"faces": {
				"north": {"uv": [6, 6, 6.4375, 6.125], "texture": "#0"},
				"east": {"uv": [7, 5, 7.25, 5.125], "texture": "#0"},
				"south": {"uv": [6.5, 0, 6.9375, 0.125], "texture": "#0"},
				"west": {"uv": [5.5, 7, 5.75, 7.125], "texture": "#0"},
				"up": {"uv": [5.4375, 2.75, 5, 2.5], "texture": "#0"},
				"down": {"uv": [5.4375, 3, 5, 3.25], "texture": "#0"}
			}
		},
		{
			"from": [7.95, 2.875, 8],
			"to": [8.8, 3.075, 8.5],
			"rotation": {"angle": 0, "axis": "y", "origin": [0, 16, 0]},
			"faces": {
				"north": {"uv": [6.5, 0.5, 6.9375, 0.625], "texture": "#0"},
				"east": {"uv": [7, 5.5, 7.25, 5.625], "texture": "#0"},
				"south": {"uv": [1, 6.5, 1.4375, 6.625], "texture": "#0"},
				"west": {"uv": [6, 7, 6.25, 7.125], "texture": "#0"},
				"up": {"uv": [5.4375, 3.75, 5, 3.5], "texture": "#0"},
				"down": {"uv": [5.4375, 4, 5, 4.25], "texture": "#0"}
			}
		},
		{
			"from": [7.95, 2.55, 8],
			"to": [8.8, 2.85, 8.5],
			"rotation": {"angle": 0, "axis": "y", "origin": [0, 16, 0]},
			"faces": {
				"north": {"uv": [6.5, 1, 6.9375, 1.125], "texture": "#0"},
				"east": {"uv": [7, 6, 7.25, 6.125], "texture": "#0"},
				"south": {"uv": [1.5, 6.5, 1.9375, 6.625], "texture": "#0"},
				"west": {"uv": [6.5, 7, 6.75, 7.125], "texture": "#0"},
				"up": {"uv": [4.9375, 5.25, 4.5, 5], "texture": "#0"},
				"down": {"uv": [5.4375, 4.5, 5, 4.75], "texture": "#0"}
			}
		},
		{
			"from": [7.95, 3.325, 8],
			"to": [8.8, 3.525, 8.5],
			"rotation": {"angle": 0, "axis": "y", "origin": [0, 16, 0]},
			"faces": {
				"north": {"uv": [6.5, 2, 6.9375, 2.125], "texture": "#0"},
				"east": {"uv": [2, 7.5, 2.25, 7.625], "texture": "#0"},
				"south": {"uv": [2.5, 6.5, 2.9375, 6.625], "texture": "#0"},
				"west": {"uv": [7.5, 2, 7.75, 2.125], "texture": "#0"},
				"up": {"uv": [5.9375, 0.75, 5.5, 0.5], "texture": "#0"},
				"down": {"uv": [1.4375, 5.5, 1, 5.75], "texture": "#0"}
			}
		},
		{
			"from": [7.95, 3.1, 8],
			"to": [8.8, 3.3, 8.5],
			"rotation": {"angle": 0, "axis": "y", "origin": [0, 16, 0]},
			"faces": {
				"north": {"uv": [6.5, 1.5, 6.9375, 1.625], "texture": "#0"},
				"east": {"uv": [1.5, 7.5, 1.75, 7.625], "texture": "#0"},
				"south": {"uv": [2, 6.5, 2.4375, 6.625], "texture": "#0"},
				"west": {"uv": [7.5, 1.5, 7.75, 1.625], "texture": "#0"},
				"up": {"uv": [5.4375, 5.25, 5, 5], "texture": "#0"},
				"down": {"uv": [5.9375, 0, 5.5, 0.25], "texture": "#0"}
			}
		},
		{
			"from": [7.95, 4.225, 8],
			"to": [8.8, 4.425, 8.5],
			"rotation": {"angle": 0, "axis": "y", "origin": [0, 16, 0]},
			"faces": {
				"north": {"uv": [6.5, 4, 6.9375, 4.125], "texture": "#0"},
				"east": {"uv": [7.5, 4, 7.75, 4.125], "texture": "#0"},
				"south": {"uv": [6.5, 4.5, 6.9375, 4.625], "texture": "#0"},
				"west": {"uv": [4.5, 7.5, 4.75, 7.625], "texture": "#0"},
				"up": {"uv": [5.9375, 2.75, 5.5, 2.5], "texture": "#0"},
				"down": {"uv": [5.9375, 3, 5.5, 3.25], "texture": "#0"}
			}
		},
		{
			"from": [7.95, 4, 8],
			"to": [8.8, 4.2, 8.5],
			"rotation": {"angle": 0, "axis": "y", "origin": [0, 16, 0]},
			"faces": {
				"north": {"uv": [6.5, 3.5, 6.9375, 3.625], "texture": "#0"},
				"east": {"uv": [7.5, 3.5, 7.75, 3.625], "texture": "#0"},
				"south": {"uv": [4, 6.5, 4.4375, 6.625], "texture": "#0"},
				"west": {"uv": [4, 7.5, 4.25, 7.625], "texture": "#0"},
				"up": {"uv": [5.9375, 2.25, 5.5, 2], "texture": "#0"},
				"down": {"uv": [2.9375, 5.5, 2.5, 5.75], "texture": "#0"}
			}
		},
		{
			"from": [7.95, 4.45, 8],
			"to": [8.8, 4.65, 8.5],
			"rotation": {"angle": 0, "axis": "y", "origin": [0, 16, 0]},
			"faces": {
				"north": {"uv": [5.5, 6.5, 5.9375, 6.625], "texture": "#0"},
				"east": {"uv": [7.5, 5, 7.75, 5.125], "texture": "#0"},
				"south": {"uv": [6.5, 5.5, 6.9375, 5.625], "texture": "#0"},
				"west": {"uv": [5.5, 7.5, 5.75, 7.625], "texture": "#0"},
				"up": {"uv": [4.9375, 5.75, 4.5, 5.5], "texture": "#0"},
				"down": {"uv": [5.9375, 4.5, 5.5, 4.75], "texture": "#0"}
			}
		},
		{
			"from": [7.95, 4.675, 8],
			"to": [8.8, 4.875, 8.5],
			"rotation": {"angle": 0, "axis": "y", "origin": [0, 16, 0]},
			"faces": {
				"north": {"uv": [5, 6.5, 5.4375, 6.625], "texture": "#0"},
				"east": {"uv": [7.5, 4.5, 7.75, 4.625], "texture": "#0"},
				"south": {"uv": [6.5, 5, 6.9375, 5.125], "texture": "#0"},
				"west": {"uv": [5, 7.5, 5.25, 7.625], "texture": "#0"},
				"up": {"uv": [5.9375, 3.75, 5.5, 3.5], "texture": "#0"},
				"down": {"uv": [5.9375, 4, 5.5, 4.25], "texture": "#0"}
			}
		},
		{
			"from": [7.95, 3.55, 8],
			"to": [8.8, 3.75, 8.5],
			"rotation": {"angle": 0, "axis": "y", "origin": [0, 16, 0]},
			"faces": {
				"north": {"uv": [6.5, 3, 6.9375, 3.125], "texture": "#0"},
				"east": {"uv": [7.5, 3, 7.75, 3.125], "texture": "#0"},
				"south": {"uv": [3.5, 6.5, 3.9375, 6.625], "texture": "#0"},
				"west": {"uv": [3.5, 7.5, 3.75, 7.625], "texture": "#0"},
				"up": {"uv": [5.9375, 1.75, 5.5, 1.5], "texture": "#0"},
				"down": {"uv": [2.4375, 5.5, 2, 5.75], "texture": "#0"}
			}
		},
		{
			"from": [7.95, 3.775, 8],
			"to": [8.8, 3.975, 8.5],
			"rotation": {"angle": 0, "axis": "y", "origin": [0, 16, 0]},
			"faces": {
				"north": {"uv": [6.5, 2.5, 6.9375, 2.625], "texture": "#0"},
				"east": {"uv": [2.5, 7.5, 2.75, 7.625], "texture": "#0"},
				"south": {"uv": [3, 6.5, 3.4375, 6.625], "texture": "#0"},
				"west": {"uv": [7.5, 2.5, 7.75, 2.625], "texture": "#0"},
				"up": {"uv": [5.9375, 1.25, 5.5, 1], "texture": "#0"},
				"down": {"uv": [1.9375, 5.5, 1.5, 5.75], "texture": "#0"}
			}
		},
		{
			"from": [7.875, 2.225, 8],
			"to": [8.875, 2.525, 8.5],
			"rotation": {"angle": 0, "axis": "y", "origin": [0, 16, 0]},
			"faces": {
				"north": {"uv": [5, 6, 5.5, 6.125], "texture": "#0"},
				"east": {"uv": [7, 6.5, 7.25, 6.625], "texture": "#0"},
				"south": {"uv": [5, 6, 5.5, 6.125], "texture": "#0"},
				"west": {"uv": [7, 7, 7.25, 7.125], "texture": "#0"},
				"up": {"uv": [4.5, 1.75, 4, 1.5], "texture": "#0"},
				"down": {"uv": [4, 4, 3.5, 4.25], "texture": "#0"}
			}
		},
		{
			"from": [7.775, 1.8, 8],
			"to": [8.975, 2.225, 8.5],
			"rotation": {"angle": 0, "axis": "y", "origin": [0, 16, 0]},
			"faces": {
				"north": {"uv": [4.5, 1, 5.125, 1.1875], "texture": "#0"},
				"east": {"uv": [6.5, 6.5, 6.75, 6.6875], "texture": "#0"},
				"south": {"uv": [4.5, 1, 5.125, 1.1875], "texture": "#0"},
				"west": {"uv": [0, 7, 0.25, 7.1875], "texture": "#0"},
				"up": {"uv": [4.125, 3.25, 3.5, 3], "texture": "#0"},
				"down": {"uv": [4.125, 3.5, 3.5, 3.75], "texture": "#0"}
			}
		},
		{
			"from": [7.9, 1.475, 8],
			"to": [8.85, 1.8, 8.5],
			"rotation": {"angle": 0, "axis": "y", "origin": [0, 16, 0]},
			"faces": {
				"north": {"uv": [5.5, 5, 6, 5.1875], "texture": "#0"},
				"east": {"uv": [7, 0, 7.25, 0.1875], "texture": "#0"},
				"south": {"uv": [5.5, 5, 6, 5.1875], "texture": "#0"},
				"west": {"uv": [0.5, 7, 0.75, 7.1875], "texture": "#0"},
				"up": {"uv": [4.5, 4.25, 4, 4], "texture": "#0"},
				"down": {"uv": [5, 0, 4.5, 0.25], "texture": "#0"}
			}
		},
		{
			"from": [7, 5.5, 8],
			"to": [9.75, 5.75, 8.5],
			"faces": {
				"north": {"uv": [3.5, 2, 4.875, 2.125], "texture": "#0"},
				"east": {"uv": [0, 7.5, 0.25, 7.625], "texture": "#0"},
				"south": {"uv": [3.5, 2.5, 4.875, 2.625], "texture": "#0"},
				"west": {"uv": [7.5, 0, 7.75, 0.125], "texture": "#0"},
				"up": {"uv": [2.375, 1.75, 1, 1.5], "texture": "#0"},
				"down": {"uv": [3.375, 0, 2, 0.25], "texture": "#0"}
			}
		},
		{
			"from": [7.85, 7.175, 8.19],
			"to": [8.05, 11.1, 8.315],
			"faces": {
				"north": {"uv": [2.5, 2, 2.625, 3.9375], "texture": "#0"},
				"east": {"uv": [3, 4.5, 3.0625, 6.4375], "texture": "#0"},
				"south": {"uv": [0, 3, 0.125, 4.9375], "texture": "#0"},
				"west": {"uv": [4.5, 3, 4.5625, 4.9375], "texture": "#0"},
				"up": {"uv": [8.125, 8.0625, 8, 8], "texture": "#0"},
				"down": {"uv": [0.125, 8.5, 0, 8.5625], "texture": "#0"}
			}
		},
		{
			"from": [7.95, 5.75, 8.19],
			"to": [8.15, 7.175, 8.315],
			"faces": {
				"north": {"uv": [5.5, 5.5, 5.625, 6.1875], "texture": "#0"},
				"east": {"uv": [7, 2.5, 7.0625, 3.1875], "texture": "#0"},
				"south": {"uv": [6, 0, 6.125, 0.6875], "texture": "#0"},
				"west": {"uv": [3, 7, 3.0625, 7.6875], "texture": "#0"},
				"up": {"uv": [8.625, 1.5625, 8.5, 1.5], "texture": "#0"},
				"down": {"uv": [2.125, 8.5, 2, 8.5625], "texture": "#0"}
			}
		},
		{
			"from": [8.125, 5.75, 8.125],
			"to": [8.8, 11.1, 8.375],
			"faces": {
				"north": {"uv": [0, 0, 0.3125, 2.6875], "texture": "#0"},
				"east": {"uv": [1, 2, 1.125, 4.6875], "texture": "#0"},
				"south": {"uv": [0.3125, 0, 0, 2.6875], "texture": "#0"},
				"west": {"uv": [1.5, 2, 1.625, 4.6875], "texture": "#0"},
				"up": {"uv": [3.8125, 7.125, 3.5, 7], "texture": "#0"},
				"down": {"uv": [7.3125, 3.5, 7, 3.625], "texture": "#0"}
			}
		},
		{
			"from": [8.025, 7.175, 8.125],
			"to": [8.15, 11.1, 8.375],
			"faces": {
				"north": {"uv": [3.5, 4.5, 3.5625, 6.4375], "texture": "#0"},
				"east": {"uv": [0.5, 3, 0.625, 4.9375], "texture": "#0"},
				"south": {"uv": [3.5, 4.5, 3.5625, 6.4375], "texture": "#0"},
				"west": {"uv": [3, 0.5, 3.125, 2.4375], "texture": "#0"},
				"up": {"uv": [8.5625, 1.125, 8.5, 1], "texture": "#0"},
				"down": {"uv": [1.5625, 8.5, 1.5, 8.625], "texture": "#0"}
			}
		},
		{
			"from": [8.15, 11.1, 8.125],
			"to": [8.8, 12.1, 8.375],
			"faces": {
				"north": {"uv": [2, 3.5, 2.3125, 4], "texture": "#0"},
				"east": {"uv": [6, 5, 6.125, 5.5], "texture": "#0"},
				"south": {"uv": [2.3125, 3.5, 2, 4], "texture": "#0"},
				"west": {"uv": [6, 5.5, 6.125, 6], "texture": "#0"},
				"up": {"uv": [4.3125, 7.125, 4, 7], "texture": "#0"},
				"down": {"uv": [7.3125, 4, 7, 4.125], "texture": "#0"}
			}
		},
		{
			"from": [8.375, 12.1, 8.125],
			"to": [8.8, 12.6, 8.375],
			"faces": {
				"north": {"uv": [7, 0.5, 7.1875, 0.75], "texture": "#0"},
				"east": {"uv": [0.5, 7.5, 0.625, 7.75], "texture": "#0"},
				"south": {"uv": [7.1875, 0.5, 7, 0.75], "texture": "#0"},
				"west": {"uv": [7.5, 0.5, 7.625, 0.75], "texture": "#0"},
				"up": {"uv": [0.6875, 8.125, 0.5, 8], "texture": "#0"},
				"down": {"uv": [8.1875, 0.5, 8, 0.625], "texture": "#0"}
			}
		},
		{
			"from": [7.95, 11.1, 8.19],
			"to": [8.8, 12.1, 8.315],
			"faces": {
				"north": {"uv": [2, 0.5, 2.4375, 1], "texture": "#0"},
				"east": {"uv": [1, 7.5, 1.0625, 8], "texture": "#0"},
				"south": {"uv": [2, 1, 2.4375, 1.5], "texture": "#0"},
				"west": {"uv": [7.5, 1, 7.5625, 1.5], "texture": "#0"},
				"up": {"uv": [0.4375, 8.0625, 0, 8], "texture": "#0"},
				"down": {"uv": [8.4375, 0, 8, 0.0625], "texture": "#0"}
			}
		},
		{
			"from": [8.075, 12.1, 8.19],
			"to": [8.4, 12.6, 8.315],
			"faces": {
				"north": {"uv": [7, 1, 7.1875, 1.25], "texture": "#0"},
				"east": {"uv": [3.5, 8, 3.5625, 8.25], "texture": "#0"},
				"south": {"uv": [1.5, 7, 1.6875, 7.25], "texture": "#0"},
				"west": {"uv": [8, 3.5, 8.0625, 3.75], "texture": "#0"},
				"up": {"uv": [6.1875, 8.0625, 6, 8], "texture": "#0"},
				"down": {"uv": [8.1875, 6, 8, 6.0625], "texture": "#0"}
			}
		},
		{
			"from": [8.225, 12.6, 8.19],
			"to": [8.575, 12.925, 8.315],
			"faces": {
				"north": {"uv": [7, 4.5, 7.1875, 4.6875], "texture": "#0"},
				"east": {"uv": [6.5, 8, 6.5625, 8.1875], "texture": "#0"},
				"south": {"uv": [5, 7, 5.1875, 7.1875], "texture": "#0"},
				"west": {"uv": [8, 6.5, 8.0625, 6.6875], "texture": "#0"},
				"up": {"uv": [7.1875, 8.0625, 7, 8], "texture": "#0"},
				"down": {"uv": [8.1875, 7, 8, 7.0625], "texture": "#0"}
			}
		},
		{
			"from": [8.4, 12.925, 8.19],
			"to": [8.8, 13.125, 8.315],
			"faces": {
				"north": {"uv": [1, 8, 1.1875, 8.125], "texture": "#0"},
				"east": {"uv": [8.5, 0, 8.5625, 0.125], "texture": "#0"},
				"south": {"uv": [8, 1, 8.1875, 1.125], "texture": "#0"},
				"west": {"uv": [0.5, 8.5, 0.5625, 8.625], "texture": "#0"},
				"up": {"uv": [7.6875, 8.0625, 7.5, 8], "texture": "#0"},
				"down": {"uv": [8.1875, 7.5, 8, 7.5625], "texture": "#0"}
			}
		},
		{
			"from": [8.55, 13.125, 8.19],
			"to": [8.8, 13.325, 8.315],
			"faces": {
				"north": {"uv": [4.5, 8, 4.625, 8.125], "texture": "#0"},
				"east": {"uv": [8.5, 2, 8.5625, 2.125], "texture": "#0"},
				"south": {"uv": [8, 4.5, 8.125, 4.625], "texture": "#0"},
				"west": {"uv": [2.5, 8.5, 2.5625, 8.625], "texture": "#0"},
				"up": {"uv": [8.625, 2.5625, 8.5, 2.5], "texture": "#0"},
				"down": {"uv": [3.125, 8.5, 3, 8.5625], "texture": "#0"}
			}
		},
		{
			"from": [8.675, 13.325, 8.19],
			"to": [8.925, 13.45, 8.315],
			"faces": {
				"north": {"uv": [8.5, 3.5, 8.625, 3.5625], "texture": "#0"},
				"east": {"uv": [8.5, 4.5, 8.5625, 4.5625], "texture": "#0"},
				"south": {"uv": [4, 8.5, 4.125, 8.5625], "texture": "#0"},
				"west": {"uv": [5, 8.5, 5.0625, 8.5625], "texture": "#0"},
				"up": {"uv": [8.625, 4.0625, 8.5, 4], "texture": "#0"},
				"down": {"uv": [4.625, 8.5, 4.5, 8.5625], "texture": "#0"}
			}
		},
		{
			"from": [8.55, 12.6, 8.125],
			"to": [8.8, 12.925, 8.375],
			"faces": {
				"north": {"uv": [1.5, 8, 1.625, 8.1875], "texture": "#0"},
				"east": {"uv": [8, 1.5, 8.125, 1.6875], "texture": "#0"},
				"south": {"uv": [1.625, 8, 1.5, 8.1875], "texture": "#0"},
				"west": {"uv": [8, 2, 8.125, 2.1875], "texture": "#0"},
				"up": {"uv": [4.125, 8.125, 4, 8], "texture": "#0"},
				"down": {"uv": [8.125, 4, 8, 4.125], "texture": "#0"}
			}
		},
		{
			"from": [8.775, 9.6, 8.125],
			"to": [8.925, 13.325, 8.375],
			"faces": {
				"north": {"uv": [0, 5, 0.0625, 6.875], "texture": "#0"},
				"east": {"uv": [3, 2.5, 3.125, 4.375], "texture": "#0"},
				"south": {"uv": [0, 5, 0.0625, 6.875], "texture": "#0"},
				"west": {"uv": [3.5, 0, 3.625, 1.875], "texture": "#0"},
				"up": {"uv": [8.5625, 0.625, 8.5, 0.5], "texture": "#0"},
				"down": {"uv": [1.0625, 8.5, 1, 8.625], "texture": "#0"}
			}
		},
		{
			"from": [8.9, 11.4, 8.125],
			"to": [9.05, 13.55, 8.375],
			"faces": {
				"north": {"uv": [6, 3, 6.0625, 4.0625], "texture": "#0"},
				"east": {"uv": [2, 4, 2.125, 5.0625], "texture": "#0"},
				"south": {"uv": [6, 3, 6.0625, 4.0625], "texture": "#0"},
				"west": {"uv": [2.5, 4, 2.625, 5.0625], "texture": "#0"},
				"up": {"uv": [8.5625, 3.125, 8.5, 3], "texture": "#0"},
				"down": {"uv": [3.5625, 8.5, 3.5, 8.625], "texture": "#0"}
			}
		},
		{
			"from": [6.75, 5.65, 8.05],
			"to": [7.5, 5.9, 8.45],
			"faces": {
				"north": {"uv": [7, 1.5, 7.375, 1.625], "texture": "#0"},
				"east": {"uv": [2.5, 8, 2.6875, 8.125], "texture": "#0"},
				"south": {"uv": [2, 7, 2.375, 7.125], "texture": "#0"},
				"west": {"uv": [8, 2.5, 8.1875, 2.625], "texture": "#0"},
				"up": {"uv": [2.375, 6.1875, 2, 6], "texture": "#0"},
				"down": {"uv": [6.375, 2, 6, 2.1875], "texture": "#0"}
			}
		},
		{
			"from": [6.6, 5.85, 8.125],
			"to": [7.1, 6.1, 8.375],
			"faces": {
				"north": {"uv": [7.5, 5.5, 7.75, 5.625], "texture": "#0"},
				"east": {"uv": [5, 8, 5.125, 8.125], "texture": "#0"},
				"south": {"uv": [6, 7.5, 6.25, 7.625], "texture": "#0"},
				"west": {"uv": [8, 5, 8.125, 5.125], "texture": "#0"},
				"up": {"uv": [7.75, 6.125, 7.5, 6], "texture": "#0"},
				"down": {"uv": [6.75, 7.5, 6.5, 7.625], "texture": "#0"}
			}
		},
		{
			"from": [9.675, 5.85, 8.125],
			"to": [10.175, 6.1, 8.375],
			"rotation": {"angle": 0, "axis": "y", "origin": [16, 0, 0]},
			"faces": {
				"north": {"uv": [7.5, 6.5, 7.75, 6.625], "texture": "#0"},
				"east": {"uv": [5.5, 8, 5.625, 8.125], "texture": "#0"},
				"south": {"uv": [7, 7.5, 7.25, 7.625], "texture": "#0"},
				"west": {"uv": [8, 5.5, 8.125, 5.625], "texture": "#0"},
				"up": {"uv": [7.75, 7.125, 7.5, 7], "texture": "#0"},
				"down": {"uv": [7.75, 7.5, 7.5, 7.625], "texture": "#0"}
			}
		},
		{
			"from": [9.275, 5.65, 8.05],
			"to": [10.025, 5.9, 8.45],
			"rotation": {"angle": 0, "axis": "y", "origin": [16, 0, 0]},
			"faces": {
				"north": {"uv": [7, 2, 7.375, 2.125], "texture": "#0"},
				"east": {"uv": [3, 8, 3.1875, 8.125], "texture": "#0"},
				"south": {"uv": [2.5, 7, 2.875, 7.125], "texture": "#0"},
				"west": {"uv": [8, 3, 8.1875, 3.125], "texture": "#0"},
				"up": {"uv": [2.875, 6.1875, 2.5, 6], "texture": "#0"},
				"down": {"uv": [6.375, 2.5, 6, 2.6875], "texture": "#0"}
			}
		}
	],
	"display": {
		"thirdperson_righthand": {
			"rotation": [0, -90, 0],
			"translation": [0.4, 3.836, -0.5],
			"scale": [1.5, 1.5, 1.5]
		},
		"thirdperson_lefthand": {
			"rotation": [0, 90, 0],
			"translation": [-0.4, 4.836, -0.5],
			"scale": [1.5, 1.5, 1.5]
		},
		"firstperson_righthand": {
			"rotation": [-11, -76, 0],
			"translation": [2.6, 3.75, -0.758]
		},
		"firstperson_lefthand": {
			"rotation": [-11, 104, 0],
			"translation": [2.6, 3.75, -0.75]
		},
		"ground": {
			"translation": [0, 6.5, 0],
			"scale": [1.5, 1.5, 1.5]
		},
		"gui": {
			"rotation": [0, 0, -45],
			"translation": [0.25, 0.75, 0]
		},
		"head": {
			"translation": [0, 17.5, 0],
			"scale": [1.5, 1.5, 1.5]
		},
		"fixed": {
			"rotation": [0, 180, -45],
			"translation": [-0.25, 0.5, -2]
		}
	},
	"groups": [
		{
			"name": "hilt",
			"origin": [8, 8, 8],
			"color": 0,
			"children": []
		},
		0,
		1,
		2,
		3,
		4,
		5,
		6,
		7,
		8,
		9,
		10,
		11,
		12,
		13,
		14,
		15,
		16,
		{
			"name": "blade",
			"origin": [8, 8, 8],
			"color": 0,
			"children": [17, 18, 19, 20, 21, 22, 23, 24, 25, 26, 27, 28, 29, 30, 31]
		},
		32,
		33,
		34,
		35
	]
}