{
	"credit": "Made with Blockbench",
	"texture_size": [64, 64],
	"textures": {
		"0": "item/dante",
		"particle": "item/dante"
	},
	"elements": [
		{
			"from": [8, -0.375, 8.075],
			"to": [8.75, 5.5, 8.425],
			"rotation": {"angle": 0, "axis": "y", "origin": [8.375, 13.00625, 8.25]},
			"faces": {
				"north": {"uv": [1, 2.75, 1.1875, 4.21875], "texture": "#0"},
				"east": {"uv": [3.5, 0, 3.59375, 1.46875], "texture": "#0"},
				"south": {"uv": [1, 2.75, 1.1875, 4.21875], "texture": "#0"},
				"west": {"uv": [3.5, 0, 3.59375, 1.46875], "texture": "#0"},
				"up": {"uv": [2.6875, 6.84375, 2.5, 6.75], "texture": "#0"},
				"down": {"uv": [2.9375, 6.75, 2.75, 6.84375], "texture": "#0"}
			}
		},
		{
			"from": [8, 5.5, 8],
			"to": [8.75, 5.75, 8.5],
			"rotation": {"angle": 0, "axis": "y", "origin": [8.375, 13.00625, 8.25]},
			"faces": {
				"north": {"uv": [5.25, 7.5, 5.4375, 7.5625], "texture": "#0"},
				"east": {"uv": [8.25, 0.5, 8.375, 0.5625], "texture": "#0"},
				"south": {"uv": [7.5, 5.25, 7.6875, 5.3125], "texture": "#0"},
				"west": {"uv": [0.75, 8.25, 0.875, 8.3125], "texture": "#0"},
				"up": {"uv": [6.6875, 0.625, 6.5, 0.5], "texture": "#0"},
				"down": {"uv": [0.9375, 6.5, 0.75, 6.625], "texture": "#0"}
			}
		},
		{
			"from": [8.6, 5.125, 8],
			"to": [8.8, 5.5, 8.5],
			"rotation": {"angle": 0, "axis": "y", "origin": [8.375, 13.00625, 8.25]},
			"faces": {
				"north": {"uv": [2.25, 8.5, 2.3125, 8.59375], "texture": "#0"},
				"east": {"uv": [5.5, 7.5, 5.625, 7.59375], "texture": "#0"},
				"south": {"uv": [8.5, 2.25, 8.5625, 2.34375], "texture": "#0"},
				"west": {"uv": [7.5, 5.5, 7.625, 5.59375], "texture": "#0"},
				"up": {"uv": [8.3125, 1.375, 8.25, 1.25], "texture": "#0"},
				"down": {"uv": [1.5625, 8.25, 1.5, 8.375], "texture": "#0"}
			}
		},
		{
			"from": [7.95, 5.125, 8],
			"to": [8.15, 5.5, 8.5],
			"rotation": {"angle": 0, "axis": "y", "origin": [8.375, 13.00625, 8.25]},
			"faces": {
				"north": {"uv": [2.5, 8.5, 2.5625, 8.59375], "texture": "#0"},
				"east": {"uv": [5.75, 7.5, 5.875, 7.59375], "texture": "#0"},
				"south": {"uv": [8.5, 2.5, 8.5625, 2.59375], "texture": "#0"},
				"west": {"uv": [7.5, 5.75, 7.625, 5.84375], "texture": "#0"},
				"up": {"uv": [8.3125, 1.625, 8.25, 1.5], "texture": "#0"},
				"down": {"uv": [1.8125, 8.25, 1.75, 8.375], "texture": "#0"}
			}
		},
		{
			"from": [8.05, 4.75, 8],
			"to": [8.25, 5.125, 8.5],
			"rotation": {"angle": 0, "axis": "y", "origin": [8.375, 13.00625, 8.25]},
			"faces": {
				"north": {"uv": [2.75, 8.5, 2.8125, 8.59375], "texture": "#0"},
				"east": {"uv": [6, 7.5, 6.125, 7.59375], "texture": "#0"},
				"south": {"uv": [8.5, 2.75, 8.5625, 2.84375], "texture": "#0"},
				"west": {"uv": [7.5, 6, 7.625, 6.09375], "texture": "#0"},
				"up": {"uv": [8.3125, 1.875, 8.25, 1.75], "texture": "#0"},
				"down": {"uv": [2.0625, 8.25, 2, 8.375], "texture": "#0"}
			}
		},
		{
			"from": [8.475, 4.75, 8],
			"to": [8.675, 5.125, 8.5],
			"rotation": {"angle": 0, "axis": "y", "origin": [8.375, 13.00625, 8.25]},
			"faces": {
				"north": {"uv": [3, 8.5, 3.0625, 8.59375], "texture": "#0"},
				"east": {"uv": [6.25, 7.5, 6.375, 7.59375], "texture": "#0"},
				"south": {"uv": [8.5, 3, 8.5625, 3.09375], "texture": "#0"},
				"west": {"uv": [7.5, 6.25, 7.625, 6.34375], "texture": "#0"},
				"up": {"uv": [8.3125, 2.125, 8.25, 2], "texture": "#0"},
				"down": {"uv": [2.3125, 8.25, 2.25, 8.375], "texture": "#0"}
			}
		},
		{
			"from": [8.375, -0.85, 8],
			"to": [8.9, -0.375, 8.5],
			"rotation": {"angle": 0, "axis": "y", "origin": [8.375, 13.00625, 8.25]},
			"faces": {
				"north": {"uv": [3.25, 7.25, 3.375, 7.375], "texture": "#0"},
				"east": {"uv": [4.75, 6.75, 4.875, 6.875], "texture": "#0"},
				"south": {"uv": [6.75, 4.75, 6.875, 4.875], "texture": "#0"},
				"west": {"uv": [5, 6.75, 5.125, 6.875], "texture": "#0"},
				"up": {"uv": [6.875, 5.125, 6.75, 5], "texture": "#0"},
				"down": {"uv": [5.375, 6.75, 5.25, 6.875], "texture": "#0"}
			}
		},
		{
			"from": [8.55, -1.325, 8],
			"to": [9.025, -0.85, 8.5],
			"rotation": {"angle": 0, "axis": "y", "origin": [8.375, 13.00625, 8.25]},
			"faces": {
				"north": {"uv": [2.25, 7.25, 2.375, 7.375], "texture": "#0"},
				"east": {"uv": [5.5, 6.75, 5.625, 6.875], "texture": "#0"},
				"south": {"uv": [5.75, 6.75, 5.875, 6.875], "texture": "#0"},
				"west": {"uv": [6.75, 5.75, 6.875, 5.875], "texture": "#0"},
				"up": {"uv": [6.125, 6.875, 6, 6.75], "texture": "#0"},
				"down": {"uv": [6.875, 6, 6.75, 6.125], "texture": "#0"}
			}
		},
		{
			"from": [8.725, -1.8, 7.975],
			"to": [9.125, -1.325, 8.525],
			"rotation": {"angle": 0, "axis": "y", "origin": [8.375, 13.00625, 8.25]},
			"faces": {
				"north": {"uv": [0.75, 8, 0.84375, 8.125], "texture": "#0"},
				"east": {"uv": [6.25, 6.75, 6.375, 6.875], "texture": "#0"},
				"south": {"uv": [0, 7.75, 0.09375, 7.875], "texture": "#0"},
				"west": {"uv": [6.75, 6.25, 6.875, 6.375], "texture": "#0"},
				"up": {"uv": [7.84375, 0.125, 7.75, 0], "texture": "#0"},
				"down": {"uv": [0.34375, 7.75, 0.25, 7.875], "texture": "#0"}
			}
		},
		{
			"from": [8.775, -2.275, 7.95],
			"to": [9.175, -1.8, 8.55],
			"rotation": {"angle": 0, "axis": "y", "origin": [8.375, 13.00625, 8.25]},
			"faces": {
				"north": {"uv": [0.5, 8, 0.59375, 8.125], "texture": "#0"},
				"east": {"uv": [6.75, 1.75, 6.90625, 1.875], "texture": "#0"},
				"south": {"uv": [7.75, 5, 7.84375, 5.125], "texture": "#0"},
				"west": {"uv": [6.75, 2, 6.90625, 2.125], "texture": "#0"},
				"up": {"uv": [7.59375, 0.15625, 7.5, 0], "texture": "#0"},
				"down": {"uv": [0.34375, 7.5, 0.25, 7.65625], "texture": "#0"}
			}
		},
		{
			"from": [8.725, -2.75, 7.975],
			"to": [9.125, -2.275, 8.525],
			"rotation": {"angle": 0, "axis": "y", "origin": [8.375, 13.00625, 8.25]},
			"faces": {
				"north": {"uv": [0, 8, 0.09375, 8.125], "texture": "#0"},
				"east": {"uv": [0.75, 7.25, 0.875, 7.375], "texture": "#0"},
				"south": {"uv": [7.75, 5.25, 7.84375, 5.375], "texture": "#0"},
				"west": {"uv": [7.25, 0.75, 7.375, 0.875], "texture": "#0"},
				"up": {"uv": [5.59375, 7.875, 5.5, 7.75], "texture": "#0"},
				"down": {"uv": [7.84375, 5.5, 7.75, 5.625], "texture": "#0"}
			}
		},
		{
			"from": [8.675, -3.225, 8],
			"to": [9.025, -2.75, 8.5],
			"rotation": {"angle": 0, "axis": "y", "origin": [8.375, 13.00625, 8.25]},
			"faces": {
				"north": {"uv": [7.75, 7.25, 7.84375, 7.375], "texture": "#0"},
				"east": {"uv": [1, 7.25, 1.125, 7.375], "texture": "#0"},
				"south": {"uv": [7.75, 5.75, 7.84375, 5.875], "texture": "#0"},
				"west": {"uv": [7.25, 1, 7.375, 1.125], "texture": "#0"},
				"up": {"uv": [6.09375, 7.875, 6, 7.75], "texture": "#0"},
				"down": {"uv": [7.84375, 6, 7.75, 6.125], "texture": "#0"}
			}
		},
		{
			"from": [8.725, -3.575, 8.025],
			"to": [9.075, -3.225, 8.475],
			"rotation": {"angle": 0, "axis": "y", "origin": [8.375, 13.00625, 8.25]},
			"faces": {
				"north": {"uv": [0.5, 8.25, 0.59375, 8.34375], "texture": "#0"},
				"east": {"uv": [6.25, 7.75, 6.375, 7.84375], "texture": "#0"},
				"south": {"uv": [0.25, 8.25, 0.34375, 8.34375], "texture": "#0"},
				"west": {"uv": [7.75, 6.25, 7.875, 6.34375], "texture": "#0"},
				"up": {"uv": [6.59375, 7.875, 6.5, 7.75], "texture": "#0"},
				"down": {"uv": [7.84375, 6.5, 7.75, 6.625], "texture": "#0"}
			}
		},
		{
			"from": [8.85, -3.875, 8.05],
			"to": [9.1, -3.575, 8.45],
			"rotation": {"angle": 0, "axis": "y", "origin": [8.375, 13.00625, 8.25]},
			"faces": {
				"north": {"uv": [8.75, 6.5, 8.8125, 6.5625], "texture": "#0"},
				"east": {"uv": [8.5, 8.5, 8.59375, 8.5625], "texture": "#0"},
				"south": {"uv": [6.75, 8.75, 6.8125, 8.8125], "texture": "#0"},
				"west": {"uv": [0, 8.75, 0.09375, 8.8125], "texture": "#0"},
				"up": {"uv": [8.8125, 0.09375, 8.75, 0], "texture": "#0"},
				"down": {"uv": [0.3125, 8.75, 0.25, 8.84375], "texture": "#0"}
			}
		},
		{
			"from": [8.95, -4.05, 8.025],
			"to": [9.175, -3.8, 8.475],
			"rotation": {"angle": 0, "axis": "y", "origin": [8.375, 13.00625, 8.25]},
			"faces": {
				"north": {"uv": [8.75, 6.75, 8.8125, 6.8125], "texture": "#0"},
				"east": {"uv": [5.5, 8.25, 5.625, 8.3125], "texture": "#0"},
				"south": {"uv": [7, 8.75, 7.0625, 8.8125], "texture": "#0"},
				"west": {"uv": [8.25, 5.5, 8.375, 5.5625], "texture": "#0"},
				"up": {"uv": [5.8125, 8.375, 5.75, 8.25], "texture": "#0"},
				"down": {"uv": [8.3125, 5.75, 8.25, 5.875], "texture": "#0"}
			}
		},
		{
			"from": [7.85, -0.85, 8],
			"to": [8.375, -0.375, 8.5],
			"rotation": {"angle": 0, "axis": "y", "origin": [8.375, 13.00625, 8.25]},
			"faces": {
				"north": {"uv": [6.75, 4.75, 6.875, 4.875], "texture": "#0"},
				"east": {"uv": [7.25, 3, 7.375, 3.125], "texture": "#0"},
				"south": {"uv": [3.25, 7.25, 3.375, 7.375], "texture": "#0"},
				"west": {"uv": [7.25, 3.25, 7.375, 3.375], "texture": "#0"},
				"up": {"uv": [3.625, 7.375, 3.5, 7.25], "texture": "#0"},
				"down": {"uv": [7.375, 3.5, 7.25, 3.625], "texture": "#0"}
			}
		},
		{
			"from": [7.725, -1.325, 8],
			"to": [8.2, -0.85, 8.5],
			"rotation": {"angle": 0, "axis": "y", "origin": [8.375, 13.00625, 8.25]},
			"faces": {
				"north": {"uv": [5.75, 6.75, 5.875, 6.875], "texture": "#0"},
				"east": {"uv": [7.25, 2, 7.375, 2.125], "texture": "#0"},
				"south": {"uv": [2.25, 7.25, 2.375, 7.375], "texture": "#0"},
				"west": {"uv": [7.25, 2.25, 7.375, 2.375], "texture": "#0"},
				"up": {"uv": [2.625, 7.375, 2.5, 7.25], "texture": "#0"},
				"down": {"uv": [2.875, 7.25, 2.75, 7.375], "texture": "#0"}
			}
		},
		{
			"from": [7.625, -1.8, 7.975],
			"to": [8.025, -1.325, 8.525],
			"rotation": {"angle": 0, "axis": "y", "origin": [8.375, 13.00625, 8.25]},
			"faces": {
				"north": {"uv": [0, 7.75, 0.09375, 7.875], "texture": "#0"},
				"east": {"uv": [1.75, 7.25, 1.875, 7.375], "texture": "#0"},
				"south": {"uv": [0.75, 8, 0.84375, 8.125], "texture": "#0"},
				"west": {"uv": [7.25, 1.75, 7.375, 1.875], "texture": "#0"},
				"up": {"uv": [8.09375, 0.875, 8, 0.75], "texture": "#0"},
				"down": {"uv": [1.09375, 8, 1, 8.125], "texture": "#0"}
			}
		},
		{
			"from": [7.575, -2.275, 7.95],
			"to": [7.975, -1.8, 8.55],
			"rotation": {"angle": 0, "axis": "y", "origin": [8.375, 13.00625, 8.25]},
			"faces": {
				"north": {"uv": [7.75, 5, 7.84375, 5.125], "texture": "#0"},
				"east": {"uv": [2.25, 6.75, 2.40625, 6.875], "texture": "#0"},
				"south": {"uv": [0.5, 8, 0.59375, 8.125], "texture": "#0"},
				"west": {"uv": [6.75, 2.25, 6.90625, 2.375], "texture": "#0"},
				"up": {"uv": [7.59375, 0.40625, 7.5, 0.25], "texture": "#0"},
				"down": {"uv": [0.59375, 7.5, 0.5, 7.65625], "texture": "#0"}
			}
		},
		{
			"from": [7.625, -2.75, 7.975],
			"to": [8.025, -2.275, 8.525],
			"rotation": {"angle": 0, "axis": "y", "origin": [8.375, 13.00625, 8.25]},
			"faces": {
				"north": {"uv": [7.75, 5.25, 7.84375, 5.375], "texture": "#0"},
				"east": {"uv": [1.5, 7.25, 1.625, 7.375], "texture": "#0"},
				"south": {"uv": [0, 8, 0.09375, 8.125], "texture": "#0"},
				"west": {"uv": [7.25, 1.5, 7.375, 1.625], "texture": "#0"},
				"up": {"uv": [8.09375, 0.125, 8, 0], "texture": "#0"},
				"down": {"uv": [0.34375, 8, 0.25, 8.125], "texture": "#0"}
			}
		},
		{
			"from": [7.975, -2.65, 8.05],
			"to": [8.775, -0.85, 8.45],
			"rotation": {"angle": 0, "axis": "y", "origin": [8.375, 13.00625, 8.25]},
			"faces": {
				"north": {"uv": [4.25, 4.5, 4.4375, 4.9375], "texture": "#0"},
				"east": {"uv": [1.75, 6, 1.84375, 6.4375], "texture": "#0"},
				"south": {"uv": [4.25, 4.5, 4.4375, 4.9375], "texture": "#0"},
				"west": {"uv": [2, 6, 2.09375, 6.4375], "texture": "#0"},
				"up": {"uv": [3.9375, 6.84375, 3.75, 6.75], "texture": "#0"},
				"down": {"uv": [6.9375, 3.75, 6.75, 3.84375], "texture": "#0"}
			}
		},
		{
			"from": [7.725, -3.225, 8],
			"to": [8.075, -2.75, 8.5],
			"rotation": {"angle": 0, "axis": "y", "origin": [8.375, 13.00625, 8.25]},
			"faces": {
				"north": {"uv": [7.75, 5.75, 7.84375, 5.875], "texture": "#0"},
				"east": {"uv": [1.25, 7.25, 1.375, 7.375], "texture": "#0"},
				"south": {"uv": [7.75, 7.25, 7.84375, 7.375], "texture": "#0"},
				"west": {"uv": [7.25, 1.25, 7.375, 1.375], "texture": "#0"},
				"up": {"uv": [7.59375, 7.875, 7.5, 7.75], "texture": "#0"},
				"down": {"uv": [7.84375, 7.5, 7.75, 7.625], "texture": "#0"}
			}
		},
		{
			"from": [8.175, -2.725, 8.05],
			"to": [8.55, -2.65, 8.45],
			"rotation": {"angle": 0, "axis": "y", "origin": [8.375, 13.00625, 8.25]},
			"faces": {
				"north": {"uv": [9, 0.25, 9.09375, 0.28125], "texture": "#0"},
				"east": {"uv": [8.75, 7.5, 8.875, 7.53125], "texture": "#0"},
				"south": {"uv": [9, 0.25, 9.09375, 0.28125], "texture": "#0"},
				"west": {"uv": [7.75, 8.75, 7.875, 8.78125], "texture": "#0"},
				"up": {"uv": [1.34375, 8.125, 1.25, 8], "texture": "#0"},
				"down": {"uv": [8.09375, 1.25, 8, 1.375], "texture": "#0"}
			}
		},
		{
			"from": [7.675, -3.575, 8.025],
			"to": [8.025, -3.225, 8.475],
			"rotation": {"angle": 0, "axis": "y", "origin": [8.375, 13.00625, 8.25]},
			"faces": {
				"north": {"uv": [0.25, 8.25, 0.34375, 8.34375], "texture": "#0"},
				"east": {"uv": [6.75, 7.75, 6.875, 7.84375], "texture": "#0"},
				"south": {"uv": [0.5, 8.25, 0.59375, 8.34375], "texture": "#0"},
				"west": {"uv": [7.75, 6.75, 7.875, 6.84375], "texture": "#0"},
				"up": {"uv": [7.09375, 7.875, 7, 7.75], "texture": "#0"},
				"down": {"uv": [7.84375, 7, 7.75, 7.125], "texture": "#0"}
			}
		},
		{
			"from": [7.65, -3.875, 8.05],
			"to": [7.9, -3.575, 8.45],
			"rotation": {"angle": 0, "axis": "y", "origin": [8.375, 13.00625, 8.25]},
			"faces": {
				"north": {"uv": [8.75, 7.25, 8.8125, 7.3125], "texture": "#0"},
				"east": {"uv": [8.75, 0.25, 8.84375, 0.3125], "texture": "#0"},
				"south": {"uv": [7.5, 8.75, 7.5625, 8.8125], "texture": "#0"},
				"west": {"uv": [0.5, 8.75, 0.59375, 8.8125], "texture": "#0"},
				"up": {"uv": [8.8125, 0.59375, 8.75, 0.5], "texture": "#0"},
				"down": {"uv": [0.8125, 8.75, 0.75, 8.84375], "texture": "#0"}
			}
		},
		{
			"from": [7.575, -4.05, 8.025],
			"to": [7.8, -3.8, 8.475],
			"rotation": {"angle": 0, "axis": "y", "origin": [8.375, 13.00625, 8.25]},
			"faces": {
				"north": {"uv": [8.75, 7, 8.8125, 7.0625], "texture": "#0"},
				"east": {"uv": [6, 8.25, 6.125, 8.3125], "texture": "#0"},
				"south": {"uv": [7.25, 8.75, 7.3125, 8.8125], "texture": "#0"},
				"west": {"uv": [8.25, 6, 8.375, 6.0625], "texture": "#0"},
				"up": {"uv": [6.3125, 8.375, 6.25, 8.25], "texture": "#0"},
				"down": {"uv": [8.3125, 6.25, 8.25, 6.375], "texture": "#0"}
			}
		},
		{
			"from": [8.375, 4.375, 8],
			"to": [8.55, 4.75, 8.5],
			"rotation": {"angle": 0, "axis": "y", "origin": [8.375, 13.00625, 8.25]},
			"faces": {
				"north": {"uv": [8.75, 8.25, 8.78125, 8.34375], "texture": "#0"},
				"east": {"uv": [7.75, 0.25, 7.875, 0.34375], "texture": "#0"},
				"south": {"uv": [8.5, 8.75, 8.53125, 8.84375], "texture": "#0"},
				"west": {"uv": [0.5, 7.75, 0.625, 7.84375], "texture": "#0"},
				"up": {"uv": [8.78125, 3.375, 8.75, 3.25], "texture": "#0"},
				"down": {"uv": [3.53125, 8.75, 3.5, 8.875], "texture": "#0"}
			}
		},
		{
			"from": [8.175, 4.375, 8],
			"to": [8.375, 4.75, 8.5],
			"rotation": {"angle": 0, "axis": "y", "origin": [8.375, 13.00625, 8.25]},
			"faces": {
				"north": {"uv": [4.25, 8.5, 4.3125, 8.59375], "texture": "#0"},
				"east": {"uv": [7.75, 0.5, 7.875, 0.59375], "texture": "#0"},
				"south": {"uv": [8.5, 4.25, 8.5625, 4.34375], "texture": "#0"},
				"west": {"uv": [0.75, 7.75, 0.875, 7.84375], "texture": "#0"},
				"up": {"uv": [8.3125, 3.875, 8.25, 3.75], "texture": "#0"},
				"down": {"uv": [4.0625, 8.25, 4, 8.375], "texture": "#0"}
			}
		},
		{
			"from": [7.95, -0.375, 8],
			"to": [8.8, -0.175, 8.5],
			"rotation": {"angle": 0, "axis": "y", "origin": [8.375, 13.00625, 8.25]},
			"faces": {
				"north": {"uv": [4.25, 7.5, 4.46875, 7.5625], "texture": "#0"},
				"east": {"uv": [0.75, 8.5, 0.875, 8.5625], "texture": "#0"},
				"south": {"uv": [4.25, 7.5, 4.46875, 7.5625], "texture": "#0"},
				"west": {"uv": [8.5, 0.75, 8.625, 0.8125], "texture": "#0"},
				"up": {"uv": [6.46875, 4.625, 6.25, 4.5], "texture": "#0"},
				"down": {"uv": [4.96875, 6.25, 4.75, 6.375], "texture": "#0"}
			}
		},
		{
			"from": [8.375, 3.175, 8],
			"to": [8.55, 3.55, 8.5],
			"rotation": {"angle": 0, "axis": "y", "origin": [8.375, 13.00625, 8.25]},
			"faces": {
				"north": {"uv": [0.5, 9, 0.53125, 9.09375], "texture": "#0"},
				"east": {"uv": [3.25, 8, 3.375, 8.09375], "texture": "#0"},
				"south": {"uv": [9, 0.5, 9.03125, 0.59375], "texture": "#0"},
				"west": {"uv": [8, 3.25, 8.125, 3.34375], "texture": "#0"},
				"up": {"uv": [8.78125, 7.875, 8.75, 7.75], "texture": "#0"},
				"down": {"uv": [8.03125, 8.75, 8, 8.875], "texture": "#0"}
			}
		},
		{
			"from": [8.475, 3.55, 8],
			"to": [8.675, 3.925, 8.5],
			"rotation": {"angle": 0, "axis": "y", "origin": [8.375, 13.00625, 8.25]},
			"faces": {
				"north": {"uv": [8.75, 2.25, 8.8125, 2.34375], "texture": "#0"},
				"east": {"uv": [3, 8, 3.125, 8.09375], "texture": "#0"},
				"south": {"uv": [2.5, 8.75, 2.5625, 8.84375], "texture": "#0"},
				"west": {"uv": [8, 3, 8.125, 3.09375], "texture": "#0"},
				"up": {"uv": [8.3125, 8.125, 8.25, 8], "texture": "#0"},
				"down": {"uv": [8.3125, 8.25, 8.25, 8.375], "texture": "#0"}
			}
		},
		{
			"from": [8.6, 3.925, 8],
			"to": [8.8, 4.3, 8.5],
			"rotation": {"angle": 0, "axis": "y", "origin": [8.375, 13.00625, 8.25]},
			"faces": {
				"north": {"uv": [8.75, 2, 8.8125, 2.09375], "texture": "#0"},
				"east": {"uv": [2.75, 8, 2.875, 8.09375], "texture": "#0"},
				"south": {"uv": [2.25, 8.75, 2.3125, 8.84375], "texture": "#0"},
				"west": {"uv": [8, 2.75, 8.125, 2.84375], "texture": "#0"},
				"up": {"uv": [8.3125, 7.875, 8.25, 7.75], "texture": "#0"},
				"down": {"uv": [8.0625, 8.25, 8, 8.375], "texture": "#0"}
			}
		},
		{
			"from": [7.95, 3.925, 8],
			"to": [8.15, 4.3, 8.5],
			"rotation": {"angle": 0, "axis": "y", "origin": [8.375, 13.00625, 8.25]},
			"faces": {
				"north": {"uv": [8.75, 1.75, 8.8125, 1.84375], "texture": "#0"},
				"east": {"uv": [2.5, 8, 2.625, 8.09375], "texture": "#0"},
				"south": {"uv": [2, 8.75, 2.0625, 8.84375], "texture": "#0"},
				"west": {"uv": [8, 2.5, 8.125, 2.59375], "texture": "#0"},
				"up": {"uv": [8.3125, 7.625, 8.25, 7.5], "texture": "#0"},
				"down": {"uv": [7.8125, 8.25, 7.75, 8.375], "texture": "#0"}
			}
		},
		{
			"from": [8.05, 3.55, 8],
			"to": [8.25, 3.925, 8.5],
			"rotation": {"angle": 0, "axis": "y", "origin": [8.375, 13.00625, 8.25]},
			"faces": {
				"north": {"uv": [8.75, 1.5, 8.8125, 1.59375], "texture": "#0"},
				"east": {"uv": [2.25, 8, 2.375, 8.09375], "texture": "#0"},
				"south": {"uv": [1.75, 8.75, 1.8125, 8.84375], "texture": "#0"},
				"west": {"uv": [8, 2.25, 8.125, 2.34375], "texture": "#0"},
				"up": {"uv": [8.3125, 7.375, 8.25, 7.25], "texture": "#0"},
				"down": {"uv": [7.5625, 8.25, 7.5, 8.375], "texture": "#0"}
			}
		},
		{
			"from": [8.175, 3.175, 8],
			"to": [8.375, 3.55, 8.5],
			"rotation": {"angle": 0, "axis": "y", "origin": [8.375, 13.00625, 8.25]},
			"faces": {
				"north": {"uv": [8.75, 1.25, 8.8125, 1.34375], "texture": "#0"},
				"east": {"uv": [2, 8, 2.125, 8.09375], "texture": "#0"},
				"south": {"uv": [1.5, 8.75, 1.5625, 8.84375], "texture": "#0"},
				"west": {"uv": [8, 2, 8.125, 2.09375], "texture": "#0"},
				"up": {"uv": [8.3125, 7.125, 8.25, 7], "texture": "#0"},
				"down": {"uv": [7.3125, 8.25, 7.25, 8.375], "texture": "#0"}
			}
		},
		{
			"from": [7.95, 1.525, 8],
			"to": [8.15, 1.9, 8.5],
			"rotation": {"angle": 0, "axis": "y", "origin": [8.375, 13.00625, 8.25]},
			"faces": {
				"north": {"uv": [8.75, 1.75, 8.8125, 1.84375], "texture": "#0"},
				"east": {"uv": [2.5, 8, 2.625, 8.09375], "texture": "#0"},
				"south": {"uv": [2, 8.75, 2.0625, 8.84375], "texture": "#0"},
				"west": {"uv": [8, 2.5, 8.125, 2.59375], "texture": "#0"},
				"up": {"uv": [8.3125, 7.625, 8.25, 7.5], "texture": "#0"},
				"down": {"uv": [7.8125, 8.25, 7.75, 8.375], "texture": "#0"}
			}
		},
		{
			"from": [8.05, 1.15, 8],
			"to": [8.25, 1.525, 8.5],
			"rotation": {"angle": 0, "axis": "y", "origin": [8.375, 13.00625, 8.25]},
			"faces": {
				"north": {"uv": [8.75, 1.5, 8.8125, 1.59375], "texture": "#0"},
				"east": {"uv": [2.25, 8, 2.375, 8.09375], "texture": "#0"},
				"south": {"uv": [1.75, 8.75, 1.8125, 8.84375], "texture": "#0"},
				"west": {"uv": [8, 2.25, 8.125, 2.34375], "texture": "#0"},
				"up": {"uv": [8.3125, 7.375, 8.25, 7.25], "texture": "#0"},
				"down": {"uv": [7.5625, 8.25, 7.5, 8.375], "texture": "#0"}
			}
		},
		{
			"from": [8.175, 0.775, 8],
			"to": [8.375, 1.15, 8.5],
			"rotation": {"angle": 0, "axis": "y", "origin": [8.375, 13.00625, 8.25]},
			"faces": {
				"north": {"uv": [8.75, 1.25, 8.8125, 1.34375], "texture": "#0"},
				"east": {"uv": [2, 8, 2.125, 8.09375], "texture": "#0"},
				"south": {"uv": [1.5, 8.75, 1.5625, 8.84375], "texture": "#0"},
				"west": {"uv": [8, 2, 8.125, 2.09375], "texture": "#0"},
				"up": {"uv": [8.3125, 7.125, 8.25, 7], "texture": "#0"},
				"down": {"uv": [7.3125, 8.25, 7.25, 8.375], "texture": "#0"}
			}
		},
		{
			"from": [8.375, 0.775, 8],
			"to": [8.55, 1.15, 8.5],
			"rotation": {"angle": 0, "axis": "y", "origin": [8.375, 13.00625, 8.25]},
			"faces": {
				"north": {"uv": [0.5, 9, 0.53125, 9.09375], "texture": "#0"},
				"east": {"uv": [3.25, 8, 3.375, 8.09375], "texture": "#0"},
				"south": {"uv": [9, 0.5, 9.03125, 0.59375], "texture": "#0"},
				"west": {"uv": [8, 3.25, 8.125, 3.34375], "texture": "#0"},
				"up": {"uv": [8.78125, 7.875, 8.75, 7.75], "texture": "#0"},
				"down": {"uv": [8.03125, 8.75, 8, 8.875], "texture": "#0"}
			}
		},
		{
			"from": [8.475, 1.15, 8],
			"to": [8.675, 1.525, 8.5],
			"rotation": {"angle": 0, "axis": "y", "origin": [8.375, 13.00625, 8.25]},
			"faces": {
				"north": {"uv": [8.75, 2.25, 8.8125, 2.34375], "texture": "#0"},
				"east": {"uv": [3, 8, 3.125, 8.09375], "texture": "#0"},
				"south": {"uv": [2.5, 8.75, 2.5625, 8.84375], "texture": "#0"},
				"west": {"uv": [8, 3, 8.125, 3.09375], "texture": "#0"},
				"up": {"uv": [8.3125, 8.125, 8.25, 8], "texture": "#0"},
				"down": {"uv": [8.3125, 8.25, 8.25, 8.375], "texture": "#0"}
			}
		},
		{
			"from": [8.6, 1.525, 8],
			"to": [8.8, 1.9, 8.5],
			"rotation": {"angle": 0, "axis": "y", "origin": [8.375, 13.00625, 8.25]},
			"faces": {
				"north": {"uv": [8.75, 2, 8.8125, 2.09375], "texture": "#0"},
				"east": {"uv": [2.75, 8, 2.875, 8.09375], "texture": "#0"},
				"south": {"uv": [2.25, 8.75, 2.3125, 8.84375], "texture": "#0"},
				"west": {"uv": [8, 2.75, 8.125, 2.84375], "texture": "#0"},
				"up": {"uv": [8.3125, 7.875, 8.25, 7.75], "texture": "#0"},
				"down": {"uv": [8.0625, 8.25, 8, 8.375], "texture": "#0"}
			}
		},
		{
			"from": [7.95, 0.2, 8],
			"to": [8.15, 0.575, 8.5],
			"rotation": {"angle": 0, "axis": "y", "origin": [8.375, 13.00625, 8.25]},
			"faces": {
				"north": {"uv": [8.75, 1.75, 8.8125, 1.84375], "texture": "#0"},
				"east": {"uv": [2.5, 8, 2.625, 8.09375], "texture": "#0"},
				"south": {"uv": [2, 8.75, 2.0625, 8.84375], "texture": "#0"},
				"west": {"uv": [8, 2.5, 8.125, 2.59375], "texture": "#0"},
				"up": {"uv": [8.3125, 7.625, 8.25, 7.5], "texture": "#0"},
				"down": {"uv": [7.8125, 8.25, 7.75, 8.375], "texture": "#0"}
			}
		},
		{
			"from": [8.075, -0.175, 8],
			"to": [8.275, 0.2, 8.5],
			"rotation": {"angle": 0, "axis": "y", "origin": [8.375, 13.00625, 8.25]},
			"faces": {
				"north": {"uv": [8.75, 1.5, 8.8125, 1.59375], "texture": "#0"},
				"east": {"uv": [2.25, 8, 2.375, 8.09375], "texture": "#0"},
				"south": {"uv": [1.75, 8.75, 1.8125, 8.84375], "texture": "#0"},
				"west": {"uv": [8, 2.25, 8.125, 2.34375], "texture": "#0"},
				"up": {"uv": [8.3125, 7.375, 8.25, 7.25], "texture": "#0"},
				"down": {"uv": [7.5625, 8.25, 7.5, 8.375], "texture": "#0"}
			}
		},
		{
			"from": [8.475, -0.175, 8],
			"to": [8.675, 0.2, 8.5],
			"rotation": {"angle": 0, "axis": "y", "origin": [8.375, 13.00625, 8.25]},
			"faces": {
				"north": {"uv": [8.75, 2.25, 8.8125, 2.34375], "texture": "#0"},
				"east": {"uv": [3, 8, 3.125, 8.09375], "texture": "#0"},
				"south": {"uv": [2.5, 8.75, 2.5625, 8.84375], "texture": "#0"},
				"west": {"uv": [8, 3, 8.125, 3.09375], "texture": "#0"},
				"up": {"uv": [8.3125, 8.125, 8.25, 8], "texture": "#0"},
				"down": {"uv": [8.3125, 8.25, 8.25, 8.375], "texture": "#0"}
			}
		},
		{
			"from": [8.6, 0.2, 8],
			"to": [8.8, 0.575, 8.5],
			"rotation": {"angle": 0, "axis": "y", "origin": [8.375, 13.00625, 8.25]},
			"faces": {
				"north": {"uv": [8.75, 2, 8.8125, 2.09375], "texture": "#0"},
				"east": {"uv": [2.75, 8, 2.875, 8.09375], "texture": "#0"},
				"south": {"uv": [2.25, 8.75, 2.3125, 8.84375], "texture": "#0"},
				"west": {"uv": [8, 2.75, 8.125, 2.84375], "texture": "#0"},
				"up": {"uv": [8.3125, 7.875, 8.25, 7.75], "texture": "#0"},
				"down": {"uv": [8.0625, 8.25, 8, 8.375], "texture": "#0"}
			}
		},
		{
			"from": [8.175, 1.975, 8],
			"to": [8.375, 2.35, 8.5],
			"rotation": {"angle": 0, "axis": "y", "origin": [8.375, 13.00625, 8.25]},
			"faces": {
				"north": {"uv": [4.25, 8.5, 4.3125, 8.59375], "texture": "#0"},
				"east": {"uv": [7.75, 0.5, 7.875, 0.59375], "texture": "#0"},
				"south": {"uv": [8.5, 4.25, 8.5625, 4.34375], "texture": "#0"},
				"west": {"uv": [0.75, 7.75, 0.875, 7.84375], "texture": "#0"},
				"up": {"uv": [8.3125, 3.875, 8.25, 3.75], "texture": "#0"},
				"down": {"uv": [4.0625, 8.25, 4, 8.375], "texture": "#0"}
			}
		},
		{
			"from": [8.375, 1.975, 8],
			"to": [8.55, 2.35, 8.5],
			"rotation": {"angle": 0, "axis": "y", "origin": [8.375, 13.00625, 8.25]},
			"faces": {
				"north": {"uv": [8.75, 8.25, 8.78125, 8.34375], "texture": "#0"},
				"east": {"uv": [7.75, 0.25, 7.875, 0.34375], "texture": "#0"},
				"south": {"uv": [8.5, 8.75, 8.53125, 8.84375], "texture": "#0"},
				"west": {"uv": [0.5, 7.75, 0.625, 7.84375], "texture": "#0"},
				"up": {"uv": [8.78125, 3.375, 8.75, 3.25], "texture": "#0"},
				"down": {"uv": [3.53125, 8.75, 3.5, 8.875], "texture": "#0"}
			}
		},
		{
			"from": [8.475, 2.35, 8],
			"to": [8.675, 2.725, 8.5],
			"rotation": {"angle": 0, "axis": "y", "origin": [8.375, 13.00625, 8.25]},
			"faces": {
				"north": {"uv": [3, 8.5, 3.0625, 8.59375], "texture": "#0"},
				"east": {"uv": [6.25, 7.5, 6.375, 7.59375], "texture": "#0"},
				"south": {"uv": [8.5, 3, 8.5625, 3.09375], "texture": "#0"},
				"west": {"uv": [7.5, 6.25, 7.625, 6.34375], "texture": "#0"},
				"up": {"uv": [8.3125, 2.125, 8.25, 2], "texture": "#0"},
				"down": {"uv": [2.3125, 8.25, 2.25, 8.375], "texture": "#0"}
			}
		},
		{
			"from": [8.05, 2.35, 8],
			"to": [8.25, 2.725, 8.5],
			"rotation": {"angle": 0, "axis": "y", "origin": [8.375, 13.00625, 8.25]},
			"faces": {
				"north": {"uv": [2.75, 8.5, 2.8125, 8.59375], "texture": "#0"},
				"east": {"uv": [6, 7.5, 6.125, 7.59375], "texture": "#0"},
				"south": {"uv": [8.5, 2.75, 8.5625, 2.84375], "texture": "#0"},
				"west": {"uv": [7.5, 6, 7.625, 6.09375], "texture": "#0"},
				"up": {"uv": [8.3125, 1.875, 8.25, 1.75], "texture": "#0"},
				"down": {"uv": [2.0625, 8.25, 2, 8.375], "texture": "#0"}
			}
		},
		{
			"from": [7.95, 2.725, 8],
			"to": [8.15, 3.1, 8.5],
			"rotation": {"angle": 0, "axis": "y", "origin": [8.375, 13.00625, 8.25]},
			"faces": {
				"north": {"uv": [2.5, 8.5, 2.5625, 8.59375], "texture": "#0"},
				"east": {"uv": [5.75, 7.5, 5.875, 7.59375], "texture": "#0"},
				"south": {"uv": [8.5, 2.5, 8.5625, 2.59375], "texture": "#0"},
				"west": {"uv": [7.5, 5.75, 7.625, 5.84375], "texture": "#0"},
				"up": {"uv": [8.3125, 1.625, 8.25, 1.5], "texture": "#0"},
				"down": {"uv": [1.8125, 8.25, 1.75, 8.375], "texture": "#0"}
			}
		},
		{
			"from": [8.6, 2.725, 8],
			"to": [8.8, 3.1, 8.5],
			"rotation": {"angle": 0, "axis": "y", "origin": [8.375, 13.00625, 8.25]},
			"faces": {
				"north": {"uv": [2.25, 8.5, 2.3125, 8.59375], "texture": "#0"},
				"east": {"uv": [5.5, 7.5, 5.625, 7.59375], "texture": "#0"},
				"south": {"uv": [8.5, 2.25, 8.5625, 2.34375], "texture": "#0"},
				"west": {"uv": [7.5, 5.5, 7.625, 5.59375], "texture": "#0"},
				"up": {"uv": [8.3125, 1.375, 8.25, 1.25], "texture": "#0"},
				"down": {"uv": [1.5625, 8.25, 1.5, 8.375], "texture": "#0"}
			}
		},
		{
			"from": [6.95, 9.2, 7.975],
			"to": [9.8, 9.7, 8.525],
			"rotation": {"angle": 0, "axis": "y", "origin": [8.375, 13.00625, 8.25]},
			"faces": {
				"north": {"uv": [4.25, 1, 4.96875, 1.125], "texture": "#0"},
				"east": {"uv": [6.5, 6.75, 6.625, 6.875], "texture": "#0"},
				"south": {"uv": [4.25, 1, 4.96875, 1.125], "texture": "#0"},
				"west": {"uv": [6.75, 6.5, 6.875, 6.625], "texture": "#0"},
				"up": {"uv": [4.96875, 1.375, 4.25, 1.25], "texture": "#0"},
				"down": {"uv": [4.96875, 1.5, 4.25, 1.625], "texture": "#0"}
			}
		},
		{
			"from": [7.075, 9.7, 8],
			"to": [9.675, 10.025, 8.5],
			"rotation": {"angle": 0, "axis": "y", "origin": [8.375, 13.00625, 8.25]},
			"faces": {
				"north": {"uv": [4.75, 4, 5.40625, 4.09375], "texture": "#0"},
				"east": {"uv": [7.75, 0.75, 7.875, 0.84375], "texture": "#0"},
				"south": {"uv": [4.75, 4, 5.40625, 4.09375], "texture": "#0"},
				"west": {"uv": [1, 7.75, 1.125, 7.84375], "texture": "#0"},
				"up": {"uv": [3.90625, 4.625, 3.25, 4.5], "texture": "#0"},
				"down": {"uv": [5.15625, 3.5, 4.5, 3.625], "texture": "#0"}
			}
		},
		{
			"from": [6.75, 7.55, 7.95],
			"to": [10, 7.9, 8.55],
			"rotation": {"angle": 0, "axis": "y", "origin": [8.375, 13.00625, 8.25]},
			"faces": {
				"north": {"uv": [4.75, 0.5, 5.5625, 0.59375], "texture": "#0"},
				"east": {"uv": [3.75, 7.25, 3.90625, 7.34375], "texture": "#0"},
				"south": {"uv": [4.75, 0.5, 5.5625, 0.59375], "texture": "#0"},
				"west": {"uv": [7.25, 3.75, 7.40625, 3.84375], "texture": "#0"},
				"up": {"uv": [4.5625, 0.40625, 3.75, 0.25], "texture": "#0"},
				"down": {"uv": [4.5625, 0.5, 3.75, 0.65625], "texture": "#0"}
			}
		},
		{
			"from": [6.7, 7.425, 7.925],
			"to": [10.05, 7.55, 8.575],
			"rotation": {"angle": 0, "axis": "y", "origin": [8.375, 13.00625, 8.25]},
			"faces": {
				"north": {"uv": [5.75, 6.25, 6.59375, 6.28125], "texture": "#0"},
				"east": {"uv": [8.75, 3, 8.90625, 3.03125], "texture": "#0"},
				"south": {"uv": [5.75, 6.25, 6.59375, 6.28125], "texture": "#0"},
				"west": {"uv": [3.25, 8.75, 3.40625, 8.78125], "texture": "#0"},
				"up": {"uv": [4.34375, 3.65625, 3.5, 3.5], "texture": "#0"},
				"down": {"uv": [4.59375, 0, 3.75, 0.15625], "texture": "#0"}
			}
		},
		{
			"from": [6.9, 7.9, 7.975],
			"to": [9.85, 8.4, 8.525],
			"rotation": {"angle": 0, "axis": "y", "origin": [8.375, 13.00625, 8.25]},
			"faces": {
				"north": {"uv": [4, 3.25, 4.75, 3.375], "texture": "#0"},
				"east": {"uv": [6.75, 6.75, 6.875, 6.875], "texture": "#0"},
				"south": {"uv": [4, 3.25, 4.75, 3.375], "texture": "#0"},
				"west": {"uv": [7, 0, 7.125, 0.125], "texture": "#0"},
				"up": {"uv": [4.75, 3.875, 4, 3.75], "texture": "#0"},
				"down": {"uv": [4.75, 4, 4, 4.125], "texture": "#0"}
			}
		},
		{
			"from": [7.025, 8.4, 8],
			"to": [9.725, 8.9, 8.5],
			"rotation": {"angle": 0, "axis": "y", "origin": [8.375, 13.00625, 8.25]},
			"faces": {
				"north": {"uv": [4.25, 2.75, 4.9375, 2.875], "texture": "#0"},
				"east": {"uv": [0.25, 7, 0.375, 7.125], "texture": "#0"},
				"south": {"uv": [4.25, 2.75, 4.9375, 2.875], "texture": "#0"},
				"west": {"uv": [7, 0.25, 7.125, 0.375], "texture": "#0"},
				"up": {"uv": [3.9375, 4.375, 3.25, 4.25], "texture": "#0"},
				"down": {"uv": [4.6875, 4.25, 4, 4.375], "texture": "#0"}
			}
		},
		{
			"from": [6.85, 8.9, 7.95],
			"to": [9.9, 9.2, 8.55],
			"rotation": {"angle": 0, "axis": "y", "origin": [8.375, 13.00625, 8.25]},
			"faces": {
				"north": {"uv": [5.25, 1.25, 6, 1.3125], "texture": "#0"},
				"east": {"uv": [8, 4.5, 8.15625, 4.5625], "texture": "#0"},
				"south": {"uv": [5.25, 1.25, 6, 1.3125], "texture": "#0"},
				"west": {"uv": [4.75, 8, 4.90625, 8.0625], "texture": "#0"},
				"up": {"uv": [4.5, 1.90625, 3.75, 1.75], "texture": "#0"},
				"down": {"uv": [4.5, 2, 3.75, 2.15625], "texture": "#0"}
			}
		},
		{
			"from": [6.9, 10.025, 7.95],
			"to": [9.85, 10.325, 8.55],
			"rotation": {"angle": 0, "axis": "y", "origin": [8.375, 13.00625, 8.25]},
			"faces": {
				"north": {"uv": [5.25, 2.5, 6, 2.5625], "texture": "#0"},
				"east": {"uv": [8, 5.5, 8.15625, 5.5625], "texture": "#0"},
				"south": {"uv": [5.25, 2.5, 6, 2.5625], "texture": "#0"},
				"west": {"uv": [5.75, 8, 5.90625, 8.0625], "texture": "#0"},
				"up": {"uv": [4.5, 2.40625, 3.75, 2.25], "texture": "#0"},
				"down": {"uv": [4.5, 2.5, 3.75, 2.65625], "texture": "#0"}
			}
		},
		{
			"from": [7, 10.325, 8],
			"to": [9.75, 10.825, 8.5],
			"rotation": {"angle": 0, "axis": "y", "origin": [8.375, 13.00625, 8.25]},
			"faces": {
				"north": {"uv": [1.75, 4.5, 2.4375, 4.625], "texture": "#0"},
				"east": {"uv": [7, 2, 7.125, 2.125], "texture": "#0"},
				"south": {"uv": [1.75, 4.5, 2.4375, 4.625], "texture": "#0"},
				"west": {"uv": [2.25, 7, 2.375, 7.125], "texture": "#0"},
				"up": {"uv": [5.1875, 1.875, 4.5, 1.75], "texture": "#0"},
				"down": {"uv": [5.1875, 2, 4.5, 2.125], "texture": "#0"}
			}
		},
		{
			"from": [7.125, 10.825, 8.05],
			"to": [9.625, 11.325, 8.45],
			"rotation": {"angle": 0, "axis": "y", "origin": [8.375, 13.00625, 8.25]},
			"faces": {
				"north": {"uv": [4.75, 0, 5.375, 0.125], "texture": "#0"},
				"east": {"uv": [2.75, 7.75, 2.84375, 7.875], "texture": "#0"},
				"south": {"uv": [4.75, 0, 5.375, 0.125], "texture": "#0"},
				"west": {"uv": [7.75, 2.75, 7.84375, 2.875], "texture": "#0"},
				"up": {"uv": [5.375, 4.34375, 4.75, 4.25], "texture": "#0"},
				"down": {"uv": [5.125, 4.75, 4.5, 4.84375], "texture": "#0"}
			}
		},
		{
			"from": [7.2, 11.325, 8.075],
			"to": [9.55, 11.825, 8.425],
			"rotation": {"angle": 0, "axis": "y", "origin": [8.375, 13.00625, 8.25]},
			"faces": {
				"north": {"uv": [4.75, 2.25, 5.34375, 2.375], "texture": "#0"},
				"east": {"uv": [4, 8, 4.09375, 8.125], "texture": "#0"},
				"south": {"uv": [4.75, 2.25, 5.34375, 2.375], "texture": "#0"},
				"west": {"uv": [8, 4, 8.09375, 4.125], "texture": "#0"},
				"up": {"uv": [5.59375, 0.84375, 5, 0.75], "texture": "#0"},
				"down": {"uv": [5.59375, 1, 5, 1.09375], "texture": "#0"}
			}
		},
		{
			"from": [7.5, 5.85, 7.825],
			"to": [7.9, 7.7, 8.675],
			"rotation": {"angle": 0, "axis": "y", "origin": [8.375, 13.00625, 8.25]},
			"faces": {
				"north": {"uv": [4.25, 5.5, 4.34375, 5.96875], "texture": "#0"},
				"east": {"uv": [3.75, 3.75, 3.96875, 4.21875], "texture": "#0"},
				"south": {"uv": [4, 5.5, 4.09375, 5.96875], "texture": "#0"},
				"west": {"uv": [4, 0.75, 4.21875, 1.21875], "texture": "#0"},
				"up": {"uv": [6.59375, 4.96875, 6.5, 4.75], "texture": "#0"},
				"down": {"uv": [6.59375, 5, 6.5, 5.21875], "texture": "#0"}
			}
		},
		{
			"from": [8.85, 5.85, 7.825],
			"to": [9.25, 7.7, 8.675],
			"rotation": {"angle": 0, "axis": "y", "origin": [8.375, 13.00625, 8.25]},
			"faces": {
				"north": {"uv": [4, 5.5, 4.09375, 5.96875], "texture": "#0"},
				"east": {"uv": [4, 1.25, 4.21875, 1.71875], "texture": "#0"},
				"south": {"uv": [4.25, 5.5, 4.34375, 5.96875], "texture": "#0"},
				"west": {"uv": [2.25, 4, 2.46875, 4.46875], "texture": "#0"},
				"up": {"uv": [5.34375, 6.71875, 5.25, 6.5], "texture": "#0"},
				"down": {"uv": [6.59375, 5.25, 6.5, 5.46875], "texture": "#0"}
			}
		},
		{
			"from": [7.9, 5.725, 7.825],
			"to": [8.175, 8.325, 8.675],
			"rotation": {"angle": 0, "axis": "y", "origin": [8.375, 13.00625, 8.25]},
			"faces": {
				"north": {"uv": [6, 0, 6.0625, 0.65625], "texture": "#0"},
				"east": {"uv": [3.25, 0, 3.46875, 0.65625], "texture": "#0"},
				"south": {"uv": [5.75, 4.5, 5.8125, 5.15625], "texture": "#0"},
				"west": {"uv": [3.25, 0.75, 3.46875, 1.40625], "texture": "#0"},
				"up": {"uv": [7.5625, 3.46875, 7.5, 3.25], "texture": "#0"},
				"down": {"uv": [3.5625, 7.5, 3.5, 7.71875], "texture": "#0"}
			}
		},
		{
			"from": [8.575, 5.725, 7.825],
			"to": [8.85, 8.325, 8.675],
			"rotation": {"angle": 0, "axis": "y", "origin": [8.375, 13.00625, 8.25]},
			"faces": {
				"north": {"uv": [5.75, 4.5, 5.8125, 5.15625], "texture": "#0"},
				"east": {"uv": [3.25, 1.5, 3.46875, 2.15625], "texture": "#0"},
				"south": {"uv": [6, 0, 6.0625, 0.65625], "texture": "#0"},
				"west": {"uv": [2.75, 3.25, 2.96875, 3.90625], "texture": "#0"},
				"up": {"uv": [7.5625, 3.71875, 7.5, 3.5], "texture": "#0"},
				"down": {"uv": [3.8125, 7.5, 3.75, 7.71875], "texture": "#0"}
			}
		},
		{
			"from": [8.175, 5.625, 7.825],
			"to": [8.575, 8.875, 8.675],
			"rotation": {"angle": 0, "axis": "y", "origin": [8.375, 13.00625, 8.25]},
			"faces": {
				"north": {"uv": [0.5, 4.75, 0.59375, 5.5625], "texture": "#0"},
				"east": {"uv": [1.75, 2.75, 1.96875, 3.5625], "texture": "#0"},
				"south": {"uv": [0.5, 4.75, 0.59375, 5.5625], "texture": "#0"},
				"west": {"uv": [2, 2.75, 2.21875, 3.5625], "texture": "#0"},
				"up": {"uv": [5.59375, 6.71875, 5.5, 6.5], "texture": "#0"},
				"down": {"uv": [5.84375, 6.5, 5.75, 6.71875], "texture": "#0"}
			}
		},
		{
			"from": [7.575, 6.125, 7.75],
			"to": [7.975, 7.475, 8.75],
			"rotation": {"angle": 0, "axis": "y", "origin": [8.375, 13.00625, 8.25]},
			"faces": {
				"north": {"uv": [6, 4, 6.09375, 4.34375], "texture": "#0"},
				"east": {"uv": [2.75, 4.5, 3, 4.84375], "texture": "#0"},
				"south": {"uv": [4.5, 6, 4.59375, 6.34375], "texture": "#0"},
				"west": {"uv": [3, 4.5, 3.25, 4.84375], "texture": "#0"},
				"up": {"uv": [6.59375, 4.5, 6.5, 4.25], "texture": "#0"},
				"down": {"uv": [4.59375, 6.5, 4.5, 6.75], "texture": "#0"}
			}
		},
		{
			"from": [7.975, 6.075, 7.75],
			"to": [8.25, 8.1, 8.75],
			"rotation": {"angle": 0, "axis": "y", "origin": [8.375, 13.00625, 8.25]},
			"faces": {
				"north": {"uv": [0.25, 6.25, 0.3125, 6.75], "texture": "#0"},
				"east": {"uv": [3.75, 1.25, 4, 1.75], "texture": "#0"},
				"south": {"uv": [6.25, 0.5, 6.3125, 1], "texture": "#0"},
				"west": {"uv": [1.75, 3.75, 2, 4.25], "texture": "#0"},
				"up": {"uv": [0.5625, 7.5, 0.5, 7.25], "texture": "#0"},
				"down": {"uv": [7.3125, 0.5, 7.25, 0.75], "texture": "#0"}
			}
		},
		{
			"from": [8.25, 6.05, 7.75],
			"to": [8.5, 8.65, 8.75],
			"rotation": {"angle": 0, "axis": "y", "origin": [8.375, 13.00625, 8.25]},
			"faces": {
				"north": {"uv": [6, 1.5, 6.0625, 2.15625], "texture": "#0"},
				"east": {"uv": [2.25, 2.75, 2.5, 3.40625], "texture": "#0"},
				"south": {"uv": [6, 1.5, 6.0625, 2.15625], "texture": "#0"},
				"west": {"uv": [2.75, 2.5, 3, 3.15625], "texture": "#0"},
				"up": {"uv": [0.3125, 7.5, 0.25, 7.25], "texture": "#0"},
				"down": {"uv": [7.3125, 0.25, 7.25, 0.5], "texture": "#0"}
			}
		},
		{
			"from": [8.5, 6.075, 7.75],
			"to": [8.775, 8.1, 8.75],
			"rotation": {"angle": 0, "axis": "y", "origin": [8.375, 13.00625, 8.25]},
			"faces": {
				"north": {"uv": [6.25, 0.5, 6.3125, 1], "texture": "#0"},
				"east": {"uv": [2.25, 3.5, 2.5, 4], "texture": "#0"},
				"south": {"uv": [0.25, 6.25, 0.3125, 6.75], "texture": "#0"},
				"west": {"uv": [3.75, 0.75, 4, 1.25], "texture": "#0"},
				"up": {"uv": [0.0625, 7.5, 0, 7.25], "texture": "#0"},
				"down": {"uv": [7.3125, 0, 7.25, 0.25], "texture": "#0"}
			}
		},
		{
			"from": [8.775, 6.125, 7.75],
			"to": [9.175, 7.475, 8.75],
			"rotation": {"angle": 0, "axis": "y", "origin": [8.375, 13.00625, 8.25]},
			"faces": {
				"north": {"uv": [4.5, 6, 4.59375, 6.34375], "texture": "#0"},
				"east": {"uv": [4.5, 2.25, 4.75, 2.59375], "texture": "#0"},
				"south": {"uv": [6, 4, 6.09375, 4.34375], "texture": "#0"},
				"west": {"uv": [2.5, 4.5, 2.75, 4.84375], "texture": "#0"},
				"up": {"uv": [6.59375, 4.25, 6.5, 4], "texture": "#0"},
				"down": {"uv": [4.34375, 6.5, 4.25, 6.75], "texture": "#0"}
			}
		},
		{
			"from": [4.8, 4.175, 9.15],
			"to": [4.95, 4.975, 9.3],
			"rotation": {"angle": 0, "axis": "y", "origin": [8.375, 13.00625, 8.25]},
			"faces": {
				"north": {"uv": [6.5, 8.5, 6.53125, 8.6875], "texture": "#0"},
				"east": {"uv": [8.5, 6.5, 8.53125, 6.6875], "texture": "#0"},
				"south": {"uv": [6.75, 8.5, 6.78125, 8.6875], "texture": "#0"},
				"west": {"uv": [8.5, 6.75, 8.53125, 6.9375], "texture": "#0"},
				"up": {"uv": [3.53125, 9.03125, 3.5, 9], "texture": "#0"},
				"down": {"uv": [9.03125, 3.5, 9, 3.53125], "texture": "#0"}
			}
		},
		{
			"from": [4.85, 4.55, 9.05],
			"to": [5.075, 5.25, 9.275],
			"rotation": {"angle": 0, "axis": "y", "origin": [8.375, 13.00625, 8.25]},
			"faces": {
				"north": {"uv": [3, 7.75, 3.0625, 7.9375], "texture": "#0"},
				"east": {"uv": [7.75, 3, 7.8125, 3.1875], "texture": "#0"},
				"south": {"uv": [3.25, 7.75, 3.3125, 7.9375], "texture": "#0"},
				"west": {"uv": [7.75, 3.25, 7.8125, 3.4375], "texture": "#0"},
				"up": {"uv": [8.8125, 5.5625, 8.75, 5.5], "texture": "#0"},
				"down": {"uv": [5.8125, 8.75, 5.75, 8.8125], "texture": "#0"}
			}
		},
		{
			"from": [4.925, 5.025, 8.925],
			"to": [5.225, 5.625, 9.25],
			"rotation": {"angle": 0, "axis": "y", "origin": [8.375, 13.00625, 8.25]},
			"faces": {
				"north": {"uv": [8, 5.75, 8.0625, 5.90625], "texture": "#0"},
				"east": {"uv": [5, 7.25, 5.09375, 7.40625], "texture": "#0"},
				"south": {"uv": [6, 8, 6.0625, 8.15625], "texture": "#0"},
				"west": {"uv": [7.25, 5, 7.34375, 5.15625], "texture": "#0"},
				"up": {"uv": [5.5625, 8.59375, 5.5, 8.5], "texture": "#0"},
				"down": {"uv": [8.5625, 5.5, 8.5, 5.59375], "texture": "#0"}
			}
		},
		{
			"from": [5.05, 5.175, 8.825],
			"to": [5.45, 5.775, 9.225],
			"rotation": {"angle": 0, "axis": "y", "origin": [8.375, 13.00625, 8.25]},
			"faces": {
				"north": {"uv": [4.5, 7.25, 4.59375, 7.40625], "texture": "#0"},
				"east": {"uv": [7.25, 4.5, 7.34375, 4.65625], "texture": "#0"},
				"south": {"uv": [4.75, 7.25, 4.84375, 7.40625], "texture": "#0"},
				"west": {"uv": [7.25, 4.75, 7.34375, 4.90625], "texture": "#0"},
				"up": {"uv": [8.09375, 7.09375, 8, 7], "texture": "#0"},
				"down": {"uv": [8.09375, 7.25, 8, 7.34375], "texture": "#0"}
			}
		},
		{
			"from": [5.25, 5.25, 8.7],
			"to": [5.75, 5.95, 9.2],
			"rotation": {"angle": 0, "axis": "y", "origin": [8.375, 13.00625, 8.25]},
			"faces": {
				"north": {"uv": [2.125, 6.5, 2, 6.6875], "texture": "#0"},
				"east": {"uv": [1.75, 6.5, 1.875, 6.6875], "texture": "#0"},
				"south": {"uv": [2, 6.5, 2.125, 6.6875], "texture": "#0"},
				"west": {"uv": [2.25, 6.5, 2.375, 6.6875], "texture": "#0"},
				"up": {"uv": [7.125, 1.875, 7, 1.75], "texture": "#0"},
				"down": {"uv": [2.125, 7, 2, 7.125], "texture": "#0"}
			}
		},
		{
			"from": [5.5, 5.325, 8.575],
			"to": [6, 6.275, 9.075],
			"rotation": {"angle": 0, "axis": "y", "origin": [8.375, 13.00625, 8.25]},
			"faces": {
				"north": {"uv": [5.625, 0, 5.5, 0.25], "texture": "#0"},
				"east": {"uv": [5.25, 3.5, 5.375, 3.75], "texture": "#0"},
				"south": {"uv": [5.5, 0, 5.625, 0.25], "texture": "#0"},
				"west": {"uv": [5.75, 1, 5.875, 1.25], "texture": "#0"},
				"up": {"uv": [7.125, 1.375, 7, 1.25], "texture": "#0"},
				"down": {"uv": [1.875, 7, 1.75, 7.125], "texture": "#0"}
			}
		},
		{
			"from": [6, 5.225, 8.45],
			"to": [6.5, 6.6, 8.95],
			"rotation": {"angle": 0, "axis": "y", "origin": [8.375, 13.00625, 8.25]},
			"faces": {
				"north": {"uv": [4.875, 5.5, 4.75, 5.84375], "texture": "#0"},
				"east": {"uv": [5.5, 4.5, 5.625, 4.84375], "texture": "#0"},
				"south": {"uv": [4.75, 5.5, 4.875, 5.84375], "texture": "#0"},
				"west": {"uv": [5, 5.5, 5.125, 5.84375], "texture": "#0"},
				"up": {"uv": [1.125, 7.125, 1, 7], "texture": "#0"},
				"down": {"uv": [7.125, 1, 7, 1.125], "texture": "#0"}
			}
		},
		{
			"from": [6.5, 5.35, 8.325],
			"to": [7, 6.875, 8.825],
			"rotation": {"angle": 0, "axis": "y", "origin": [8.375, 13.00625, 8.25]},
			"faces": {
				"north": {"uv": [5.375, 3, 5.25, 3.375], "texture": "#0"},
				"east": {"uv": [5.25, 1.5, 5.375, 1.875], "texture": "#0"},
				"south": {"uv": [5.25, 3, 5.375, 3.375], "texture": "#0"},
				"west": {"uv": [3.75, 5.25, 3.875, 5.625], "texture": "#0"},
				"up": {"uv": [0.875, 7.125, 0.75, 7], "texture": "#0"},
				"down": {"uv": [7.125, 0.75, 7, 0.875], "texture": "#0"}
			}
		},
		{
			"from": [7, 5.575, 8.25],
			"to": [7.5, 7.225, 8.75],
			"rotation": {"angle": 0, "axis": "y", "origin": [8.375, 13.00625, 8.25]},
			"faces": {
				"north": {"uv": [5.125, 1.25, 5, 1.65625], "texture": "#0"},
				"east": {"uv": [3.75, 4.75, 3.875, 5.15625], "texture": "#0"},
				"south": {"uv": [5, 1.25, 5.125, 1.65625], "texture": "#0"},
				"west": {"uv": [1.75, 5, 1.875, 5.40625], "texture": "#0"},
				"up": {"uv": [0.625, 7.125, 0.5, 7], "texture": "#0"},
				"down": {"uv": [7.125, 0.5, 7, 0.625], "texture": "#0"}
			}
		},
		{
			"from": [4.8, 4.175, 9.15],
			"to": [4.95, 4.975, 9.3],
			"rotation": {"angle": 0, "axis": "y", "origin": [8.375, 13.00625, 8.25]},
			"faces": {
				"north": {"uv": [6.5, 8.5, 6.53125, 8.6875], "texture": "#0"},
				"east": {"uv": [8.5, 6.5, 8.53125, 6.6875], "texture": "#0"},
				"south": {"uv": [6.75, 8.5, 6.78125, 8.6875], "texture": "#0"},
				"west": {"uv": [8.5, 6.75, 8.53125, 6.9375], "texture": "#0"},
				"up": {"uv": [3.53125, 9.03125, 3.5, 9], "texture": "#0"},
				"down": {"uv": [9.03125, 3.5, 9, 3.53125], "texture": "#0"}
			}
		},
		{
			"from": [4.85, 4.55, 9.05],
			"to": [5.075, 5.25, 9.275],
			"rotation": {"angle": 0, "axis": "y", "origin": [8.375, 13.00625, 8.25]},
			"faces": {
				"north": {"uv": [3, 7.75, 3.0625, 7.9375], "texture": "#0"},
				"east": {"uv": [7.75, 3, 7.8125, 3.1875], "texture": "#0"},
				"south": {"uv": [3.25, 7.75, 3.3125, 7.9375], "texture": "#0"},
				"west": {"uv": [7.75, 3.25, 7.8125, 3.4375], "texture": "#0"},
				"up": {"uv": [8.8125, 5.5625, 8.75, 5.5], "texture": "#0"},
				"down": {"uv": [5.8125, 8.75, 5.75, 8.8125], "texture": "#0"}
			}
		},
		{
			"from": [4.925, 5.025, 8.925],
			"to": [5.225, 5.625, 9.25],
			"rotation": {"angle": 0, "axis": "y", "origin": [8.375, 13.00625, 8.25]},
			"faces": {
				"north": {"uv": [8, 5.75, 8.0625, 5.90625], "texture": "#0"},
				"east": {"uv": [5, 7.25, 5.09375, 7.40625], "texture": "#0"},
				"south": {"uv": [6, 8, 6.0625, 8.15625], "texture": "#0"},
				"west": {"uv": [7.25, 5, 7.34375, 5.15625], "texture": "#0"},
				"up": {"uv": [5.5625, 8.59375, 5.5, 8.5], "texture": "#0"},
				"down": {"uv": [8.5625, 5.5, 8.5, 5.59375], "texture": "#0"}
			}
		},
		{
			"from": [5.05, 5.175, 8.825],
			"to": [5.45, 5.775, 9.225],
			"rotation": {"angle": 0, "axis": "y", "origin": [8.375, 13.00625, 8.25]},
			"faces": {
				"north": {"uv": [4.5, 7.25, 4.59375, 7.40625], "texture": "#0"},
				"east": {"uv": [7.25, 4.5, 7.34375, 4.65625], "texture": "#0"},
				"south": {"uv": [4.75, 7.25, 4.84375, 7.40625], "texture": "#0"},
				"west": {"uv": [7.25, 4.75, 7.34375, 4.90625], "texture": "#0"},
				"up": {"uv": [8.09375, 7.09375, 8, 7], "texture": "#0"},
				"down": {"uv": [8.09375, 7.25, 8, 7.34375], "texture": "#0"}
			}
		},
		{
			"from": [5.25, 5.25, 8.7],
			"to": [5.75, 5.95, 9.2],
			"rotation": {"angle": 0, "axis": "y", "origin": [8.375, 13.00625, 8.25]},
			"faces": {
				"north": {"uv": [2.125, 6.5, 2, 6.6875], "texture": "#0"},
				"east": {"uv": [1.75, 6.5, 1.875, 6.6875], "texture": "#0"},
				"south": {"uv": [2, 6.5, 2.125, 6.6875], "texture": "#0"},
				"west": {"uv": [2.25, 6.5, 2.375, 6.6875], "texture": "#0"},
				"up": {"uv": [7.125, 1.875, 7, 1.75], "texture": "#0"},
				"down": {"uv": [2.125, 7, 2, 7.125], "texture": "#0"}
			}
		},
		{
			"from": [6, 5.225, 8.45],
			"to": [6.5, 6.6, 8.95],
			"rotation": {"angle": 0, "axis": "y", "origin": [8.375, 13.00625, 8.25]},
			"faces": {
				"north": {"uv": [4.875, 5.5, 4.75, 5.84375], "texture": "#0"},
				"east": {"uv": [5.5, 4.5, 5.625, 4.84375], "texture": "#0"},
				"south": {"uv": [4.75, 5.5, 4.875, 5.84375], "texture": "#0"},
				"west": {"uv": [5, 5.5, 5.125, 5.84375], "texture": "#0"},
				"up": {"uv": [1.125, 7.125, 1, 7], "texture": "#0"},
				"down": {"uv": [7.125, 1, 7, 1.125], "texture": "#0"}
			}
		},
		{
			"from": [5.5, 5.325, 8.575],
			"to": [6, 6.275, 9.075],
			"rotation": {"angle": 0, "axis": "y", "origin": [8.375, 13.00625, 8.25]},
			"faces": {
				"north": {"uv": [5.625, 0, 5.5, 0.25], "texture": "#0"},
				"east": {"uv": [5.25, 3.5, 5.375, 3.75], "texture": "#0"},
				"south": {"uv": [5.5, 0, 5.625, 0.25], "texture": "#0"},
				"west": {"uv": [5.75, 1, 5.875, 1.25], "texture": "#0"},
				"up": {"uv": [7.125, 1.375, 7, 1.25], "texture": "#0"},
				"down": {"uv": [1.875, 7, 1.75, 7.125], "texture": "#0"}
			}
		},
		{
			"from": [6.5, 5.35, 8.325],
			"to": [7, 6.875, 8.825],
			"rotation": {"angle": 0, "axis": "y", "origin": [8.375, 13.00625, 8.25]},
			"faces": {
				"north": {"uv": [5.375, 3, 5.25, 3.375], "texture": "#0"},
				"east": {"uv": [5.25, 1.5, 5.375, 1.875], "texture": "#0"},
				"south": {"uv": [5.25, 3, 5.375, 3.375], "texture": "#0"},
				"west": {"uv": [3.75, 5.25, 3.875, 5.625], "texture": "#0"},
				"up": {"uv": [0.875, 7.125, 0.75, 7], "texture": "#0"},
				"down": {"uv": [7.125, 0.75, 7, 0.875], "texture": "#0"}
			}
		},
		{
			"from": [7, 5.575, 8.25],
			"to": [7.5, 7.225, 8.75],
			"rotation": {"angle": 0, "axis": "y", "origin": [8.375, 13.00625, 8.25]},
			"faces": {
				"north": {"uv": [5.125, 1.25, 5, 1.65625], "texture": "#0"},
				"east": {"uv": [3.75, 4.75, 3.875, 5.15625], "texture": "#0"},
				"south": {"uv": [5, 1.25, 5.125, 1.65625], "texture": "#0"},
				"west": {"uv": [1.75, 5, 1.875, 5.40625], "texture": "#0"},
				"up": {"uv": [0.625, 7.125, 0.5, 7], "texture": "#0"},
				"down": {"uv": [7.125, 0.5, 7, 0.625], "texture": "#0"}
			}
		},
		{
			"from": [9.175, 5.575, 8.25],
			"to": [9.675, 7.225, 8.75],
			"rotation": {"angle": 0, "axis": "y", "origin": [7.625, 13.00625, 8.25]},
			"faces": {
				"north": {"uv": [5, 1.25, 5.125, 1.65625], "texture": "#0"},
				"east": {"uv": [1.875, 5, 1.75, 5.40625], "texture": "#0"},
				"south": {"uv": [5.125, 1.25, 5, 1.65625], "texture": "#0"},
				"west": {"uv": [3.875, 4.75, 3.75, 5.15625], "texture": "#0"},
				"up": {"uv": [0.5, 7.125, 0.625, 7], "texture": "#0"},
				"down": {"uv": [7, 0.5, 7.125, 0.625], "texture": "#0"}
			}
		},
		{
			"from": [9.675, 5.35, 8.325],
			"to": [10.175, 6.875, 8.825],
			"rotation": {"angle": 0, "axis": "y", "origin": [7.625, 13.00625, 8.25]},
			"faces": {
				"north": {"uv": [5.25, 3, 5.375, 3.375], "texture": "#0"},
				"east": {"uv": [3.875, 5.25, 3.75, 5.625], "texture": "#0"},
				"south": {"uv": [5.375, 3, 5.25, 3.375], "texture": "#0"},
				"west": {"uv": [5.375, 1.5, 5.25, 1.875], "texture": "#0"},
				"up": {"uv": [0.75, 7.125, 0.875, 7], "texture": "#0"},
				"down": {"uv": [7, 0.75, 7.125, 0.875], "texture": "#0"}
			}
		},
		{
			"from": [10.675, 5.325, 8.575],
			"to": [11.175, 6.275, 9.075],
			"rotation": {"angle": 0, "axis": "y", "origin": [7.625, 13.00625, 8.25]},
			"faces": {
				"north": {"uv": [5.5, 0, 5.625, 0.25], "texture": "#0"},
				"east": {"uv": [5.875, 1, 5.75, 1.25], "texture": "#0"},
				"south": {"uv": [5.625, 0, 5.5, 0.25], "texture": "#0"},
				"west": {"uv": [5.375, 3.5, 5.25, 3.75], "texture": "#0"},
				"up": {"uv": [7, 1.375, 7.125, 1.25], "texture": "#0"},
				"down": {"uv": [1.75, 7, 1.875, 7.125], "texture": "#0"}
			}
		},
		{
			"from": [10.175, 5.225, 8.45],
			"to": [10.675, 6.6, 8.95],
			"rotation": {"angle": 0, "axis": "y", "origin": [7.625, 13.00625, 8.25]},
			"faces": {
				"north": {"uv": [4.75, 5.5, 4.875, 5.84375], "texture": "#0"},
				"east": {"uv": [5.125, 5.5, 5, 5.84375], "texture": "#0"},
				"south": {"uv": [4.875, 5.5, 4.75, 5.84375], "texture": "#0"},
				"west": {"uv": [5.625, 4.5, 5.5, 4.84375], "texture": "#0"},
				"up": {"uv": [1, 7.125, 1.125, 7], "texture": "#0"},
				"down": {"uv": [7, 1, 7.125, 1.125], "texture": "#0"}
			}
		},
		{
			"from": [10.925, 5.25, 8.7],
			"to": [11.425, 5.95, 9.2],
			"rotation": {"angle": 0, "axis": "y", "origin": [7.625, 13.00625, 8.25]},
			"faces": {
				"north": {"uv": [2, 6.5, 2.125, 6.6875], "texture": "#0"},
				"east": {"uv": [2.375, 6.5, 2.25, 6.6875], "texture": "#0"},
				"south": {"uv": [2.125, 6.5, 2, 6.6875], "texture": "#0"},
				"west": {"uv": [1.875, 6.5, 1.75, 6.6875], "texture": "#0"},
				"up": {"uv": [7, 1.875, 7.125, 1.75], "texture": "#0"},
				"down": {"uv": [2, 7, 2.125, 7.125], "texture": "#0"}
			}
		},
		{
			"from": [11.225, 5.175, 8.825],
			"to": [11.625, 5.775, 9.225],
			"rotation": {"angle": 0, "axis": "y", "origin": [7.625, 13.00625, 8.25]},
			"faces": {
				"north": {"uv": [4.59375, 7.25, 4.5, 7.40625], "texture": "#0"},
				"east": {"uv": [7.34375, 4.75, 7.25, 4.90625], "texture": "#0"},
				"south": {"uv": [4.84375, 7.25, 4.75, 7.40625], "texture": "#0"},
				"west": {"uv": [7.34375, 4.5, 7.25, 4.65625], "texture": "#0"},
				"up": {"uv": [8, 7.09375, 8.09375, 7], "texture": "#0"},
				"down": {"uv": [8, 7.25, 8.09375, 7.34375], "texture": "#0"}
			}
		},
		{
			"from": [11.45, 5.025, 8.925],
			"to": [11.75, 5.625, 9.25],
			"rotation": {"angle": 0, "axis": "y", "origin": [7.625, 13.00625, 8.25]},
			"faces": {
				"north": {"uv": [8.0625, 5.75, 8, 5.90625], "texture": "#0"},
				"east": {"uv": [7.34375, 5, 7.25, 5.15625], "texture": "#0"},
				"south": {"uv": [6.0625, 8, 6, 8.15625], "texture": "#0"},
				"west": {"uv": [5.09375, 7.25, 5, 7.40625], "texture": "#0"},
				"up": {"uv": [5.5, 8.59375, 5.5625, 8.5], "texture": "#0"},
				"down": {"uv": [8.5, 5.5, 8.5625, 5.59375], "texture": "#0"}
			}
		},
		{
			"from": [11.6, 4.55, 9.05],
			"to": [11.825, 5.25, 9.275],
			"rotation": {"angle": 0, "axis": "y", "origin": [7.625, 13.00625, 8.25]},
			"faces": {
				"north": {"uv": [3.0625, 7.75, 3, 7.9375], "texture": "#0"},
				"east": {"uv": [7.8125, 3.25, 7.75, 3.4375], "texture": "#0"},
				"south": {"uv": [3.3125, 7.75, 3.25, 7.9375], "texture": "#0"},
				"west": {"uv": [7.8125, 3, 7.75, 3.1875], "texture": "#0"},
				"up": {"uv": [8.75, 5.5625, 8.8125, 5.5], "texture": "#0"},
				"down": {"uv": [5.75, 8.75, 5.8125, 8.8125], "texture": "#0"}
			}
		},
		{
			"from": [11.725, 4.175, 9.15],
			"to": [11.875, 4.975, 9.3],
			"rotation": {"angle": 0, "axis": "y", "origin": [7.625, 13.00625, 8.25]},
			"faces": {
				"north": {"uv": [6.53125, 8.5, 6.5, 8.6875], "texture": "#0"},
				"east": {"uv": [8.53125, 6.75, 8.5, 6.9375], "texture": "#0"},
				"south": {"uv": [6.78125, 8.5, 6.75, 8.6875], "texture": "#0"},
				"west": {"uv": [8.53125, 6.5, 8.5, 6.6875], "texture": "#0"},
				"up": {"uv": [3.5, 9.03125, 3.53125, 9], "texture": "#0"},
				"down": {"uv": [9, 3.5, 9.03125, 3.53125], "texture": "#0"}
			}
		},
		{
			"from": [9.175, 5.575, 7.75],
			"to": [9.675, 7.225, 8.25],
			"rotation": {"angle": 0, "axis": "y", "origin": [7.625, 13.00625, 7.75]},
			"faces": {
				"north": {"uv": [5, 1.25, 5.125, 1.65625], "texture": "#0"},
				"east": {"uv": [1.75, 5, 1.875, 5.40625], "texture": "#0"},
				"south": {"uv": [5.125, 1.25, 5, 1.65625], "texture": "#0"},
				"west": {"uv": [3.75, 4.75, 3.875, 5.15625], "texture": "#0"},
				"up": {"uv": [0.5, 7, 0.625, 7.125], "texture": "#0"},
				"down": {"uv": [7, 0.625, 7.125, 0.5], "texture": "#0"}
			}
		},
		{
			"from": [9.675, 5.35, 7.675],
			"to": [10.175, 6.875, 8.175],
			"rotation": {"angle": 0, "axis": "y", "origin": [7.625, 13.00625, 7.75]},
			"faces": {
				"north": {"uv": [5.25, 3, 5.375, 3.375], "texture": "#0"},
				"east": {"uv": [3.75, 5.25, 3.875, 5.625], "texture": "#0"},
				"south": {"uv": [5.375, 3, 5.25, 3.375], "texture": "#0"},
				"west": {"uv": [5.25, 1.5, 5.375, 1.875], "texture": "#0"},
				"up": {"uv": [0.75, 7, 0.875, 7.125], "texture": "#0"},
				"down": {"uv": [7, 0.875, 7.125, 0.75], "texture": "#0"}
			}
		},
		{
			"from": [10.675, 5.325, 7.425],
			"to": [11.175, 6.275, 7.925],
			"rotation": {"angle": 0, "axis": "y", "origin": [7.625, 13.00625, 7.75]},
			"faces": {
				"north": {"uv": [5.5, 0, 5.625, 0.25], "texture": "#0"},
				"east": {"uv": [5.75, 1, 5.875, 1.25], "texture": "#0"},
				"south": {"uv": [5.625, 0, 5.5, 0.25], "texture": "#0"},
				"west": {"uv": [5.25, 3.5, 5.375, 3.75], "texture": "#0"},
				"up": {"uv": [7, 1.25, 7.125, 1.375], "texture": "#0"},
				"down": {"uv": [1.75, 7.125, 1.875, 7], "texture": "#0"}
			}
		},
		{
			"from": [10.175, 5.225, 7.55],
			"to": [10.675, 6.6, 8.05],
			"rotation": {"angle": 0, "axis": "y", "origin": [7.625, 13.00625, 7.75]},
			"faces": {
				"north": {"uv": [4.75, 5.5, 4.875, 5.84375], "texture": "#0"},
				"east": {"uv": [5, 5.5, 5.125, 5.84375], "texture": "#0"},
				"south": {"uv": [4.875, 5.5, 4.75, 5.84375], "texture": "#0"},
				"west": {"uv": [5.5, 4.5, 5.625, 4.84375], "texture": "#0"},
				"up": {"uv": [1, 7, 1.125, 7.125], "texture": "#0"},
				"down": {"uv": [7, 1.125, 7.125, 1], "texture": "#0"}
			}
		},
		{
			"from": [10.925, 5.25, 7.3],
			"to": [11.425, 5.95, 7.8],
			"rotation": {"angle": 0, "axis": "y", "origin": [7.625, 13.00625, 7.75]},
			"faces": {
				"north": {"uv": [2, 6.5, 2.125, 6.6875], "texture": "#0"},
				"east": {"uv": [2.25, 6.5, 2.375, 6.6875], "texture": "#0"},
				"south": {"uv": [2.125, 6.5, 2, 6.6875], "texture": "#0"},
				"west": {"uv": [1.75, 6.5, 1.875, 6.6875], "texture": "#0"},
				"up": {"uv": [7, 1.75, 7.125, 1.875], "texture": "#0"},
				"down": {"uv": [2, 7.125, 2.125, 7], "texture": "#0"}
			}
		},
		{
			"from": [11.225, 5.175, 7.275],
			"to": [11.625, 5.775, 7.675],
			"rotation": {"angle": 0, "axis": "y", "origin": [7.625, 13.00625, 7.75]},
			"faces": {
				"north": {"uv": [4.75, 7.25, 4.84375, 7.40625], "texture": "#0"},
				"east": {"uv": [7.25, 4.75, 7.34375, 4.90625], "texture": "#0"},
				"south": {"uv": [4.5, 7.25, 4.59375, 7.40625], "texture": "#0"},
				"west": {"uv": [7.25, 4.5, 7.34375, 4.65625], "texture": "#0"},
				"up": {"uv": [8, 7, 8.09375, 7.09375], "texture": "#0"},
				"down": {"uv": [8, 7.34375, 8.09375, 7.25], "texture": "#0"}
			}
		},
		{
			"from": [11.45, 5.025, 7.25],
			"to": [11.75, 5.625, 7.575],
			"rotation": {"angle": 0, "axis": "y", "origin": [7.625, 13.00625, 7.75]},
			"faces": {
				"north": {"uv": [6, 8, 6.0625, 8.15625], "texture": "#0"},
				"east": {"uv": [7.25, 5, 7.34375, 5.15625], "texture": "#0"},
				"south": {"uv": [8, 5.75, 8.0625, 5.90625], "texture": "#0"},
				"west": {"uv": [5, 7.25, 5.09375, 7.40625], "texture": "#0"},
				"up": {"uv": [5.5, 8.5, 5.5625, 8.59375], "texture": "#0"},
				"down": {"uv": [8.5, 5.59375, 8.5625, 5.5], "texture": "#0"}
			}
		},
		{
			"from": [11.6, 4.55, 7.225],
			"to": [11.825, 5.25, 7.45],
			"rotation": {"angle": 0, "axis": "y", "origin": [7.625, 13.00625, 7.75]},
			"faces": {
				"north": {"uv": [3.25, 7.75, 3.3125, 7.9375], "texture": "#0"},
				"east": {"uv": [7.75, 3.25, 7.8125, 3.4375], "texture": "#0"},
				"south": {"uv": [3, 7.75, 3.0625, 7.9375], "texture": "#0"},
				"west": {"uv": [7.75, 3, 7.8125, 3.1875], "texture": "#0"},
				"up": {"uv": [8.75, 5.5, 8.8125, 5.5625], "texture": "#0"},
				"down": {"uv": [5.75, 8.8125, 5.8125, 8.75], "texture": "#0"}
			}
		},
		{
			"from": [11.725, 4.175, 7.2],
			"to": [11.875, 4.975, 7.35],
			"rotation": {"angle": 0, "axis": "y", "origin": [7.625, 13.00625, 7.75]},
			"faces": {
				"north": {"uv": [6.75, 8.5, 6.78125, 8.6875], "texture": "#0"},
				"east": {"uv": [8.5, 6.75, 8.53125, 6.9375], "texture": "#0"},
				"south": {"uv": [6.5, 8.5, 6.53125, 8.6875], "texture": "#0"},
				"west": {"uv": [8.5, 6.5, 8.53125, 6.6875], "texture": "#0"},
				"up": {"uv": [3.5, 9, 3.53125, 9.03125], "texture": "#0"},
				"down": {"uv": [9, 3.53125, 9.03125, 3.5], "texture": "#0"}
			}
		},
		{
			"from": [4.8, 4.175, 7.2],
			"to": [4.95, 4.975, 7.35],
			"rotation": {"angle": 0, "axis": "y", "origin": [8.375, 13.00625, 7.75]},
			"faces": {
				"north": {"uv": [6.78125, 8.5, 6.75, 8.6875], "texture": "#0"},
				"east": {"uv": [8.53125, 6.5, 8.5, 6.6875], "texture": "#0"},
				"south": {"uv": [6.53125, 8.5, 6.5, 8.6875], "texture": "#0"},
				"west": {"uv": [8.53125, 6.75, 8.5, 6.9375], "texture": "#0"},
				"up": {"uv": [3.53125, 9, 3.5, 9.03125], "texture": "#0"},
				"down": {"uv": [9.03125, 3.53125, 9, 3.5], "texture": "#0"}
			}
		},
		{
			"from": [4.85, 4.55, 7.225],
			"to": [5.075, 5.25, 7.45],
			"rotation": {"angle": 0, "axis": "y", "origin": [8.375, 13.00625, 7.75]},
			"faces": {
				"north": {"uv": [3.3125, 7.75, 3.25, 7.9375], "texture": "#0"},
				"east": {"uv": [7.8125, 3, 7.75, 3.1875], "texture": "#0"},
				"south": {"uv": [3.0625, 7.75, 3, 7.9375], "texture": "#0"},
				"west": {"uv": [7.8125, 3.25, 7.75, 3.4375], "texture": "#0"},
				"up": {"uv": [8.8125, 5.5, 8.75, 5.5625], "texture": "#0"},
				"down": {"uv": [5.8125, 8.8125, 5.75, 8.75], "texture": "#0"}
			}
		},
		{
			"from": [4.925, 5.025, 7.25],
			"to": [5.225, 5.625, 7.575],
			"rotation": {"angle": 0, "axis": "y", "origin": [8.375, 13.00625, 7.75]},
			"faces": {
				"north": {"uv": [6.0625, 8, 6, 8.15625], "texture": "#0"},
				"east": {"uv": [5.09375, 7.25, 5, 7.40625], "texture": "#0"},
				"south": {"uv": [8.0625, 5.75, 8, 5.90625], "texture": "#0"},
				"west": {"uv": [7.34375, 5, 7.25, 5.15625], "texture": "#0"},
				"up": {"uv": [5.5625, 8.5, 5.5, 8.59375], "texture": "#0"},
				"down": {"uv": [8.5625, 5.59375, 8.5, 5.5], "texture": "#0"}
			}
		},
		{
			"from": [5.05, 5.175, 7.275],
			"to": [5.45, 5.775, 7.675],
			"rotation": {"angle": 0, "axis": "y", "origin": [8.375, 13.00625, 7.75]},
			"faces": {
				"north": {"uv": [4.84375, 7.25, 4.75, 7.40625], "texture": "#0"},
				"east": {"uv": [7.34375, 4.5, 7.25, 4.65625], "texture": "#0"},
				"south": {"uv": [4.59375, 7.25, 4.5, 7.40625], "texture": "#0"},
				"west": {"uv": [7.34375, 4.75, 7.25, 4.90625], "texture": "#0"},
				"up": {"uv": [8.09375, 7, 8, 7.09375], "texture": "#0"},
				"down": {"uv": [8.09375, 7.34375, 8, 7.25], "texture": "#0"}
			}
		},
		{
			"from": [5.25, 5.25, 7.3],
			"to": [5.75, 5.95, 7.8],
			"rotation": {"angle": 0, "axis": "y", "origin": [8.375, 13.00625, 7.75]},
			"faces": {
				"north": {"uv": [2.125, 6.5, 2, 6.6875], "texture": "#0"},
				"east": {"uv": [1.875, 6.5, 1.75, 6.6875], "texture": "#0"},
				"south": {"uv": [2, 6.5, 2.125, 6.6875], "texture": "#0"},
				"west": {"uv": [2.375, 6.5, 2.25, 6.6875], "texture": "#0"},
				"up": {"uv": [7.125, 1.75, 7, 1.875], "texture": "#0"},
				"down": {"uv": [2.125, 7.125, 2, 7], "texture": "#0"}
			}
		},
		{
			"from": [5.5, 5.325, 7.425],
			"to": [6, 6.275, 7.925],
			"rotation": {"angle": 0, "axis": "y", "origin": [8.375, 13.00625, 7.75]},
			"faces": {
				"north": {"uv": [5.625, 0, 5.5, 0.25], "texture": "#0"},
				"east": {"uv": [5.375, 3.5, 5.25, 3.75], "texture": "#0"},
				"south": {"uv": [5.5, 0, 5.625, 0.25], "texture": "#0"},
				"west": {"uv": [5.875, 1, 5.75, 1.25], "texture": "#0"},
				"up": {"uv": [7.125, 1.25, 7, 1.375], "texture": "#0"},
				"down": {"uv": [1.875, 7.125, 1.75, 7], "texture": "#0"}
			}
		},
		{
			"from": [6, 5.225, 7.55],
			"to": [6.5, 6.6, 8.05],
			"rotation": {"angle": 0, "axis": "y", "origin": [8.375, 13.00625, 7.75]},
			"faces": {
				"north": {"uv": [4.875, 5.5, 4.75, 5.84375], "texture": "#0"},
				"east": {"uv": [5.625, 4.5, 5.5, 4.84375], "texture": "#0"},
				"south": {"uv": [4.75, 5.5, 4.875, 5.84375], "texture": "#0"},
				"west": {"uv": [5.125, 5.5, 5, 5.84375], "texture": "#0"},
				"up": {"uv": [1.125, 7, 1, 7.125], "texture": "#0"},
				"down": {"uv": [7.125, 1.125, 7, 1], "texture": "#0"}
			}
		},
		{
			"from": [6.5, 5.35, 7.675],
			"to": [7, 6.875, 8.175],
			"rotation": {"angle": 0, "axis": "y", "origin": [8.375, 13.00625, 7.75]},
			"faces": {
				"north": {"uv": [5.375, 3, 5.25, 3.375], "texture": "#0"},
				"east": {"uv": [5.375, 1.5, 5.25, 1.875], "texture": "#0"},
				"south": {"uv": [5.25, 3, 5.375, 3.375], "texture": "#0"},
				"west": {"uv": [3.875, 5.25, 3.75, 5.625], "texture": "#0"},
				"up": {"uv": [0.875, 7, 0.75, 7.125], "texture": "#0"},
				"down": {"uv": [7.125, 0.875, 7, 0.75], "texture": "#0"}
			}
		},
		{
			"from": [7, 5.575, 7.75],
			"to": [7.5, 7.225, 8.25],
			"rotation": {"angle": 0, "axis": "y", "origin": [8.375, 13.00625, 7.75]},
			"faces": {
				"north": {"uv": [5.125, 1.25, 5, 1.65625], "texture": "#0"},
				"east": {"uv": [3.875, 4.75, 3.75, 5.15625], "texture": "#0"},
				"south": {"uv": [5, 1.25, 5.125, 1.65625], "texture": "#0"},
				"west": {"uv": [1.875, 5, 1.75, 5.40625], "texture": "#0"},
				"up": {"uv": [0.625, 7, 0.5, 7.125], "texture": "#0"},
				"down": {"uv": [7.125, 0.625, 7, 0.5], "texture": "#0"}
			}
		},
		{
			"from": [8.35, 29.775, 8.1],
			"to": [8.4, 29.9, 8.4],
			"rotation": {"angle": 0, "axis": "y", "origin": [8.375, 13.00625, 8.25]},
			"faces": {
				"north": {"uv": [9, 5.25, 9.03125, 5.28125], "texture": "#0"},
				"east": {"uv": [3, 9, 3.0625, 9.03125], "texture": "#0"},
				"south": {"uv": [9, 5.25, 9.03125, 5.28125], "texture": "#0"},
				"west": {"uv": [9, 3, 9.0625, 3.03125], "texture": "#0"},
				"up": {"uv": [3.28125, 9.0625, 3.25, 9], "texture": "#0"},
				"down": {"uv": [9.03125, 3.25, 9, 3.3125], "texture": "#0"}
			}
		},
		{
			"from": [8.3, 29.575, 8.1],
			"to": [8.45, 29.775, 8.4],
			"rotation": {"angle": 0, "axis": "y", "origin": [8.375, 13.00625, 8.25]},
			"faces": {
				"north": {"uv": [9, 2.5, 9.03125, 2.5625], "texture": "#0"},
				"east": {"uv": [8.75, 8, 8.8125, 8.0625], "texture": "#0"},
				"south": {"uv": [9, 2.5, 9.03125, 2.5625], "texture": "#0"},
				"west": {"uv": [8.25, 8.75, 8.3125, 8.8125], "texture": "#0"},
				"up": {"uv": [2.78125, 9.0625, 2.75, 9], "texture": "#0"},
				"down": {"uv": [9.03125, 2.75, 9, 2.8125], "texture": "#0"}
			}
		},
		{
			"from": [8.225, 29.325, 8.1],
			"to": [8.525, 29.575, 8.4],
			"rotation": {"angle": 0, "axis": "y", "origin": [8.375, 13.00625, 8.25]},
			"faces": {
				"north": {"uv": [8.75, 5, 8.8125, 5.0625], "texture": "#0"},
				"east": {"uv": [5, 8.75, 5.0625, 8.8125], "texture": "#0"},
				"south": {"uv": [8.75, 5, 8.8125, 5.0625], "texture": "#0"},
				"west": {"uv": [5.25, 8.75, 5.3125, 8.8125], "texture": "#0"},
				"up": {"uv": [8.8125, 5.3125, 8.75, 5.25], "texture": "#0"},
				"down": {"uv": [5.5625, 8.75, 5.5, 8.8125], "texture": "#0"}
			}
		},
		{
			"from": [8.125, 29.05, 8.1],
			"to": [8.625, 29.325, 8.4],
			"rotation": {"angle": 0, "axis": "y", "origin": [8.375, 13.00625, 8.25]},
			"faces": {
				"north": {"uv": [8.25, 4.75, 8.375, 4.8125], "texture": "#0"},
				"east": {"uv": [8.75, 4.5, 8.8125, 4.5625], "texture": "#0"},
				"south": {"uv": [8.25, 4.75, 8.375, 4.8125], "texture": "#0"},
				"west": {"uv": [4.75, 8.75, 4.8125, 8.8125], "texture": "#0"},
				"up": {"uv": [8.375, 5.0625, 8.25, 5], "texture": "#0"},
				"down": {"uv": [5.375, 8.25, 5.25, 8.3125], "texture": "#0"}
			}
		},
		{
			"from": [8.025, 28.775, 8.1],
			"to": [8.725, 29.05, 8.4],
			"rotation": {"angle": 0, "axis": "y", "origin": [8.375, 13.00625, 8.25]},
			"faces": {
				"north": {"uv": [2.25, 7.75, 2.4375, 7.8125], "texture": "#0"},
				"east": {"uv": [8.75, 4.25, 8.8125, 4.3125], "texture": "#0"},
				"south": {"uv": [2.25, 7.75, 2.4375, 7.8125], "texture": "#0"},
				"west": {"uv": [4.5, 8.75, 4.5625, 8.8125], "texture": "#0"},
				"up": {"uv": [2.6875, 7.8125, 2.5, 7.75], "texture": "#0"},
				"down": {"uv": [7.9375, 2.5, 7.75, 2.5625], "texture": "#0"}
			}
		},
		{
			"from": [7.925, 28.475, 8.1],
			"to": [8.825, 28.775, 8.4],
			"rotation": {"angle": 0, "axis": "y", "origin": [8.375, 13.00625, 8.25]},
			"faces": {
				"north": {"uv": [3, 7.5, 3.21875, 7.5625], "texture": "#0"},
				"east": {"uv": [8.75, 4, 8.8125, 4.0625], "texture": "#0"},
				"south": {"uv": [3, 7.5, 3.21875, 7.5625], "texture": "#0"},
				"west": {"uv": [4.25, 8.75, 4.3125, 8.8125], "texture": "#0"},
				"up": {"uv": [7.71875, 3.0625, 7.5, 3], "texture": "#0"},
				"down": {"uv": [3.46875, 7.5, 3.25, 7.5625], "texture": "#0"}
			}
		},
		{
			"from": [7.825, 28.1, 8.1],
			"to": [8.925, 28.475, 8.4],
			"rotation": {"angle": 0, "axis": "y", "origin": [8.375, 13.00625, 8.25]},
			"faces": {
				"north": {"uv": [6.25, 6, 6.53125, 6.09375], "texture": "#0"},
				"east": {"uv": [5, 8.5, 5.0625, 8.59375], "texture": "#0"},
				"south": {"uv": [6.25, 6, 6.53125, 6.09375], "texture": "#0"},
				"west": {"uv": [8.5, 5, 8.5625, 5.09375], "texture": "#0"},
				"up": {"uv": [7.03125, 3.0625, 6.75, 3], "texture": "#0"},
				"down": {"uv": [3.53125, 6.75, 3.25, 6.8125], "texture": "#0"}
			}
		},
		{
			"from": [7.75, 27.725, 8.1],
			"to": [9, 28.1, 8.4],
			"rotation": {"angle": 0, "axis": "y", "origin": [8.375, 13.00625, 8.25]},
			"faces": {
				"north": {"uv": [6.25, 1.75, 6.5625, 1.84375], "texture": "#0"},
				"east": {"uv": [4.75, 8.5, 4.8125, 8.59375], "texture": "#0"},
				"south": {"uv": [6.25, 1.75, 6.5625, 1.84375], "texture": "#0"},
				"west": {"uv": [8.5, 4.75, 8.5625, 4.84375], "texture": "#0"},
				"up": {"uv": [7.0625, 1.5625, 6.75, 1.5], "texture": "#0"},
				"down": {"uv": [2.0625, 6.75, 1.75, 6.8125], "texture": "#0"}
			}
		},
		{
			"from": [7.675, 27.025, 8.1],
			"to": [9.075, 27.725, 8.4],
			"rotation": {"angle": 0, "axis": "y", "origin": [8.375, 13.00625, 8.25]},
			"faces": {
				"north": {"uv": [4.75, 3.25, 5.09375, 3.4375], "texture": "#0"},
				"east": {"uv": [7.75, 1.25, 7.8125, 1.4375], "texture": "#0"},
				"south": {"uv": [4.75, 3.25, 5.09375, 3.4375], "texture": "#0"},
				"west": {"uv": [7.75, 1.5, 7.8125, 1.6875], "texture": "#0"},
				"up": {"uv": [6.84375, 4.5625, 6.5, 4.5], "texture": "#0"},
				"down": {"uv": [5.09375, 6.5, 4.75, 6.5625], "texture": "#0"}
			}
		},
		{
			"from": [8.35, 29.9, 8.165],
			"to": [8.4, 29.975, 8.34],
			"rotation": {"angle": 0, "axis": "y", "origin": [8.375, 13.00625, 8.25]},
			"faces": {
				"north": {"uv": [5.5, 9, 5.53125, 9.03125], "texture": "#0"},
				"east": {"uv": [9, 5.5, 9.03125, 5.53125], "texture": "#0"},
				"south": {"uv": [5.75, 9, 5.78125, 9.03125], "texture": "#0"},
				"west": {"uv": [9, 5.75, 9.03125, 5.78125], "texture": "#0"},
				"up": {"uv": [6.03125, 9.03125, 6, 9], "texture": "#0"},
				"down": {"uv": [9.03125, 6, 9, 6.03125], "texture": "#0"}
			}
		},
		{
			"from": [8.3, 29.775, 8.165],
			"to": [8.45, 29.9, 8.34],
			"rotation": {"angle": 0, "axis": "y", "origin": [8.375, 13.00625, 8.25]},
			"faces": {
				"north": {"uv": [4.5, 9, 4.53125, 9.03125], "texture": "#0"},
				"east": {"uv": [9, 4.5, 9.03125, 4.53125], "texture": "#0"},
				"south": {"uv": [4.75, 9, 4.78125, 9.03125], "texture": "#0"},
				"west": {"uv": [9, 4.75, 9.03125, 4.78125], "texture": "#0"},
				"up": {"uv": [5.03125, 9.03125, 5, 9], "texture": "#0"},
				"down": {"uv": [9.03125, 5, 9, 5.03125], "texture": "#0"}
			}
		},
		{
			"from": [8.225, 29.575, 8.165],
			"to": [8.525, 29.775, 8.34],
			"rotation": {"angle": 0, "axis": "y", "origin": [8.375, 13.00625, 8.25]},
			"faces": {
				"north": {"uv": [8.75, 3.75, 8.8125, 3.8125], "texture": "#0"},
				"east": {"uv": [2, 9, 2.03125, 9.0625], "texture": "#0"},
				"south": {"uv": [4, 8.75, 4.0625, 8.8125], "texture": "#0"},
				"west": {"uv": [9, 2, 9.03125, 2.0625], "texture": "#0"},
				"up": {"uv": [2.3125, 9.03125, 2.25, 9], "texture": "#0"},
				"down": {"uv": [9.0625, 2.25, 9, 2.28125], "texture": "#0"}
			}
		},
		{
			"from": [8.125, 29.325, 8.165],
			"to": [8.625, 29.575, 8.34],
			"rotation": {"angle": 0, "axis": "y", "origin": [8.375, 13.00625, 8.25]},
			"faces": {
				"north": {"uv": [4.5, 8.25, 4.625, 8.3125], "texture": "#0"},
				"east": {"uv": [1.75, 9, 1.78125, 9.0625], "texture": "#0"},
				"south": {"uv": [8.25, 4.5, 8.375, 4.5625], "texture": "#0"},
				"west": {"uv": [9, 1.75, 9.03125, 1.8125], "texture": "#0"},
				"up": {"uv": [8.875, 3.53125, 8.75, 3.5], "texture": "#0"},
				"down": {"uv": [3.875, 8.75, 3.75, 8.78125], "texture": "#0"}
			}
		},
		{
			"from": [8.025, 29.05, 8.165],
			"to": [8.725, 29.325, 8.34],
			"rotation": {"angle": 0, "axis": "y", "origin": [8.375, 13.00625, 8.25]},
			"faces": {
				"north": {"uv": [7.75, 1.75, 7.9375, 1.8125], "texture": "#0"},
				"east": {"uv": [1.5, 9, 1.53125, 9.0625], "texture": "#0"},
				"south": {"uv": [2, 7.75, 2.1875, 7.8125], "texture": "#0"},
				"west": {"uv": [9, 1.5, 9.03125, 1.5625], "texture": "#0"},
				"up": {"uv": [5.4375, 8.53125, 5.25, 8.5], "texture": "#0"},
				"down": {"uv": [8.6875, 5.25, 8.5, 5.28125], "texture": "#0"}
			}
		},
		{
			"from": [7.925, 28.775, 8.165],
			"to": [8.825, 29.05, 8.34],
			"rotation": {"angle": 0, "axis": "y", "origin": [8.375, 13.00625, 8.25]},
			"faces": {
				"north": {"uv": [7.5, 2.5, 7.71875, 2.5625], "texture": "#0"},
				"east": {"uv": [1.25, 9, 1.28125, 9.0625], "texture": "#0"},
				"south": {"uv": [2.75, 7.5, 2.96875, 7.5625], "texture": "#0"},
				"west": {"uv": [9, 1.25, 9.03125, 1.3125], "texture": "#0"},
				"up": {"uv": [2.21875, 8.53125, 2, 8.5], "texture": "#0"},
				"down": {"uv": [8.71875, 2, 8.5, 2.03125], "texture": "#0"}
			}
		},
		{
			"from": [7.825, 28.475, 8.165],
			"to": [8.925, 28.775, 8.34],
			"rotation": {"angle": 0, "axis": "y", "origin": [8.375, 13.00625, 8.25]},
			"faces": {
				"north": {"uv": [6.75, 3.25, 7.03125, 3.3125], "texture": "#0"},
				"east": {"uv": [1, 9, 1.03125, 9.0625], "texture": "#0"},
				"south": {"uv": [6.75, 3.5, 7.03125, 3.5625], "texture": "#0"},
				"west": {"uv": [9, 1, 9.03125, 1.0625], "texture": "#0"},
				"up": {"uv": [8.28125, 6.78125, 8, 6.75], "texture": "#0"},
				"down": {"uv": [7.28125, 8, 7, 8.03125], "texture": "#0"}
			}
		},
		{
			"from": [7.75, 28.1, 8.165],
			"to": [9, 28.475, 8.34],
			"rotation": {"angle": 0, "axis": "y", "origin": [8.375, 13.00625, 8.25]},
			"faces": {
				"north": {"uv": [6.25, 2, 6.5625, 2.09375], "texture": "#0"},
				"east": {"uv": [0, 9, 0.03125, 9.09375], "texture": "#0"},
				"south": {"uv": [2.25, 6.25, 2.5625, 6.34375], "texture": "#0"},
				"west": {"uv": [9, 0, 9.03125, 0.09375], "texture": "#0"},
				"up": {"uv": [5.5625, 8.03125, 5.25, 8], "texture": "#0"},
				"down": {"uv": [8.3125, 5.25, 8, 5.28125], "texture": "#0"}
			}
		},
		{
			"from": [7.675, 27.725, 8.165],
			"to": [9.075, 28.1, 8.34],
			"rotation": {"angle": 0, "axis": "y", "origin": [8.375, 13.00625, 8.25]},
			"faces": {
				"north": {"uv": [3.25, 6, 3.59375, 6.09375], "texture": "#0"},
				"east": {"uv": [8.75, 8.5, 8.78125, 8.59375], "texture": "#0"},
				"south": {"uv": [6, 3.75, 6.34375, 3.84375], "texture": "#0"},
				"west": {"uv": [8.75, 8.75, 8.78125, 8.84375], "texture": "#0"},
				"up": {"uv": [4.59375, 8.03125, 4.25, 8], "texture": "#0"},
				"down": {"uv": [8.34375, 4.25, 8, 4.28125], "texture": "#0"}
			}
		},
		{
			"from": [7.575, 27.025, 8.165],
			"to": [9.175, 27.725, 8.34],
			"rotation": {"angle": 0, "axis": "y", "origin": [8.375, 13.00625, 8.25]},
			"faces": {
				"north": {"uv": [4.75, 2.5, 5.125, 2.6875], "texture": "#0"},
				"east": {"uv": [4.5, 8.5, 4.53125, 8.6875], "texture": "#0"},
				"south": {"uv": [4.75, 3, 5.125, 3.1875], "texture": "#0"},
				"west": {"uv": [8.5, 4.5, 8.53125, 4.6875], "texture": "#0"},
				"up": {"uv": [8.125, 1.03125, 7.75, 1], "texture": "#0"},
				"down": {"uv": [1.625, 7.75, 1.25, 7.78125], "texture": "#0"}
			}
		},
		{
			"from": [7.5, 26.15, 8.165],
			"to": [9.25, 27.025, 8.34],
			"rotation": {"angle": 0, "axis": "y", "origin": [8.375, 13.00625, 8.25]},
			"faces": {
				"north": {"uv": [3.75, 2.75, 4.1875, 2.96875], "texture": "#0"},
				"east": {"uv": [1.75, 8.5, 1.78125, 8.71875], "texture": "#0"},
				"south": {"uv": [2.5, 4, 2.9375, 4.21875], "texture": "#0"},
				"west": {"uv": [8.5, 1.75, 8.53125, 1.96875], "texture": "#0"},
				"up": {"uv": [2.6875, 7.53125, 2.25, 7.5], "texture": "#0"},
				"down": {"uv": [7.9375, 2.25, 7.5, 2.28125], "texture": "#0"}
			}
		},
		{
			"from": [7.425, 24.85, 8.165],
			"to": [9.325, 26.15, 8.34],
			"rotation": {"angle": 0, "axis": "y", "origin": [8.375, 13.00625, 8.25]},
			"faces": {
				"north": {"uv": [3, 2.5, 3.46875, 2.8125], "texture": "#0"},
				"east": {"uv": [8, 4.75, 8.03125, 5.0625], "texture": "#0"},
				"south": {"uv": [3, 3, 3.46875, 3.3125], "texture": "#0"},
				"west": {"uv": [5, 8, 5.03125, 8.3125], "texture": "#0"},
				"up": {"uv": [4.46875, 7.28125, 4, 7.25], "texture": "#0"},
				"down": {"uv": [7.71875, 4.25, 7.25, 4.28125], "texture": "#0"}
			}
		},
		{
			"from": [7.575, 26.15, 8.1],
			"to": [9.175, 27.025, 8.4],
			"rotation": {"angle": 0, "axis": "y", "origin": [8.375, 13.00625, 8.25]},
			"faces": {
				"north": {"uv": [1.75, 4.25, 2.15625, 4.46875], "texture": "#0"},
				"east": {"uv": [2, 7.5, 2.0625, 7.71875], "texture": "#0"},
				"south": {"uv": [1.75, 4.25, 2.15625, 4.46875], "texture": "#0"},
				"west": {"uv": [7.5, 2, 7.5625, 2.21875], "texture": "#0"},
				"up": {"uv": [6.90625, 0.0625, 6.5, 0], "texture": "#0"},
				"down": {"uv": [6.90625, 0.25, 6.5, 0.3125], "texture": "#0"}
			}
		},
		{
			"from": [7.5, 24.85, 8.1],
			"to": [9.25, 26.15, 8.4],
			"rotation": {"angle": 0, "axis": "y", "origin": [8.375, 13.00625, 8.25]},
			"faces": {
				"north": {"uv": [3.5, 3, 3.9375, 3.3125], "texture": "#0"},
				"east": {"uv": [6.75, 0.5, 6.8125, 0.8125], "texture": "#0"},
				"south": {"uv": [3.5, 3, 3.9375, 3.3125], "texture": "#0"},
				"west": {"uv": [6.75, 1, 6.8125, 1.3125], "texture": "#0"},
				"up": {"uv": [3.9375, 6.3125, 3.5, 6.25], "texture": "#0"},
				"down": {"uv": [6.6875, 3.5, 6.25, 3.5625], "texture": "#0"}
			}
		},
		{
			"from": [7.425, 7.425, 8.1],
			"to": [9.325, 24.85, 8.4],
			"rotation": {"angle": 0, "axis": "y", "origin": [8.375, 13.00625, 8.25]},
			"faces": {
				"north": {"uv": [0.5, 0, 0.96875, 4.34375], "texture": "#0"},
				"east": {"uv": [1.25, 2.75, 1.3125, 7.09375], "texture": "#0"},
				"south": {"uv": [0.5, 0, 0.96875, 4.34375], "texture": "#0"},
				"west": {"uv": [1.5, 2.75, 1.5625, 7.09375], "texture": "#0"},
				"up": {"uv": [6.71875, 1.0625, 6.25, 1], "texture": "#0"},
				"down": {"uv": [6.71875, 1.25, 6.25, 1.3125], "texture": "#0"}
			}
		},
		{
			"from": [7.225, 9.125, 8.165],
			"to": [9.525, 20.15, 8.34],
			"rotation": {"angle": 0, "axis": "y", "origin": [8.375, 13.00625, 8.25]},
			"faces": {
				"north": {"uv": [1.75, 0, 2.34375, 2.75], "texture": "#0"},
				"east": {"uv": [1, 4.25, 1.03125, 7], "texture": "#0"},
				"south": {"uv": [1.75, 0, 2.34375, 2.75], "texture": "#0"},
				"west": {"uv": [0, 4.5, 0.03125, 7.25], "texture": "#0"},
				"up": {"uv": [7.34375, 2.53125, 6.75, 2.5], "texture": "#0"},
				"down": {"uv": [7.34375, 2.75, 6.75, 2.78125], "texture": "#0"}
			}
		},
		{
			"from": [7.125, 7.125, 8.19],
			"to": [9.625, 7.425, 8.315],
			"rotation": {"angle": 0, "axis": "y", "origin": [8.375, 13.00625, 8.25]},
			"faces": {
				"north": {"uv": [2.25, 6, 2.875, 6.0625], "texture": "#0"},
				"east": {"uv": [0.75, 9, 0.78125, 9.0625], "texture": "#0"},
				"south": {"uv": [2.25, 6, 2.875, 6.0625], "texture": "#0"},
				"west": {"uv": [9, 0.75, 9.03125, 0.8125], "texture": "#0"},
				"up": {"uv": [6.625, 6.53125, 6, 6.5], "texture": "#0"},
				"down": {"uv": [0.875, 6.75, 0.25, 6.78125], "texture": "#0"}
			}
		},
		{
			"from": [7.9, 7.425, 8.19],
			"to": [8.85, 9.125, 8.315],
			"rotation": {"angle": 0, "axis": "y", "origin": [8.375, 13.00625, 8.25]},
			"faces": {
				"north": {"uv": [2, 3.75, 2.25, 4.1875], "texture": "#0"},
				"east": {"uv": [7.5, 1.5, 7.53125, 1.9375], "texture": "#0"},
				"south": {"uv": [3.5, 3.75, 3.75, 4.1875], "texture": "#0"},
				"west": {"uv": [1.75, 7.5, 1.78125, 7.9375], "texture": "#0"},
				"up": {"uv": [8.5, 4.03125, 8.25, 4], "texture": "#0"},
				"down": {"uv": [4.5, 8.25, 4.25, 8.28125], "texture": "#0"}
			}
		},
		{
			"from": [7.325, 20.15, 8.165],
			"to": [9.425, 24.85, 8.34],
			"rotation": {"angle": 0, "axis": "y", "origin": [8.375, 13.00625, 8.25]},
			"faces": {
				"north": {"uv": [2.5, 0, 3.03125, 1.1875], "texture": "#0"},
				"east": {"uv": [6, 2.5, 6.03125, 3.6875], "texture": "#0"},
				"south": {"uv": [2.5, 1.25, 3.03125, 2.4375], "texture": "#0"},
				"west": {"uv": [3, 6, 3.03125, 7.1875], "texture": "#0"},
				"up": {"uv": [4.53125, 6.78125, 4, 6.75], "texture": "#0"},
				"down": {"uv": [7.28125, 4, 6.75, 4.03125], "texture": "#0"}
			}
		}
	],
	"display": {
		"thirdperson_righthand": {
			"rotation": [0, -90, 0],
			"translation": [0.4, 5.086, -0.5],
			"scale": [1.25, 1.25, 1.25]
		},
		"thirdperson_lefthand": {
			"rotation": [0, 90, 0],
			"translation": [-0.4, 4.836, -0.5],
			"scale": [1.25, 1.25, 1.25]
		},
		"firstperson_righthand": {
			"rotation": [-11, 104, 0],
			"translation": [2.6, 3, -0.758],
			"scale": [0.85, 0.85, 0.85]
		},
		"firstperson_lefthand": {
			"rotation": [-11, -76, 0],
			"translation": [2.85, 3, -0.75],
			"scale": [0.85, 0.85, 0.85]
		},
		"ground": {
			"translation": [0, 15, 0],
			"scale": [1.25, 1.25, 1.25]
		},
		"gui": {
			"rotation": [0, 0, -45],
			"translation": [-3.75, -4.5, 0]
		},
		"head": {
			"translation": [0, 25.5, 0],
			"scale": [1.25, 1.25, 1.25]
		},
		"fixed": {
			"rotation": [0, 0, 45],
			"translation": [2.75, -3.25, -2]
		}
	},
	"groups": [
		{
			"name": "test",
			"origin": [8, 8, 8],
			"color": 0,
			"children": [
				0,
				1,
				2,
				3,
				4,
				5,
				6,
				7,
				8,
				9,
				10,
				11,
				12,
				13,
				14,
				15,
				16,
				17,
				18,
				19,
				20,
				21,
				22,
				23,
				24,
				25,
				26,
				27,
				28,
				29,
				30,
				31,
				32,
				33,
				34,
				35,
				36,
				37,
				38,
				39,
				40,
				41,
				42,
				43,
				44,
				45,
				46,
				47,
				48,
				49,
				50,
				51,
				52,
				53,
				54,
				55,
				56,
				57,
				58,
				59,
				60,
				61,
				62,
				63,
				64,
				65,
				66,
				67,
				68,
				69,
				70,
				71,
				72,
				73,
				74,
				75,
				76,
				77,
				78,
				79,
				80,
				81,
				82,
				83,
				84,
				85,
				86,
				87,
				88,
				89,
				90,
				91,
				92,
				93,
				94,
				95,
				96,
				97,
				98,
				99,
				100,
				101,
				102,
				103,
				104,
				105,
				106,
				107,
				108,
				109,
				110,
				111,
				112,
				113,
				114,
				115,
				116,
				117,
				118,
				119,
				120,
				121,
				122,
				123,
				124,
				125,
				126,
				127,
				128,
				129,
				130,
				131,
				132,
				133,
				134,
				135,
				136,
				137,
				138,
				139,
				140,
				141,
				142,
				143,
				144
			]
		}
	]
}