{
	"credit": "Made with Blockbench",
	"texture_size": [32, 32],
	"textures": {
		"0": "item/death_bringer",
		"particle": "item/death_bringer"
	},
	"elements": [
		{
			"from": [8, 0, 8.075],
			"to": [8.75, 5.5, 8.425],
			"faces": {
				"north": {"uv": [4, 0, 4.375, 2.75], "texture": "#0"},
				"east": {"uv": [5, 5.5, 5.1875, 8.25], "texture": "#0"},
				"south": {"uv": [4, 3, 4.375, 5.75], "texture": "#0"},
				"west": {"uv": [5.5, 5, 5.6875, 7.75], "texture": "#0"},
				"up": {"uv": [7.375, 9.1875, 7, 9], "texture": "#0"},
				"down": {"uv": [9.375, 7, 9, 7.1875], "texture": "#0"}
			}
		},
		{
			"from": [7.95, 5.225, 8],
			"to": [8.8, 5.475, 8.5],
			"faces": {
				"north": {"uv": [7, 9.5, 7.4375, 9.625], "texture": "#0"},
				"east": {"uv": [7.4375, 9.5, 7, 9.625], "texture": "#0"},
				"south": {"uv": [7, 9.5, 7.4375, 9.625], "texture": "#0"},
				"west": {"uv": [7.4375, 9.5, 7, 9.625], "texture": "#0"},
				"up": {"uv": [1.9375, 8.75, 1.5, 8.5], "texture": "#0"},
				"down": {"uv": [8.9375, 1.5, 8.5, 1.75], "texture": "#0"}
			}
		},
		{
			"from": [7.95, 5, 8],
			"to": [8.8, 5.2, 8.5],
			"faces": {
				"north": {"uv": [7, 9.5, 7.4375, 9.625], "texture": "#0"},
				"east": {"uv": [7.4375, 9.5, 7, 9.625], "texture": "#0"},
				"south": {"uv": [7, 9.5, 7.4375, 9.625], "texture": "#0"},
				"west": {"uv": [7.4375, 9.5, 7, 9.625], "texture": "#0"},
				"up": {"uv": [2.4375, 8.75, 2, 8.5], "texture": "#0"},
				"down": {"uv": [8.9375, 2, 8.5, 2.25], "texture": "#0"}
			}
		},
		{
			"from": [7.95, 2.975, 8],
			"to": [8.8, 3.175, 8.5],
			"rotation": {"angle": 0, "axis": "y", "origin": [0, 16, 0]},
			"faces": {
				"north": {"uv": [7, 9.5, 7.4375, 9.625], "texture": "#0"},
				"east": {"uv": [7.4375, 9.5, 7, 9.625], "texture": "#0"},
				"south": {"uv": [7, 9.5, 7.4375, 9.625], "texture": "#0"},
				"west": {"uv": [7.4375, 9.5, 7, 9.625], "texture": "#0"},
				"up": {"uv": [8.9375, 2.75, 8.5, 2.5], "texture": "#0"},
				"down": {"uv": [8.9375, 3, 8.5, 3.25], "texture": "#0"}
			}
		},
		{
			"from": [7.95, 2.75, 8],
			"to": [8.8, 2.95, 8.5],
			"rotation": {"angle": 0, "axis": "y", "origin": [0, 16, 0]},
			"faces": {
				"north": {"uv": [7, 9.5, 7.4375, 9.625], "texture": "#0"},
				"east": {"uv": [7.4375, 9.5, 7, 9.625], "texture": "#0"},
				"south": {"uv": [7, 9.5, 7.4375, 9.625], "texture": "#0"},
				"west": {"uv": [7.4375, 9.5, 7, 9.625], "texture": "#0"},
				"up": {"uv": [3.9375, 8.75, 3.5, 8.5], "texture": "#0"},
				"down": {"uv": [8.9375, 3.5, 8.5, 3.75], "texture": "#0"}
			}
		},
		{
			"from": [7.925, 0.425, 7.975],
			"to": [8.825, 2.625, 8.525],
			"rotation": {"angle": 0, "axis": "y", "origin": [0, 16, 0]},
			"faces": {
				"north": {"uv": [1, 6, 1.4375, 7.125], "texture": "#0"},
				"east": {"uv": [1, 6, 1.4375, 7.125], "texture": "#0"},
				"south": {"uv": [1, 6, 1.4375, 7.125], "texture": "#0"},
				"west": {"uv": [1, 6, 1.4375, 7.125], "texture": "#0"},
				"up": {"uv": [9.4375, 0.25, 9, 0], "texture": "#0"},
				"down": {"uv": [9.4375, 0.5, 9, 0.75], "texture": "#0"}
			}
		},
		{
			"from": [7.95, 3.2, 8],
			"to": [8.8, 3.4, 8.5],
			"rotation": {"angle": 0, "axis": "y", "origin": [0, 16, 0]},
			"faces": {
				"north": {"uv": [7, 9.5, 7.4375, 9.625], "texture": "#0"},
				"east": {"uv": [7.4375, 9.5, 7, 9.625], "texture": "#0"},
				"south": {"uv": [7, 9.5, 7.4375, 9.625], "texture": "#0"},
				"west": {"uv": [7.4375, 9.5, 7, 9.625], "texture": "#0"},
				"up": {"uv": [8.9375, 8.25, 8.5, 8], "texture": "#0"},
				"down": {"uv": [8.9375, 8.5, 8.5, 8.75], "texture": "#0"}
			}
		},
		{
			"from": [7.95, 3.425, 8],
			"to": [8.8, 3.625, 8.5],
			"rotation": {"angle": 0, "axis": "y", "origin": [0, 16, 0]},
			"faces": {
				"north": {"uv": [7, 9.5, 7.4375, 9.625], "texture": "#0"},
				"east": {"uv": [7.4375, 9.5, 7, 9.625], "texture": "#0"},
				"south": {"uv": [7, 9.5, 7.4375, 9.625], "texture": "#0"},
				"west": {"uv": [7.4375, 9.5, 7, 9.625], "texture": "#0"},
				"up": {"uv": [8.9375, 7.25, 8.5, 7], "texture": "#0"},
				"down": {"uv": [8.9375, 7.5, 8.5, 7.75], "texture": "#0"}
			}
		},
		{
			"from": [7.95, 4.775, 8],
			"to": [8.8, 4.975, 8.5],
			"rotation": {"angle": 0, "axis": "y", "origin": [0, 16, 0]},
			"faces": {
				"north": {"uv": [7, 9.5, 7.4375, 9.625], "texture": "#0"},
				"east": {"uv": [7.4375, 9.5, 7, 9.625], "texture": "#0"},
				"south": {"uv": [7, 9.5, 7.4375, 9.625], "texture": "#0"},
				"west": {"uv": [7.4375, 9.5, 7, 9.625], "texture": "#0"},
				"up": {"uv": [4.9375, 8.75, 4.5, 8.5], "texture": "#0"},
				"down": {"uv": [8.9375, 4.5, 8.5, 4.75], "texture": "#0"}
			}
		},
		{
			"from": [7.95, 4.55, 8],
			"to": [8.8, 4.75, 8.5],
			"rotation": {"angle": 0, "axis": "y", "origin": [0, 16, 0]},
			"faces": {
				"north": {"uv": [7, 9.5, 7.4375, 9.625], "texture": "#0"},
				"east": {"uv": [7.4375, 9.5, 7, 9.625], "texture": "#0"},
				"south": {"uv": [7, 9.5, 7.4375, 9.625], "texture": "#0"},
				"west": {"uv": [7.4375, 9.5, 7, 9.625], "texture": "#0"},
				"up": {"uv": [4.4375, 8.75, 4, 8.5], "texture": "#0"},
				"down": {"uv": [8.9375, 4, 8.5, 4.25], "texture": "#0"}
			}
		},
		{
			"from": [7.95, 3.875, 8],
			"to": [8.8, 4.075, 8.5],
			"rotation": {"angle": 0, "axis": "y", "origin": [0, 16, 0]},
			"faces": {
				"north": {"uv": [7, 9.5, 7.4375, 9.625], "texture": "#0"},
				"east": {"uv": [7.4375, 9.5, 7, 9.625], "texture": "#0"},
				"south": {"uv": [7, 9.5, 7.4375, 9.625], "texture": "#0"},
				"west": {"uv": [7.4375, 9.5, 7, 9.625], "texture": "#0"},
				"up": {"uv": [6.9375, 8.75, 6.5, 8.5], "texture": "#0"},
				"down": {"uv": [7.4375, 8.5, 7, 8.75], "texture": "#0"}
			}
		},
		{
			"from": [7.95, 3.65, 8],
			"to": [8.8, 3.85, 8.5],
			"rotation": {"angle": 0, "axis": "y", "origin": [0, 16, 0]},
			"faces": {
				"north": {"uv": [7, 9.5, 7.4375, 9.625], "texture": "#0"},
				"east": {"uv": [7.4375, 9.5, 7, 9.625], "texture": "#0"},
				"south": {"uv": [7, 9.5, 7.4375, 9.625], "texture": "#0"},
				"west": {"uv": [7.4375, 9.5, 7, 9.625], "texture": "#0"},
				"up": {"uv": [6.4375, 8.75, 6, 8.5], "texture": "#0"},
				"down": {"uv": [8.9375, 6, 8.5, 6.25], "texture": "#0"}
			}
		},
		{
			"from": [7.95, 4.1, 8],
			"to": [8.8, 4.3, 8.5],
			"faces": {
				"north": {"uv": [7, 9.5, 7.4375, 9.625], "texture": "#0"},
				"east": {"uv": [7.4375, 9.5, 7, 9.625], "texture": "#0"},
				"south": {"uv": [7, 9.5, 7.4375, 9.625], "texture": "#0"},
				"west": {"uv": [7.4375, 9.5, 7, 9.625], "texture": "#0"},
				"up": {"uv": [5.9375, 8.75, 5.5, 8.5], "texture": "#0"},
				"down": {"uv": [8.9375, 5.5, 8.5, 5.75], "texture": "#0"}
			}
		},
		{
			"from": [7.95, 4.325, 8],
			"to": [8.8, 4.525, 8.5],
			"faces": {
				"north": {"uv": [7, 9.5, 7.4375, 9.625], "texture": "#0"},
				"east": {"uv": [7.4375, 9.5, 7, 9.625], "texture": "#0"},
				"south": {"uv": [7.4375, 9.5, 7, 9.625], "texture": "#0"},
				"west": {"uv": [7.4375, 9.5, 7, 9.625], "texture": "#0"},
				"up": {"uv": [5.4375, 8.75, 5, 8.5], "texture": "#0"},
				"down": {"uv": [8.9375, 5, 8.5, 5.25], "texture": "#0"}
			}
		},
		{
			"from": [7.875, -0.05, 8],
			"to": [8.875, 0.275, 8.5],
			"rotation": {"angle": 0, "axis": "y", "origin": [0, 16, 0]},
			"faces": {
				"north": {"uv": [1, 9, 1.5, 9.1875], "texture": "#0"},
				"east": {"uv": [1, 11, 1.25, 11.1875], "texture": "#0"},
				"south": {"uv": [1.5, 9, 1, 9.1875], "texture": "#0"},
				"west": {"uv": [1.5, 11, 1.75, 11.1875], "texture": "#0"},
				"up": {"uv": [8.5, 1.25, 8, 1], "texture": "#0"},
				"down": {"uv": [2, 8, 1.5, 8.25], "texture": "#0"}
			}
		},
		{
			"from": [7.725, -0.425, 8],
			"to": [9.025, -0.05, 8.5],
			"rotation": {"angle": 0, "axis": "y", "origin": [0, 16, 0]},
			"faces": {
				"north": {"uv": [6.5, 8, 7.125, 8.1875], "texture": "#0"},
				"east": {"uv": [2, 11, 2.25, 11.1875], "texture": "#0"},
				"south": {"uv": [7.125, 8, 6.5, 8.1875], "texture": "#0"},
				"west": {"uv": [2.5, 11, 2.75, 11.1875], "texture": "#0"},
				"up": {"uv": [7.125, 7.25, 6.5, 7], "texture": "#0"},
				"down": {"uv": [7.625, 6.5, 7, 6.75], "texture": "#0"}
			}
		},
		{
			"from": [7.9, -0.875, 8],
			"to": [8.85, -0.425, 8.5],
			"rotation": {"angle": 0, "axis": "y", "origin": [0, 16, 0]},
			"faces": {
				"north": {"uv": [8, 1.5, 8.5, 1.75], "texture": "#0"},
				"east": {"uv": [9.5, 1, 9.75, 1.25], "texture": "#0"},
				"south": {"uv": [8.5, 1.5, 8, 1.75], "texture": "#0"},
				"west": {"uv": [1.5, 9.5, 1.75, 9.75], "texture": "#0"},
				"up": {"uv": [8.5, 2.25, 8, 2], "texture": "#0"},
				"down": {"uv": [8.5, 2.5, 8, 2.75], "texture": "#0"}
			}
		},
		{
			"from": [8.1, -1.15, 8],
			"to": [8.65, -0.875, 8.5],
			"rotation": {"angle": 0, "axis": "y", "origin": [0, 16, 0]},
			"faces": {
				"north": {"uv": [10.5, 11.5, 10.75, 11.625], "texture": "#0"},
				"east": {"uv": [11.5, 10.5, 11.75, 10.625], "texture": "#0"},
				"south": {"uv": [10.75, 11.5, 10.5, 11.625], "texture": "#0"},
				"west": {"uv": [11.5, 11, 11.75, 11.125], "texture": "#0"},
				"up": {"uv": [9.75, 1.75, 9.5, 1.5], "texture": "#0"},
				"down": {"uv": [2.25, 9.5, 2, 9.75], "texture": "#0"}
			}
		},
		{
			"from": [7.9, 2.625, 7.95],
			"to": [8.85, 2.725, 8.55],
			"rotation": {"angle": 0, "axis": "y", "origin": [0, 16, 0]},
			"faces": {
				"north": {"uv": [11.5, 11.5, 12, 11.5625], "texture": "#0"},
				"east": {"uv": [11.5, 11.5, 12, 11.5625], "texture": "#0"},
				"south": {"uv": [11.5, 11.5, 12, 11.5625], "texture": "#0"},
				"west": {"uv": [11.5, 11.5, 12, 11.5625], "texture": "#0"},
				"up": {"uv": [8, 0.8125, 7.5, 0.5], "texture": "#0"},
				"down": {"uv": [1.5, 7.5, 1, 7.8125], "texture": "#0"}
			}
		},
		{
			"from": [7.9, 0.325, 7.95],
			"to": [8.85, 0.425, 8.55],
			"rotation": {"angle": 0, "axis": "y", "origin": [0, 16, 0]},
			"faces": {
				"north": {"uv": [10, 12, 10.5, 12.0625], "texture": "#0"},
				"east": {"uv": [11.5, 11.5, 12, 11.5625], "texture": "#0"},
				"south": {"uv": [11.5, 11.5, 12, 11.5625], "texture": "#0"},
				"west": {"uv": [11.5, 11.5, 12, 11.5625], "texture": "#0"},
				"up": {"uv": [2.5, 7.8125, 2, 7.5], "texture": "#0"},
				"down": {"uv": [8, 2, 7.5, 2.3125], "texture": "#0"}
			}
		},
		{
			"from": [8.3, 20.175, 8],
			"to": [8.45, 20.675, 8.5],
			"faces": {
				"north": {"uv": [12.5, 4, 12.5625, 4.25], "texture": "#0"},
				"east": {"uv": [9.5, 2, 9.75, 2.25], "texture": "#0"},
				"south": {"uv": [12.5, 4, 12.5625, 4.25], "texture": "#0"},
				"west": {"uv": [9.5, 2.5, 9.75, 2.75], "texture": "#0"},
				"up": {"uv": [12.5625, 4.75, 12.5, 4.5], "texture": "#0"},
				"down": {"uv": [5.0625, 12.5, 5, 12.75], "texture": "#0"}
			}
		},
		{
			"from": [8.15, 8.125, 8],
			"to": [8.6, 8.85, 8.5],
			"faces": {
				"north": {"uv": [1.5, 9, 1.75, 9.375], "texture": "#0"},
				"east": {"uv": [9, 1.5, 9.25, 1.875], "texture": "#0"},
				"south": {"uv": [1.5, 9, 1.75, 9.375], "texture": "#0"},
				"west": {"uv": [9, 2, 9.25, 2.375], "texture": "#0"},
				"up": {"uv": [9.75, 3.25, 9.5, 3], "texture": "#0"},
				"down": {"uv": [3.75, 9.5, 3.5, 9.75], "texture": "#0"}
			}
		},
		{
			"from": [8.1, 7.525, 8],
			"to": [8.65, 8.125, 8.5],
			"faces": {
				"north": {"uv": [5, 9, 5.25, 9.3125], "texture": "#0"},
				"east": {"uv": [9, 5, 9.25, 5.3125], "texture": "#0"},
				"south": {"uv": [5, 9, 5.25, 9.3125], "texture": "#0"},
				"west": {"uv": [9, 5.5, 9.25, 5.8125], "texture": "#0"},
				"up": {"uv": [9.75, 3.75, 9.5, 3.5], "texture": "#0"},
				"down": {"uv": [4.25, 9.5, 4, 9.75], "texture": "#0"}
			}
		},
		{
			"from": [8.05, 7.25, 8],
			"to": [8.7, 7.525, 8.5],
			"faces": {
				"north": {"uv": [11.5, 2, 11.8125, 2.125], "texture": "#0"},
				"east": {"uv": [12, 0, 12.25, 0.125], "texture": "#0"},
				"south": {"uv": [11.5, 2, 11.8125, 2.125], "texture": "#0"},
				"west": {"uv": [0.5, 12, 0.75, 12.125], "texture": "#0"},
				"up": {"uv": [6.3125, 9.25, 6, 9], "texture": "#0"},
				"down": {"uv": [9.3125, 6, 9, 6.25], "texture": "#0"}
			}
		},
		{
			"from": [7.975, 7.125, 8],
			"to": [8.775, 7.25, 8.5],
			"faces": {
				"north": {"uv": [12.5, 1, 12.875, 1.0625], "texture": "#0"},
				"east": {"uv": [12.5, 6.5, 12.75, 6.5625], "texture": "#0"},
				"south": {"uv": [12.5, 1, 12.875, 1.0625], "texture": "#0"},
				"west": {"uv": [7, 12.5, 7.25, 12.5625], "texture": "#0"},
				"up": {"uv": [3.875, 9.25, 3.5, 9], "texture": "#0"},
				"down": {"uv": [9.375, 3.5, 9, 3.75], "texture": "#0"}
			}
		},
		{
			"from": [7.875, 7, 8],
			"to": [8.875, 7.125, 8.5],
			"faces": {
				"north": {"uv": [10.5, 12, 11, 12.0625], "texture": "#0"},
				"east": {"uv": [12.5, 7.5, 12.75, 7.5625], "texture": "#0"},
				"south": {"uv": [10.5, 12, 11, 12.0625], "texture": "#0"},
				"west": {"uv": [8, 12.5, 8.25, 12.5625], "texture": "#0"},
				"up": {"uv": [8.5, 3.75, 8, 3.5], "texture": "#0"},
				"down": {"uv": [8.5, 4, 8, 4.25], "texture": "#0"}
			}
		},
		{
			"from": [8.2, 8.85, 8],
			"to": [8.55, 9.55, 8.5],
			"faces": {
				"north": {"uv": [7.5, 9, 7.6875, 9.375], "texture": "#0"},
				"east": {"uv": [9, 2.5, 9.25, 2.875], "texture": "#0"},
				"south": {"uv": [7.5, 9, 7.6875, 9.375], "texture": "#0"},
				"west": {"uv": [9, 3, 9.25, 3.375], "texture": "#0"},
				"up": {"uv": [3.6875, 11.25, 3.5, 11], "texture": "#0"},
				"down": {"uv": [4.1875, 11, 4, 11.25], "texture": "#0"}
			}
		},
		{
			"from": [8.25, 9.55, 8],
			"to": [8.5, 20.175, 8.5],
			"faces": {
				"north": {"uv": [5, 0, 5.125, 5.3125], "texture": "#0"},
				"east": {"uv": [3, 0, 3.25, 5.3125], "texture": "#0"},
				"south": {"uv": [5, 0, 5.125, 5.3125], "texture": "#0"},
				"west": {"uv": [3.5, 0, 3.75, 5.3125], "texture": "#0"},
				"up": {"uv": [12.125, 0.75, 12, 0.5], "texture": "#0"},
				"down": {"uv": [1.125, 12, 1, 12.25], "texture": "#0"}
			}
		},
		{
			"from": [7.8, 5.5, 8],
			"to": [8.95, 7, 8.5],
			"faces": {
				"north": {"uv": [6, 5, 6.5625, 5.75], "texture": "#0"},
				"east": {"uv": [7, 0.5, 7.25, 1.25], "texture": "#0"},
				"south": {"uv": [6, 5, 6.5625, 5.75], "texture": "#0"},
				"west": {"uv": [1.5, 7, 1.75, 7.75], "texture": "#0"},
				"up": {"uv": [8.0625, 6.25, 7.5, 6], "texture": "#0"},
				"down": {"uv": [7.5625, 7.5, 7, 7.75], "texture": "#0"}
			}
		},
		{
			"from": [7.975, 5.65, 7.9],
			"to": [8.775, 5.85, 8.6],
			"faces": {
				"north": {"uv": [9.5, 11, 9.875, 11.125], "texture": "#0"},
				"east": {"uv": [11, 9.5, 11.375, 9.625], "texture": "#0"},
				"south": {"uv": [9.875, 11, 9.5, 11.125], "texture": "#0"},
				"west": {"uv": [10.5, 11, 10.875, 11.125], "texture": "#0"},
				"up": {"uv": [7.875, 7.375, 7.5, 7], "texture": "#0"},
				"down": {"uv": [8.375, 0, 8, 0.375], "texture": "#0"}
			}
		},
		{
			"from": [7.975, 6.275, 7.9],
			"to": [8.775, 6.475, 8.6],
			"faces": {
				"north": {"uv": [10.875, 11, 11.375, 11.125], "texture": "#0"},
				"east": {"uv": [0, 11.5, 0.375, 11.625], "texture": "#0"},
				"south": {"uv": [11.375, 11, 10.875, 11.125], "texture": "#0"},
				"west": {"uv": [0.5, 11.5, 0.875, 11.625], "texture": "#0"},
				"up": {"uv": [8.375, 0.875, 8, 0.5], "texture": "#0"},
				"down": {"uv": [1.375, 8, 1, 8.375], "texture": "#0"}
			}
		},
		{
			"from": [7.85, 5.85, 7.9],
			"to": [8.9, 6.275, 8.6],
			"faces": {
				"north": {"uv": [3.9375, 9, 4.5, 9.1875], "texture": "#0"},
				"east": {"uv": [8.5, 9, 8.875, 9.1875], "texture": "#0"},
				"south": {"uv": [4.5, 9, 3.9375, 9.1875], "texture": "#0"},
				"west": {"uv": [1, 9.5, 1.375, 9.6875], "texture": "#0"},
				"up": {"uv": [7.5, 3.375, 7, 3], "texture": "#0"},
				"down": {"uv": [7.5, 3.5, 7, 3.875], "texture": "#0"}
			}
		},
		{
			"from": [7.9, 6.475, 7.9],
			"to": [8.85, 6.775, 8.6],
			"faces": {
				"north": {"uv": [10, 5.5, 9.3125, 5.625], "texture": "#0"},
				"east": {"uv": [11.5, 0.5, 11.875, 0.625], "texture": "#0"},
				"south": {"uv": [10, 5.5, 9.3125, 5.625], "texture": "#0"},
				"west": {"uv": [1, 11.5, 1.375, 11.625], "texture": "#0"},
				"up": {"uv": [4.5, 7.375, 4, 7], "texture": "#0"},
				"down": {"uv": [5, 7, 4.5, 7.375], "texture": "#0"}
			}
		},
		{
			"from": [8.05, 6.775, 7.9],
			"to": [8.7, 6.9, 8.6],
			"faces": {
				"north": {"uv": [12.5, 3.5, 12.8125, 3.5625], "texture": "#0"},
				"east": {"uv": [12.5, 1.5, 12.875, 1.5625], "texture": "#0"},
				"south": {"uv": [12.8125, 3.5, 12.5, 3.5625], "texture": "#0"},
				"west": {"uv": [2, 12.5, 2.375, 12.5625], "texture": "#0"},
				"up": {"uv": [1.3125, 8.875, 1, 8.5], "texture": "#0"},
				"down": {"uv": [8.8125, 1, 8.5, 1.375], "texture": "#0"}
			}
		},
		{
			"from": [8.15, 6.9, 7.9],
			"to": [8.6, 7.1, 8.6],
			"faces": {
				"north": {"uv": [11.75, 12, 11.375, 12.125], "texture": "#0"},
				"east": {"uv": [11.5, 1, 11.875, 1.125], "texture": "#0"},
				"south": {"uv": [11.75, 12, 11.375, 12.125], "texture": "#0"},
				"west": {"uv": [1.5, 11.5, 1.875, 11.625], "texture": "#0"},
				"up": {"uv": [4.75, 9.375, 4.5, 9], "texture": "#0"},
				"down": {"uv": [9.25, 4.5, 9, 4.875], "texture": "#0"}
			}
		},
		{
			"from": [9.1, 5.75, 8],
			"to": [9.25, 6.75, 8.5],
			"faces": {
				"north": {"uv": [12, 1, 12.0625, 1.5], "texture": "#0"},
				"east": {"uv": [8, 3, 8.25, 3.5], "texture": "#0"},
				"south": {"uv": [11, 12, 11.0625, 12.5], "texture": "#0"},
				"west": {"uv": [3.5, 8, 3.75, 8.5], "texture": "#0"},
				"up": {"uv": [12.5625, 5.25, 12.5, 5], "texture": "#0"},
				"down": {"uv": [5.5625, 12.5, 5.5, 12.75], "texture": "#0"}
			}
		},
		{
			"from": [8.95, 5.625, 8],
			"to": [9.1, 6.875, 8.5],
			"faces": {
				"north": {"uv": [5.5, 11.5, 5.5625, 12.125], "texture": "#0"},
				"east": {"uv": [7.5, 2.5, 7.75, 3.125], "texture": "#0"},
				"south": {"uv": [5.5, 11.5, 5.5625, 12.125], "texture": "#0"},
				"west": {"uv": [7.5, 3.5, 7.75, 4.125], "texture": "#0"},
				"up": {"uv": [12.5625, 8.25, 12.5, 8], "texture": "#0"},
				"down": {"uv": [8.5625, 12.5, 8.5, 12.75], "texture": "#0"}
			}
		},
		{
			"from": [7.5, 5.75, 8],
			"to": [7.65, 6.75, 8.5],
			"faces": {
				"north": {"uv": [11, 12, 11.0625, 12.5], "texture": "#0"},
				"east": {"uv": [5.5, 8, 5.75, 8.5], "texture": "#0"},
				"south": {"uv": [11, 12, 11.0625, 12.5], "texture": "#0"},
				"west": {"uv": [6, 8, 6.25, 8.5], "texture": "#0"},
				"up": {"uv": [12.5625, 9.25, 12.5, 9], "texture": "#0"},
				"down": {"uv": [9.5625, 12.5, 9.5, 12.75], "texture": "#0"}
			}
		},
		{
			"from": [7.65, 5.625, 8],
			"to": [7.8, 6.875, 8.5],
			"faces": {
				"north": {"uv": [11.5, 6, 11.5625, 6.625], "texture": "#0"},
				"east": {"uv": [4, 7.5, 4.25, 8.125], "texture": "#0"},
				"south": {"uv": [5.5, 11.5, 5.5625, 12.125], "texture": "#0"},
				"west": {"uv": [4.5, 7.5, 4.75, 8.125], "texture": "#0"},
				"up": {"uv": [12.5625, 8.75, 12.5, 8.5], "texture": "#0"},
				"down": {"uv": [9.0625, 12.5, 9, 12.75], "texture": "#0"}
			}
		},
		{
			"from": [10.85, 5.8, 7.9],
			"to": [11.15, 6.675, 8.6],
			"rotation": {"angle": 0, "axis": "y", "origin": [16, 0, 0]},
			"faces": {
				"north": {"uv": [10, 6, 10.125, 6.4375], "texture": "#0"},
				"east": {"uv": [6, 7, 6.375, 7.4375], "texture": "#0"},
				"south": {"uv": [10.125, 6, 10, 6.4375], "texture": "#0"},
				"west": {"uv": [7, 6, 7.375, 6.4375], "texture": "#0"},
				"up": {"uv": [9.125, 11.375, 9, 11], "texture": "#0"},
				"down": {"uv": [11.125, 9, 11, 9.375], "texture": "#0"}
			}
		},
		{
			"from": [9.25, 6, 8.05],
			"to": [10.85, 6.5, 8.45],
			"rotation": {"angle": 0, "axis": "y", "origin": [16, 0, 0]},
			"faces": {
				"north": {"uv": [6.5, 4.5, 7.3125, 4.75], "texture": "#0"},
				"east": {"uv": [8.5, 11, 8.6875, 11.25], "texture": "#0"},
				"south": {"uv": [7.3125, 4.5, 6.5, 4.75], "texture": "#0"},
				"west": {"uv": [11, 8.5, 11.1875, 8.75], "texture": "#0"},
				"up": {"uv": [8.3125, 5.6875, 7.5, 5.5], "texture": "#0"},
				"down": {"uv": [6.8125, 7.5, 6, 7.6875], "texture": "#0"}
			}
		},
		{
			"from": [9.25, 6.475, 8],
			"to": [10.85, 6.575, 8.1],
			"rotation": {"angle": 0, "axis": "y", "origin": [16, 0, 0]},
			"faces": {
				"north": {"uv": [9.5, 10.5, 10.3125, 10.5625], "texture": "#0"},
				"east": {"uv": [4, 13, 4.0625, 13.0625], "texture": "#0"},
				"south": {"uv": [10.5, 10, 11.3125, 10.0625], "texture": "#0"},
				"west": {"uv": [13, 4, 13.0625, 4.0625], "texture": "#0"},
				"up": {"uv": [11.3125, 10.5625, 10.5, 10.5], "texture": "#0"},
				"down": {"uv": [0.8125, 11, 0, 11.0625], "texture": "#0"}
			}
		},
		{
			"from": [9.25, 6.475, 8.4],
			"to": [10.85, 6.575, 8.5],
			"rotation": {"angle": 0, "axis": "y", "origin": [16, 0, 0]},
			"faces": {
				"north": {"uv": [6.5, 10.5, 7.3125, 10.5625], "texture": "#0"},
				"east": {"uv": [3.5, 13, 3.5625, 13.0625], "texture": "#0"},
				"south": {"uv": [10.5, 6.5, 11.3125, 6.5625], "texture": "#0"},
				"west": {"uv": [13, 3.5, 13.0625, 3.5625], "texture": "#0"},
				"up": {"uv": [8.3125, 10.5625, 7.5, 10.5], "texture": "#0"},
				"down": {"uv": [9.3125, 10.5, 8.5, 10.5625], "texture": "#0"}
			}
		},
		{
			"from": [9.25, 5.925, 8.4],
			"to": [10.85, 6.025, 8.5],
			"rotation": {"angle": 0, "axis": "y", "origin": [16, 0, 0]},
			"faces": {
				"north": {"uv": [10.5, 4.5, 11.3125, 4.5625], "texture": "#0"},
				"east": {"uv": [3, 13, 3.0625, 13.0625], "texture": "#0"},
				"south": {"uv": [10.5, 5, 11.3125, 5.0625], "texture": "#0"},
				"west": {"uv": [13, 3, 13.0625, 3.0625], "texture": "#0"},
				"up": {"uv": [6.3125, 10.5625, 5.5, 10.5], "texture": "#0"},
				"down": {"uv": [11.3125, 6, 10.5, 6.0625], "texture": "#0"}
			}
		},
		{
			"from": [9.25, 5.925, 8],
			"to": [10.85, 6.025, 8.1],
			"rotation": {"angle": 0, "axis": "y", "origin": [16, 0, 0]},
			"faces": {
				"north": {"uv": [3.5, 10.5, 4.3125, 10.5625], "texture": "#0"},
				"east": {"uv": [2.5, 13, 2.5625, 13.0625], "texture": "#0"},
				"south": {"uv": [10.5, 3.5, 11.3125, 3.5625], "texture": "#0"},
				"west": {"uv": [13, 2.5, 13.0625, 2.5625], "texture": "#0"},
				"up": {"uv": [11.3125, 4.0625, 10.5, 4], "texture": "#0"},
				"down": {"uv": [5.3125, 10.5, 4.5, 10.5625], "texture": "#0"}
			}
		},
		{
			"from": [5.9, 5.925, 8],
			"to": [7.5, 6.025, 8.1],
			"faces": {
				"north": {"uv": [4.3125, 10.5, 3.5, 10.5625], "texture": "#0"},
				"east": {"uv": [13.0625, 2.5, 13, 2.5625], "texture": "#0"},
				"south": {"uv": [11.3125, 3.5, 10.5, 3.5625], "texture": "#0"},
				"west": {"uv": [2.5625, 13, 2.5, 13.0625], "texture": "#0"},
				"up": {"uv": [10.5, 4.0625, 11.3125, 4], "texture": "#0"},
				"down": {"uv": [4.5, 10.5, 5.3125, 10.5625], "texture": "#0"}
			}
		},
		{
			"from": [5.9, 5.925, 8.4],
			"to": [7.5, 6.025, 8.5],
			"faces": {
				"north": {"uv": [11.3125, 4.5, 10.5, 4.5625], "texture": "#0"},
				"east": {"uv": [13.0625, 3, 13, 3.0625], "texture": "#0"},
				"south": {"uv": [11.3125, 5, 10.5, 5.0625], "texture": "#0"},
				"west": {"uv": [3.0625, 13, 3, 13.0625], "texture": "#0"},
				"up": {"uv": [5.5, 10.5625, 6.3125, 10.5], "texture": "#0"},
				"down": {"uv": [10.5, 6, 11.3125, 6.0625], "texture": "#0"}
			}
		},
		{
			"from": [5.9, 6.475, 8.4],
			"to": [7.5, 6.575, 8.5],
			"faces": {
				"north": {"uv": [7.3125, 10.5, 6.5, 10.5625], "texture": "#0"},
				"east": {"uv": [13.0625, 3.5, 13, 3.5625], "texture": "#0"},
				"south": {"uv": [11.3125, 6.5, 10.5, 6.5625], "texture": "#0"},
				"west": {"uv": [3.5625, 13, 3.5, 13.0625], "texture": "#0"},
				"up": {"uv": [7.5, 10.5625, 8.3125, 10.5], "texture": "#0"},
				"down": {"uv": [8.5, 10.5, 9.3125, 10.5625], "texture": "#0"}
			}
		},
		{
			"from": [5.9, 6.475, 8],
			"to": [7.5, 6.575, 8.1],
			"faces": {
				"north": {"uv": [10.3125, 10.5, 9.5, 10.5625], "texture": "#0"},
				"east": {"uv": [13.0625, 4, 13, 4.0625], "texture": "#0"},
				"south": {"uv": [11.3125, 10, 10.5, 10.0625], "texture": "#0"},
				"west": {"uv": [4.0625, 13, 4, 13.0625], "texture": "#0"},
				"up": {"uv": [10.5, 10.5625, 11.3125, 10.5], "texture": "#0"},
				"down": {"uv": [0, 11, 0.8125, 11.0625], "texture": "#0"}
			}
		},
		{
			"from": [5.9, 6, 8.05],
			"to": [7.5, 6.5, 8.45],
			"faces": {
				"north": {"uv": [7.3125, 4.5, 6.5, 4.75], "texture": "#0"},
				"east": {"uv": [11.1875, 8.5, 11, 8.75], "texture": "#0"},
				"south": {"uv": [6.5, 4.5, 7.3125, 4.75], "texture": "#0"},
				"west": {"uv": [8.6875, 11, 8.5, 11.25], "texture": "#0"},
				"up": {"uv": [7.5, 5.6875, 8.3125, 5.5], "texture": "#0"},
				"down": {"uv": [6, 7.5, 6.8125, 7.6875], "texture": "#0"}
			}
		},
		{
			"from": [5.6, 5.8, 7.9],
			"to": [5.9, 6.675, 8.6],
			"faces": {
				"north": {"uv": [10.125, 6, 10, 6.4375], "texture": "#0"},
				"east": {"uv": [7.375, 6, 7, 6.4375], "texture": "#0"},
				"south": {"uv": [10, 6, 10.125, 6.4375], "texture": "#0"},
				"west": {"uv": [6.375, 7, 6, 7.4375], "texture": "#0"},
				"up": {"uv": [9, 11.375, 9.125, 11], "texture": "#0"},
				"down": {"uv": [11, 9, 11.125, 9.375], "texture": "#0"}
			}
		},
		{
			"from": [7.9, 20.15, 8.19],
			"to": [8.85, 22.4, 8.315],
			"faces": {
				"north": {"uv": [5.5, 1, 6, 2.125], "texture": "#0"},
				"east": {"uv": [8, 9, 8.0625, 10.125], "texture": "#0"},
				"south": {"uv": [5.5, 1, 6, 2.125], "texture": "#0"},
				"west": {"uv": [9, 8, 9.0625, 9.125], "texture": "#0"},
				"up": {"uv": [2.5, 12.0625, 2, 12], "texture": "#0"},
				"down": {"uv": [12.5, 2, 12, 2.0625], "texture": "#0"}
			}
		},
		{
			"from": [7.675, 9.075, 8.19],
			"to": [9.075, 10.95, 8.315],
			"faces": {
				"north": {"uv": [1, 5, 1.6875, 5.9375], "texture": "#0"},
				"east": {"uv": [9.5, 6, 9.5625, 6.9375], "texture": "#0"},
				"south": {"uv": [1, 5, 1.6875, 5.9375], "texture": "#0"},
				"west": {"uv": [6.5, 9.5, 6.5625, 10.4375], "texture": "#0"},
				"up": {"uv": [12.1875, 1.5625, 11.5, 1.5], "texture": "#0"},
				"down": {"uv": [2.6875, 11.5, 2, 11.5625], "texture": "#0"}
			}
		},
		{
			"from": [7.575, 7.9, 8.19],
			"to": [9.175, 9.075, 8.315],
			"faces": {
				"north": {"uv": [6, 2.5, 6.8125, 3.0625], "texture": "#0"},
				"east": {"uv": [11.5, 7.5, 11.5625, 8.0625], "texture": "#0"},
				"south": {"uv": [6, 2.5, 6.8125, 3.0625], "texture": "#0"},
				"west": {"uv": [8, 11.5, 8.0625, 12.0625], "texture": "#0"},
				"up": {"uv": [9.3125, 10.0625, 8.5, 10], "texture": "#0"},
				"down": {"uv": [10.8125, 8.5, 10, 8.5625], "texture": "#0"}
			}
		},
		{
			"from": [7.5, 7.425, 8.19],
			"to": [9.25, 7.9, 8.315],
			"faces": {
				"north": {"uv": [6, 3.5, 6.875, 3.75], "texture": "#0"},
				"east": {"uv": [12.5, 7, 12.5625, 7.25], "texture": "#0"},
				"south": {"uv": [6, 3.5, 6.875, 3.75], "texture": "#0"},
				"west": {"uv": [7.5, 12.5, 7.5625, 12.75], "texture": "#0"},
				"up": {"uv": [6.375, 10.0625, 5.5, 10], "texture": "#0"},
				"down": {"uv": [10.875, 5.5, 10, 5.5625], "texture": "#0"}
			}
		},
		{
			"from": [7.625, 7.325, 8.19],
			"to": [9.125, 7.425, 8.315],
			"faces": {
				"north": {"uv": [5.5, 11, 6.25, 11.0625], "texture": "#0"},
				"east": {"uv": [12.5, 12, 12.5625, 12.0625], "texture": "#0"},
				"south": {"uv": [11, 5.5, 11.75, 5.5625], "texture": "#0"},
				"west": {"uv": [12.5, 12.5, 12.5625, 12.5625], "texture": "#0"},
				"up": {"uv": [7.25, 11.0625, 6.5, 11], "texture": "#0"},
				"down": {"uv": [11.75, 7, 11, 7.0625], "texture": "#0"}
			}
		},
		{
			"from": [7.625, 7.325, 8.19],
			"to": [9.125, 7.425, 8.315],
			"faces": {
				"north": {"uv": [5.5, 11, 6.25, 11.0625], "texture": "#0"},
				"east": {"uv": [12.5, 12, 12.5625, 12.0625], "texture": "#0"},
				"south": {"uv": [5.5, 11, 6.25, 11.0625], "texture": "#0"},
				"west": {"uv": [12.5, 12.5, 12.5625, 12.5625], "texture": "#0"},
				"up": {"uv": [7.25, 11.0625, 6.5, 11], "texture": "#0"},
				"down": {"uv": [11.75, 7, 11, 7.0625], "texture": "#0"}
			}
		},
		{
			"from": [7.725, 7.15, 8.19],
			"to": [9.025, 7.325, 8.315],
			"faces": {
				"north": {"uv": [11.5, 4, 12.125, 4.0625], "texture": "#0"},
				"east": {"uv": [0.5, 13, 0.5625, 13.0625], "texture": "#0"},
				"south": {"uv": [11.5, 4, 12.125, 4.0625], "texture": "#0"},
				"west": {"uv": [13, 0.5, 13.0625, 0.5625], "texture": "#0"},
				"up": {"uv": [12.125, 4.5625, 11.5, 4.5], "texture": "#0"},
				"down": {"uv": [12.125, 5, 11.5, 5.0625], "texture": "#0"}
			}
		},
		{
			"from": [7.775, 10.95, 8.19],
			"to": [8.975, 20.15, 8.315],
			"faces": {
				"north": {"uv": [0, 0, 0.625, 4.625], "texture": "#0"},
				"east": {"uv": [2.5, 6, 2.5625, 10.625], "texture": "#0"},
				"south": {"uv": [0, 0, 0.625, 4.625], "texture": "#0"},
				"west": {"uv": [3, 6.5, 3.0625, 11.125], "texture": "#0"},
				"up": {"uv": [3.625, 11.5625, 3, 11.5], "texture": "#0"},
				"down": {"uv": [12.125, 3, 11.5, 3.0625], "texture": "#0"}
			}
		},
		{
			"from": [8, 10.85, 8.125],
			"to": [8.75, 22.4, 8.375],
			"faces": {
				"north": {"uv": [2, 0, 2.375, 5.75], "texture": "#0"},
				"east": {"uv": [4.5, 0, 4.625, 5.75], "texture": "#0"},
				"south": {"uv": [2, 0, 2.375, 5.75], "texture": "#0"},
				"west": {"uv": [0, 5, 0.125, 10.75], "texture": "#0"},
				"up": {"uv": [7.875, 11.125, 7.5, 11], "texture": "#0"},
				"down": {"uv": [11.375, 7.5, 11, 7.625], "texture": "#0"}
			}
		},
		{
			"from": [7.9, 8.925, 8.125],
			"to": [8.85, 10.85, 8.375],
			"faces": {
				"north": {"uv": [1.5, 6, 2, 6.9375], "texture": "#0"},
				"east": {"uv": [8, 7, 8.125, 7.9375], "texture": "#0"},
				"south": {"uv": [1.5, 6, 2, 6.9375], "texture": "#0"},
				"west": {"uv": [7.5, 8, 7.625, 8.9375], "texture": "#0"},
				"up": {"uv": [10, 5.125, 9.5, 5], "texture": "#0"},
				"down": {"uv": [6, 9.5, 5.5, 9.625], "texture": "#0"}
			}
		},
		{
			"from": [7.8, 7, 8.125],
			"to": [8.95, 8.925, 8.375],
			"faces": {
				"north": {"uv": [3, 5.5, 3.5625, 6.4375], "texture": "#0"},
				"east": {"uv": [8, 8, 8.125, 8.9375], "texture": "#0"},
				"south": {"uv": [3, 5.5, 3.5625, 6.4375], "texture": "#0"},
				"west": {"uv": [8.5, 0, 8.625, 0.9375], "texture": "#0"},
				"up": {"uv": [10.0625, 0.125, 9.5, 0], "texture": "#0"},
				"down": {"uv": [10.0625, 0.5, 9.5, 0.625], "texture": "#0"}
			}
		},
		{
			"from": [8.075, 22.4, 8.125],
			"to": [8.675, 23.4, 8.375],
			"faces": {
				"north": {"uv": [7.5, 1, 7.8125, 1.5], "texture": "#0"},
				"east": {"uv": [9.5, 4, 9.625, 4.5], "texture": "#0"},
				"south": {"uv": [7.5, 1, 7.8125, 1.5], "texture": "#0"},
				"west": {"uv": [4.5, 9.5, 4.625, 10], "texture": "#0"},
				"up": {"uv": [11.8125, 3.625, 11.5, 3.5], "texture": "#0"},
				"down": {"uv": [4.3125, 11.5, 4, 11.625], "texture": "#0"}
			}
		},
		{
			"from": [8.15, 23.4, 8.125],
			"to": [8.6, 23.9, 8.375],
			"faces": {
				"north": {"uv": [9.5, 4.5, 9.75, 4.75], "texture": "#0"},
				"east": {"uv": [2.5, 12, 2.625, 12.25], "texture": "#0"},
				"south": {"uv": [9.5, 4.5, 9.75, 4.75], "texture": "#0"},
				"west": {"uv": [12, 2.5, 12.125, 2.75], "texture": "#0"},
				"up": {"uv": [3.25, 12.125, 3, 12], "texture": "#0"},
				"down": {"uv": [3.75, 12, 3.5, 12.125], "texture": "#0"}
			}
		},
		{
			"from": [8, 22.4, 8.19],
			"to": [8.75, 23.4, 8.315],
			"faces": {
				"north": {"uv": [2, 7, 2.375, 7.5], "texture": "#0"},
				"east": {"uv": [12, 3.5, 12.0625, 4], "texture": "#0"},
				"south": {"uv": [2, 7, 2.375, 7.5], "texture": "#0"},
				"west": {"uv": [4, 12, 4.0625, 12.5], "texture": "#0"},
				"up": {"uv": [12.375, 12.0625, 12, 12], "texture": "#0"},
				"down": {"uv": [0.375, 12.5, 0, 12.5625], "texture": "#0"}
			}
		},
		{
			"from": [8.075, 23.4, 8.19],
			"to": [8.675, 23.9, 8.315],
			"faces": {
				"north": {"uv": [6.5, 9, 6.8125, 9.25], "texture": "#0"},
				"east": {"uv": [12.5, 5.5, 12.5625, 5.75], "texture": "#0"},
				"south": {"uv": [6.5, 9, 6.8125, 9.25], "texture": "#0"},
				"west": {"uv": [6, 12.5, 6.0625, 12.75], "texture": "#0"},
				"up": {"uv": [12.8125, 2.5625, 12.5, 2.5], "texture": "#0"},
				"down": {"uv": [3.3125, 12.5, 3, 12.5625], "texture": "#0"}
			}
		},
		{
			"from": [8.175, 23.9, 8.19],
			"to": [8.575, 24.225, 8.315],
			"faces": {
				"north": {"uv": [7, 11.5, 7.1875, 11.6875], "texture": "#0"},
				"east": {"uv": [12.5, 9.5, 12.5625, 9.6875], "texture": "#0"},
				"south": {"uv": [7, 11.5, 7.1875, 11.6875], "texture": "#0"},
				"west": {"uv": [10, 12.5, 10.0625, 12.6875], "texture": "#0"},
				"up": {"uv": [12.6875, 10.0625, 12.5, 10], "texture": "#0"},
				"down": {"uv": [10.6875, 12.5, 10.5, 12.5625], "texture": "#0"}
			}
		},
		{
			"from": [8.25, 24.225, 8.19],
			"to": [8.5, 24.425, 8.315],
			"faces": {
				"north": {"uv": [12.5, 10.5, 12.625, 10.5625], "texture": "#0"},
				"east": {"uv": [0, 13, 0.0625, 13.0625], "texture": "#0"},
				"south": {"uv": [12.5, 10.5, 12.625, 10.5625], "texture": "#0"},
				"west": {"uv": [13, 0, 13.0625, 0.0625], "texture": "#0"},
				"up": {"uv": [12.625, 11.0625, 12.5, 11], "texture": "#0"},
				"down": {"uv": [11.625, 12.5, 11.5, 12.5625], "texture": "#0"}
			}
		},
		{
			"from": [8.3, 24.425, 8.19],
			"to": [8.45, 24.525, 8.315],
			"faces": {
				"north": {"uv": [12.5, 10.5, 12.625, 10.5625], "texture": "#0"},
				"east": {"uv": [0, 13, 0.0625, 13.0625], "texture": "#0"},
				"south": {"uv": [12.5, 10.5, 12.625, 10.5625], "texture": "#0"},
				"west": {"uv": [13, 0, 13.0625, 0.0625], "texture": "#0"},
				"up": {"uv": [12.625, 11.0625, 12.5, 11], "texture": "#0"},
				"down": {"uv": [11.625, 12.5, 11.5, 12.5625], "texture": "#0"}
			}
		},
		{
			"from": [8.25, 23.9, 8.125],
			"to": [8.5, 24.225, 8.375],
			"faces": {
				"north": {"uv": [12.5, 0, 12.625, 0.1875], "texture": "#0"},
				"east": {"uv": [0.5, 12.5, 0.625, 12.6875], "texture": "#0"},
				"south": {"uv": [12.5, 0, 12.625, 0.1875], "texture": "#0"},
				"west": {"uv": [1, 12.5, 1.125, 12.6875], "texture": "#0"},
				"up": {"uv": [12.625, 6.125, 12.5, 6], "texture": "#0"},
				"down": {"uv": [6.625, 12.5, 6.5, 12.625], "texture": "#0"}
			}
		},
		{
			"from": [8.3, 24.225, 8.125],
			"to": [8.45, 24.425, 8.375],
			"faces": {
				"north": {"uv": [12.5, 0, 12.625, 0.1875], "texture": "#0"},
				"east": {"uv": [0.5, 12.5, 0.625, 12.6875], "texture": "#0"},
				"south": {"uv": [12.5, 0, 12.625, 0.1875], "texture": "#0"},
				"west": {"uv": [1, 12.5, 1.125, 12.6875], "texture": "#0"},
				"up": {"uv": [12.625, 6.125, 12.5, 6], "texture": "#0"},
				"down": {"uv": [6.625, 12.5, 6.5, 12.625], "texture": "#0"}
			}
		}
	],
	"display": {
		"thirdperson_righthand": {
			"rotation": [0, -90, 0],
			"translation": [0.4, 4.086, -0.5],
			"scale": [1.5, 1.5, 1.5]
		},
		"thirdperson_lefthand": {
			"rotation": [0, 90, 0],
			"translation": [-0.4, 4.086, -0.5],
			"scale": [1.5, 1.5, 1.5]
		},
		"firstperson_righthand": {
			"rotation": [-11, 104, 0],
			"translation": [2.6, 3, -0.758]
		},
		"firstperson_lefthand": {
			"rotation": [-11, -76, 0],
			"translation": [2.6, 3, -0.75]
		},
		"ground": {
			"translation": [0, 15, 0],
			"scale": [1.5, 1.5, 1.5]
		},
		"gui": {
			"rotation": [0, 0, -45],
			"translation": [-2.75, -2.25, 0]
		},
		"head": {
			"translation": [0, 22.5, 0],
			"scale": [1.5, 1.5, 1.5]
		},
		"fixed": {
			"rotation": [0, 0, 45],
			"translation": [2.25, -2.75, -1.5]
		}
	},
	"groups": [
		{
			"name": "hilt",
			"origin": [8, 8, 8],
			"color": 0,
			"children": []
		},
		0,
		1,
		2,
		3,
		4,
		5,
		6,
		7,
		8,
		9,
		10,
		11,
		12,
		13,
		14,
		15,
		16,
		17,
		18,
		19,
		20,
		21,
		22,
		23,
		24,
		25,
		26,
		27,
		28,
		29,
		30,
		31,
		32,
		33,
		34,
		35,
		36,
		37,
		38,
		39,
		40,
		41,
		42,
		43,
		44,
		45,
		46,
		47,
		48,
		49,
		50,
		{
			"name": "blade",
			"origin": [8, 8, 8],
			"color": 0,
			"children": [51, 52, 53, 54, 55, 56, 57, 58, 59, 60, 61, 62, 63, 64, 65, 66, 67, 68, 69, 70]
		}
	]
}