{
	"credit": "Made with Blockbench",
	"texture_size": [32, 32],
	"textures": {
		"1": "item/ender_flames",
		"2": "item/ender_blade",
		"particle": "item/ender_blade"
	},
	"elements": [
		{
			"from": [8, -0.95, 8.075],
			"to": [8.75, 5.475, 8.425],
			"faces": {
				"north": {"uv": [3, 0, 3.375, 3.1875], "texture": "#2"},
				"east": {"uv": [5.5, 5, 5.6875, 8.1875], "texture": "#2"},
				"south": {"uv": [3.5, 0, 3.875, 3.1875], "texture": "#2"},
				"west": {"uv": [6, 0, 6.1875, 3.1875], "texture": "#2"},
				"up": {"uv": [4.875, 11.1875, 4.5, 11], "texture": "#2"},
				"down": {"uv": [11.375, 4.5, 11, 4.6875], "texture": "#2"}
			}
		},
		{
			"from": [7.8, 5, 8],
			"to": [8.95, 5.125, 8.5],
			"faces": {
				"north": {"uv": [4, 13, 4.5625, 13.0625], "texture": "#2"},
				"east": {"uv": [14.5, 4, 14.75, 4.0625], "texture": "#2"},
				"south": {"uv": [4, 13, 4.5625, 13.0625], "texture": "#2"},
				"west": {"uv": [4.5, 14.5, 4.75, 14.5625], "texture": "#2"},
				"up": {"uv": [9.0625, 8.25, 8.5, 8], "texture": "#2"},
				"down": {"uv": [9.0625, 8.5, 8.5, 8.75], "texture": "#2"}
			}
		},
		{
			"from": [7.95, 4.75, 8],
			"to": [8.8, 4.875, 8.5],
			"faces": {
				"north": {"uv": [11.5, 14, 11.9375, 14.0625], "texture": "#2"},
				"east": {"uv": [14.5, 4.5, 14.75, 4.5625], "texture": "#2"},
				"south": {"uv": [11.5, 14, 11.9375, 14.0625], "texture": "#2"},
				"west": {"uv": [5, 14.5, 5.25, 14.5625], "texture": "#2"},
				"up": {"uv": [9.9375, 6.25, 9.5, 6], "texture": "#2"},
				"down": {"uv": [10.4375, 0, 10, 0.25], "texture": "#2"}
			}
		},
		{
			"from": [7.875, 4.875, 8],
			"to": [8.875, 5, 8.5],
			"faces": {
				"north": {"uv": [4, 13.5, 4.5, 13.5625], "texture": "#2"},
				"east": {"uv": [14.5, 5, 14.75, 5.0625], "texture": "#2"},
				"south": {"uv": [4, 13.5, 4.5, 13.5625], "texture": "#2"},
				"west": {"uv": [5.5, 14.5, 5.75, 14.5625], "texture": "#2"},
				"up": {"uv": [9.5, 7.75, 9, 7.5], "texture": "#2"},
				"down": {"uv": [9.5, 9, 9, 9.25], "texture": "#2"}
			}
		},
		{
			"from": [7.95, 4.525, 8],
			"to": [8.8, 4.75, 8.5],
			"rotation": {"angle": 0, "axis": "y", "origin": [0, 16, 0]},
			"faces": {
				"north": {"uv": [11.5, 2.5, 11.9375, 2.625], "texture": "#2"},
				"east": {"uv": [4.5, 13.5, 4.75, 13.625], "texture": "#2"},
				"south": {"uv": [11.5, 2.5, 11.9375, 2.625], "texture": "#2"},
				"west": {"uv": [13.5, 4.5, 13.75, 4.625], "texture": "#2"},
				"up": {"uv": [0.9375, 10.25, 0.5, 10], "texture": "#2"},
				"down": {"uv": [10.4375, 0.5, 10, 0.75], "texture": "#2"}
			}
		},
		{
			"from": [7.95, 3.85, 8],
			"to": [8.8, 4.05, 8.5],
			"rotation": {"angle": 0, "axis": "y", "origin": [0, 16, 0]},
			"faces": {
				"north": {"uv": [11.5, 3, 11.9375, 3.125], "texture": "#2"},
				"east": {"uv": [5, 13.5, 5.25, 13.625], "texture": "#2"},
				"south": {"uv": [11.5, 3.5, 11.9375, 3.625], "texture": "#2"},
				"west": {"uv": [13.5, 5, 13.75, 5.125], "texture": "#2"},
				"up": {"uv": [10.4375, 1.25, 10, 1], "texture": "#2"},
				"down": {"uv": [1.9375, 10, 1.5, 10.25], "texture": "#2"}
			}
		},
		{
			"from": [7.95, 4.05, 8],
			"to": [8.8, 4.25, 8.5],
			"faces": {
				"north": {"uv": [4, 11.5, 4.4375, 11.625], "texture": "#2"},
				"east": {"uv": [5.5, 13.5, 5.75, 13.625], "texture": "#2"},
				"south": {"uv": [11.5, 4, 11.9375, 4.125], "texture": "#2"},
				"west": {"uv": [13.5, 5.5, 13.75, 5.625], "texture": "#2"},
				"up": {"uv": [10.4375, 1.75, 10, 1.5], "texture": "#2"},
				"down": {"uv": [2.4375, 10, 2, 10.25], "texture": "#2"}
			}
		},
		{
			"from": [7.95, 3.4, 8],
			"to": [8.8, 3.6, 8.5],
			"rotation": {"angle": 0, "axis": "y", "origin": [0, 16, 0]},
			"faces": {
				"north": {"uv": [11.5, 3, 11.9375, 3.125], "texture": "#2"},
				"east": {"uv": [5, 13.5, 5.25, 13.625], "texture": "#2"},
				"south": {"uv": [11.5, 3.5, 11.9375, 3.625], "texture": "#2"},
				"west": {"uv": [13.5, 5, 13.75, 5.125], "texture": "#2"},
				"up": {"uv": [10.4375, 1.25, 10, 1], "texture": "#2"},
				"down": {"uv": [1.9375, 10, 1.5, 10.25], "texture": "#2"}
			}
		},
		{
			"from": [7.95, 3.6, 8],
			"to": [8.8, 3.8, 8.5],
			"faces": {
				"north": {"uv": [4, 11.5, 4.4375, 11.625], "texture": "#2"},
				"east": {"uv": [5.5, 13.5, 5.75, 13.625], "texture": "#2"},
				"south": {"uv": [11.5, 4, 11.9375, 4.125], "texture": "#2"},
				"west": {"uv": [13.5, 5.5, 13.75, 5.625], "texture": "#2"},
				"up": {"uv": [10.4375, 1.75, 10, 1.5], "texture": "#2"},
				"down": {"uv": [2.4375, 10, 2, 10.25], "texture": "#2"}
			}
		},
		{
			"from": [7.95, 2.5, 8],
			"to": [8.8, 2.7, 8.5],
			"rotation": {"angle": 0, "axis": "y", "origin": [0, 16, 0]},
			"faces": {
				"north": {"uv": [11.5, 3, 11.9375, 3.125], "texture": "#2"},
				"east": {"uv": [5, 13.5, 5.25, 13.625], "texture": "#2"},
				"south": {"uv": [11.5, 3.5, 11.9375, 3.625], "texture": "#2"},
				"west": {"uv": [13.5, 5, 13.75, 5.125], "texture": "#2"},
				"up": {"uv": [10.4375, 1.25, 10, 1], "texture": "#2"},
				"down": {"uv": [1.9375, 10, 1.5, 10.25], "texture": "#2"}
			}
		},
		{
			"from": [7.95, 2.7, 8],
			"to": [8.8, 2.9, 8.5],
			"faces": {
				"north": {"uv": [4, 11.5, 4.4375, 11.625], "texture": "#2"},
				"east": {"uv": [5.5, 13.5, 5.75, 13.625], "texture": "#2"},
				"south": {"uv": [11.5, 4, 11.9375, 4.125], "texture": "#2"},
				"west": {"uv": [13.5, 5.5, 13.75, 5.625], "texture": "#2"},
				"up": {"uv": [10.4375, 1.75, 10, 1.5], "texture": "#2"},
				"down": {"uv": [2.4375, 10, 2, 10.25], "texture": "#2"}
			}
		},
		{
			"from": [7.95, 2.95, 8],
			"to": [8.8, 3.15, 8.5],
			"rotation": {"angle": 0, "axis": "y", "origin": [0, 16, 0]},
			"faces": {
				"north": {"uv": [11.5, 3, 11.9375, 3.125], "texture": "#2"},
				"east": {"uv": [5, 13.5, 5.25, 13.625], "texture": "#2"},
				"south": {"uv": [11.5, 3.5, 11.9375, 3.625], "texture": "#2"},
				"west": {"uv": [13.5, 5, 13.75, 5.125], "texture": "#2"},
				"up": {"uv": [10.4375, 1.25, 10, 1], "texture": "#2"},
				"down": {"uv": [1.9375, 10, 1.5, 10.25], "texture": "#2"}
			}
		},
		{
			"from": [7.95, 3.15, 8],
			"to": [8.8, 3.35, 8.5],
			"faces": {
				"north": {"uv": [4, 11.5, 4.4375, 11.625], "texture": "#2"},
				"east": {"uv": [5.5, 13.5, 5.75, 13.625], "texture": "#2"},
				"south": {"uv": [11.5, 4, 11.9375, 4.125], "texture": "#2"},
				"west": {"uv": [13.5, 5.5, 13.75, 5.625], "texture": "#2"},
				"up": {"uv": [10.4375, 1.75, 10, 1.5], "texture": "#2"},
				"down": {"uv": [2.4375, 10, 2, 10.25], "texture": "#2"}
			}
		},
		{
			"from": [7.95, 0.7, 8],
			"to": [8.8, 0.9, 8.5],
			"rotation": {"angle": 0, "axis": "y", "origin": [0, 16, 0]},
			"faces": {
				"north": {"uv": [11.5, 3, 11.9375, 3.125], "texture": "#2"},
				"east": {"uv": [5, 13.5, 5.25, 13.625], "texture": "#2"},
				"south": {"uv": [11.5, 3.5, 11.9375, 3.625], "texture": "#2"},
				"west": {"uv": [13.5, 5, 13.75, 5.125], "texture": "#2"},
				"up": {"uv": [10.4375, 1.25, 10, 1], "texture": "#2"},
				"down": {"uv": [1.9375, 10, 1.5, 10.25], "texture": "#2"}
			}
		},
		{
			"from": [7.95, 0.9, 8],
			"to": [8.8, 1.1, 8.5],
			"faces": {
				"north": {"uv": [4, 11.5, 4.4375, 11.625], "texture": "#2"},
				"east": {"uv": [5.5, 13.5, 5.75, 13.625], "texture": "#2"},
				"south": {"uv": [11.5, 4, 11.9375, 4.125], "texture": "#2"},
				"west": {"uv": [13.5, 5.5, 13.75, 5.625], "texture": "#2"},
				"up": {"uv": [10.4375, 1.75, 10, 1.5], "texture": "#2"},
				"down": {"uv": [2.4375, 10, 2, 10.25], "texture": "#2"}
			}
		},
		{
			"from": [7.95, 1.15, 8],
			"to": [8.8, 1.35, 8.5],
			"rotation": {"angle": 0, "axis": "y", "origin": [0, 16, 0]},
			"faces": {
				"north": {"uv": [11.5, 3, 11.9375, 3.125], "texture": "#2"},
				"east": {"uv": [5, 13.5, 5.25, 13.625], "texture": "#2"},
				"south": {"uv": [11.5, 3.5, 11.9375, 3.625], "texture": "#2"},
				"west": {"uv": [13.5, 5, 13.75, 5.125], "texture": "#2"},
				"up": {"uv": [10.4375, 1.25, 10, 1], "texture": "#2"},
				"down": {"uv": [1.9375, 10, 1.5, 10.25], "texture": "#2"}
			}
		},
		{
			"from": [7.95, 1.35, 8],
			"to": [8.8, 1.55, 8.5],
			"faces": {
				"north": {"uv": [4, 11.5, 4.4375, 11.625], "texture": "#2"},
				"east": {"uv": [5.5, 13.5, 5.75, 13.625], "texture": "#2"},
				"south": {"uv": [11.5, 4, 11.9375, 4.125], "texture": "#2"},
				"west": {"uv": [13.5, 5.5, 13.75, 5.625], "texture": "#2"},
				"up": {"uv": [10.4375, 1.75, 10, 1.5], "texture": "#2"},
				"down": {"uv": [2.4375, 10, 2, 10.25], "texture": "#2"}
			}
		},
		{
			"from": [7.95, 1.8, 8],
			"to": [8.8, 2, 8.5],
			"faces": {
				"north": {"uv": [4, 11.5, 4.4375, 11.625], "texture": "#2"},
				"east": {"uv": [5.5, 13.5, 5.75, 13.625], "texture": "#2"},
				"south": {"uv": [11.5, 4, 11.9375, 4.125], "texture": "#2"},
				"west": {"uv": [13.5, 5.5, 13.75, 5.625], "texture": "#2"},
				"up": {"uv": [10.4375, 1.75, 10, 1.5], "texture": "#2"},
				"down": {"uv": [2.4375, 10, 2, 10.25], "texture": "#2"}
			}
		},
		{
			"from": [7.95, 1.6, 8],
			"to": [8.8, 1.8, 8.5],
			"rotation": {"angle": 0, "axis": "y", "origin": [0, 16, 0]},
			"faces": {
				"north": {"uv": [11.5, 3, 11.9375, 3.125], "texture": "#2"},
				"east": {"uv": [5, 13.5, 5.25, 13.625], "texture": "#2"},
				"south": {"uv": [11.5, 3.5, 11.9375, 3.625], "texture": "#2"},
				"west": {"uv": [13.5, 5, 13.75, 5.125], "texture": "#2"},
				"up": {"uv": [10.4375, 1.25, 10, 1], "texture": "#2"},
				"down": {"uv": [1.9375, 10, 1.5, 10.25], "texture": "#2"}
			}
		},
		{
			"from": [7.95, -0.65, 8],
			"to": [8.8, -0.45, 8.5],
			"rotation": {"angle": 0, "axis": "y", "origin": [0, 16, 0]},
			"faces": {
				"north": {"uv": [11.5, 3, 11.9375, 3.125], "texture": "#2"},
				"east": {"uv": [5, 13.5, 5.25, 13.625], "texture": "#2"},
				"south": {"uv": [11.5, 3.5, 11.9375, 3.625], "texture": "#2"},
				"west": {"uv": [13.5, 5, 13.75, 5.125], "texture": "#2"},
				"up": {"uv": [10.4375, 1.25, 10, 1], "texture": "#2"},
				"down": {"uv": [1.9375, 10, 1.5, 10.25], "texture": "#2"}
			}
		},
		{
			"from": [7.95, -0.45, 8],
			"to": [8.8, -0.25, 8.5],
			"faces": {
				"north": {"uv": [4, 11.5, 4.4375, 11.625], "texture": "#2"},
				"east": {"uv": [5.5, 13.5, 5.75, 13.625], "texture": "#2"},
				"south": {"uv": [11.5, 4, 11.9375, 4.125], "texture": "#2"},
				"west": {"uv": [13.5, 5.5, 13.75, 5.625], "texture": "#2"},
				"up": {"uv": [10.4375, 1.75, 10, 1.5], "texture": "#2"},
				"down": {"uv": [2.4375, 10, 2, 10.25], "texture": "#2"}
			}
		},
		{
			"from": [7.95, -0.2, 8],
			"to": [8.8, 0, 8.5],
			"rotation": {"angle": 0, "axis": "y", "origin": [0, 16, 0]},
			"faces": {
				"north": {"uv": [11.5, 3, 11.9375, 3.125], "texture": "#2"},
				"east": {"uv": [5, 13.5, 5.25, 13.625], "texture": "#2"},
				"south": {"uv": [11.5, 3.5, 11.9375, 3.625], "texture": "#2"},
				"west": {"uv": [13.5, 5, 13.75, 5.125], "texture": "#2"},
				"up": {"uv": [10.4375, 1.25, 10, 1], "texture": "#2"},
				"down": {"uv": [1.9375, 10, 1.5, 10.25], "texture": "#2"}
			}
		},
		{
			"from": [7.95, 0, 8],
			"to": [8.8, 0.2, 8.5],
			"faces": {
				"north": {"uv": [4, 11.5, 4.4375, 11.625], "texture": "#2"},
				"east": {"uv": [5.5, 13.5, 5.75, 13.625], "texture": "#2"},
				"south": {"uv": [11.5, 4, 11.9375, 4.125], "texture": "#2"},
				"west": {"uv": [13.5, 5.5, 13.75, 5.625], "texture": "#2"},
				"up": {"uv": [10.4375, 1.75, 10, 1.5], "texture": "#2"},
				"down": {"uv": [2.4375, 10, 2, 10.25], "texture": "#2"}
			}
		},
		{
			"from": [7.95, 0.45, 8],
			"to": [8.8, 0.65, 8.5],
			"faces": {
				"north": {"uv": [4, 11.5, 4.4375, 11.625], "texture": "#2"},
				"east": {"uv": [5.5, 13.5, 5.75, 13.625], "texture": "#2"},
				"south": {"uv": [11.5, 4, 11.9375, 4.125], "texture": "#2"},
				"west": {"uv": [13.5, 5.5, 13.75, 5.625], "texture": "#2"},
				"up": {"uv": [10.4375, 1.75, 10, 1.5], "texture": "#2"},
				"down": {"uv": [2.4375, 10, 2, 10.25], "texture": "#2"}
			}
		},
		{
			"from": [7.95, 0.25, 8],
			"to": [8.8, 0.45, 8.5],
			"rotation": {"angle": 0, "axis": "y", "origin": [0, 16, 0]},
			"faces": {
				"north": {"uv": [11.5, 3, 11.9375, 3.125], "texture": "#2"},
				"east": {"uv": [5, 13.5, 5.25, 13.625], "texture": "#2"},
				"south": {"uv": [11.5, 3.5, 11.9375, 3.625], "texture": "#2"},
				"west": {"uv": [13.5, 5, 13.75, 5.125], "texture": "#2"},
				"up": {"uv": [10.4375, 1.25, 10, 1], "texture": "#2"},
				"down": {"uv": [1.9375, 10, 1.5, 10.25], "texture": "#2"}
			}
		},
		{
			"from": [7.95, 2.25, 8],
			"to": [8.8, 2.45, 8.5],
			"faces": {
				"north": {"uv": [4, 11.5, 4.4375, 11.625], "texture": "#2"},
				"east": {"uv": [5.5, 13.5, 5.75, 13.625], "texture": "#2"},
				"south": {"uv": [11.5, 4, 11.9375, 4.125], "texture": "#2"},
				"west": {"uv": [13.5, 5.5, 13.75, 5.625], "texture": "#2"},
				"up": {"uv": [10.4375, 1.75, 10, 1.5], "texture": "#2"},
				"down": {"uv": [2.4375, 10, 2, 10.25], "texture": "#2"}
			}
		},
		{
			"from": [7.95, 2.05, 8],
			"to": [8.8, 2.25, 8.5],
			"rotation": {"angle": 0, "axis": "y", "origin": [0, 16, 0]},
			"faces": {
				"north": {"uv": [11.5, 3, 11.9375, 3.125], "texture": "#2"},
				"east": {"uv": [5, 13.5, 5.25, 13.625], "texture": "#2"},
				"south": {"uv": [11.5, 3.5, 11.9375, 3.625], "texture": "#2"},
				"west": {"uv": [13.5, 5, 13.75, 5.125], "texture": "#2"},
				"up": {"uv": [10.4375, 1.25, 10, 1], "texture": "#2"},
				"down": {"uv": [1.9375, 10, 1.5, 10.25], "texture": "#2"}
			}
		},
		{
			"from": [7.95, 4.3, 8],
			"to": [8.8, 4.525, 8.5],
			"faces": {
				"north": {"uv": [5, 12, 5.4375, 12.125], "texture": "#2"},
				"east": {"uv": [5, 14, 5.25, 14.125], "texture": "#2"},
				"south": {"uv": [5, 12, 5.4375, 12.125], "texture": "#2"},
				"west": {"uv": [14, 5, 14.25, 5.125], "texture": "#2"},
				"up": {"uv": [10.9375, 4.75, 10.5, 4.5], "texture": "#2"},
				"down": {"uv": [5.4375, 10.5, 5, 10.75], "texture": "#2"}
			}
		},
		{
			"from": [7.8, -1.2, 8],
			"to": [8.95, -1.025, 8.5],
			"rotation": {"angle": 0, "axis": "y", "origin": [0, 16, 0]},
			"faces": {
				"north": {"uv": [6, 13, 6.5625, 13.0625], "texture": "#2"},
				"east": {"uv": [14.5, 5.5, 14.75, 5.5625], "texture": "#2"},
				"south": {"uv": [6, 13, 6.5625, 13.0625], "texture": "#2"},
				"west": {"uv": [6, 14.5, 6.25, 14.5625], "texture": "#2"},
				"up": {"uv": [9.5625, 0.25, 9, 0], "texture": "#2"},
				"down": {"uv": [9.5625, 0.5, 9, 0.75], "texture": "#2"}
			}
		},
		{
			"from": [7.725, -1.425, 8],
			"to": [9.025, -1.2, 8.5],
			"rotation": {"angle": 0, "axis": "y", "origin": [0, 16, 0]},
			"faces": {
				"north": {"uv": [2, 11, 2.625, 11.125], "texture": "#2"},
				"east": {"uv": [5.5, 14, 5.75, 14.125], "texture": "#2"},
				"south": {"uv": [2, 11, 2.625, 11.125], "texture": "#2"},
				"west": {"uv": [14, 5.5, 14.25, 5.625], "texture": "#2"},
				"up": {"uv": [8.625, 3.75, 8, 3.5], "texture": "#2"},
				"down": {"uv": [9.125, 3, 8.5, 3.25], "texture": "#2"}
			}
		},
		{
			"from": [7.8, -1.6, 8],
			"to": [8.95, -1.425, 8.5],
			"rotation": {"angle": 0, "axis": "y", "origin": [0, 16, 0]},
			"faces": {
				"north": {"uv": [13, 7, 13.5625, 7.0625], "texture": "#2"},
				"east": {"uv": [14.5, 6, 14.75, 6.0625], "texture": "#2"},
				"south": {"uv": [13, 7, 13.5625, 7.0625], "texture": "#2"},
				"west": {"uv": [6.5, 14.5, 6.75, 14.5625], "texture": "#2"},
				"up": {"uv": [9.5625, 1.25, 9, 1], "texture": "#2"},
				"down": {"uv": [9.5625, 1.5, 9, 1.75], "texture": "#2"}
			}
		},
		{
			"from": [7.875, -1.775, 8],
			"to": [8.875, -1.6, 8.5],
			"rotation": {"angle": 0, "axis": "y", "origin": [0, 16, 0]},
			"faces": {
				"north": {"uv": [6, 14, 6.5, 14.0625], "texture": "#2"},
				"east": {"uv": [14.5, 6.5, 14.75, 6.5625], "texture": "#2"},
				"south": {"uv": [6, 14, 6.5, 14.0625], "texture": "#2"},
				"west": {"uv": [7, 14.5, 7.25, 14.5625], "texture": "#2"},
				"up": {"uv": [1, 9.75, 0.5, 9.5], "texture": "#2"},
				"down": {"uv": [2, 9.5, 1.5, 9.75], "texture": "#2"}
			}
		},
		{
			"from": [7.9, -1.025, 8],
			"to": [8.85, -0.65, 8.5],
			"rotation": {"angle": 0, "axis": "y", "origin": [0, 16, 0]},
			"faces": {
				"north": {"uv": [8.5, 10.5, 9, 10.6875], "texture": "#2"},
				"east": {"uv": [10.5, 12, 10.75, 12.1875], "texture": "#2"},
				"south": {"uv": [8.5, 10.5, 9, 10.6875], "texture": "#2"},
				"west": {"uv": [12, 10.5, 12.25, 10.6875], "texture": "#2"},
				"up": {"uv": [2.5, 9.75, 2, 9.5], "texture": "#2"},
				"down": {"uv": [3, 9.5, 2.5, 9.75], "texture": "#2"}
			}
		},
		{
			"from": [7.825, -2.025, 8],
			"to": [8.925, -1.775, 8.5],
			"rotation": {"angle": 0, "axis": "y", "origin": [0, 16, 0]},
			"faces": {
				"north": {"uv": [11, 5, 11.5625, 5.125], "texture": "#2"},
				"east": {"uv": [6.5, 14, 6.75, 14.125], "texture": "#2"},
				"south": {"uv": [11, 5, 11.5625, 5.125], "texture": "#2"},
				"west": {"uv": [14, 6.5, 14.25, 6.625], "texture": "#2"},
				"up": {"uv": [9.5625, 2.25, 9, 2], "texture": "#2"},
				"down": {"uv": [9.5625, 2.5, 9, 2.75], "texture": "#2"}
			}
		},
		{
			"from": [7.925, -2.275, 8],
			"to": [8.825, -2.025, 8.5],
			"rotation": {"angle": 0, "axis": "y", "origin": [0, 16, 0]},
			"faces": {
				"north": {"uv": [5.5, 12, 5.9375, 12.125], "texture": "#2"},
				"east": {"uv": [7, 14, 7.25, 14.125], "texture": "#2"},
				"south": {"uv": [5.5, 12, 5.9375, 12.125], "texture": "#2"},
				"west": {"uv": [14, 7, 14.25, 7.125], "texture": "#2"},
				"up": {"uv": [10.9375, 5.25, 10.5, 5], "texture": "#2"},
				"down": {"uv": [10.9375, 5.5, 10.5, 5.75], "texture": "#2"}
			}
		},
		{
			"from": [8.025, -2.525, 8],
			"to": [8.725, -2.275, 8.5],
			"rotation": {"angle": 0, "axis": "y", "origin": [0, 16, 0]},
			"faces": {
				"north": {"uv": [11, 12, 11.375, 12.125], "texture": "#2"},
				"east": {"uv": [7.5, 14, 7.75, 14.125], "texture": "#2"},
				"south": {"uv": [11, 12, 11.375, 12.125], "texture": "#2"},
				"west": {"uv": [14, 7.5, 14.25, 7.625], "texture": "#2"},
				"up": {"uv": [9.875, 10.75, 9.5, 10.5], "texture": "#2"},
				"down": {"uv": [10.375, 10.5, 10, 10.75], "texture": "#2"}
			}
		},
		{
			"from": [8.3, 17.05, 8.05],
			"to": [8.45, 18.2, 8.45],
			"faces": {
				"north": {"uv": [8, 13, 8.0625, 13.5625], "texture": "#2"},
				"east": {"uv": [10.5, 7, 10.6875, 7.5625], "texture": "#2"},
				"south": {"uv": [8, 13, 8.0625, 13.5625], "texture": "#2"},
				"west": {"uv": [7.5, 10.5, 7.6875, 11.0625], "texture": "#2"},
				"up": {"uv": [3.0625, 15.1875, 3, 15], "texture": "#2"},
				"down": {"uv": [15.0625, 3, 15, 3.1875], "texture": "#2"}
			}
		},
		{
			"from": [8.15, 8.125, 8.05],
			"to": [8.6, 8.85, 8.45],
			"faces": {
				"north": {"uv": [10.5, 10, 10.75, 10.375], "texture": "#2"},
				"east": {"uv": [5, 11, 5.1875, 11.375], "texture": "#2"},
				"south": {"uv": [10.5, 10, 10.75, 10.375], "texture": "#2"},
				"west": {"uv": [11, 6, 11.1875, 6.375], "texture": "#2"},
				"up": {"uv": [11.75, 12.1875, 11.5, 12], "texture": "#2"},
				"down": {"uv": [12.25, 11.5, 12, 11.6875], "texture": "#2"}
			}
		},
		{
			"from": [8.1, 7.525, 8.05],
			"to": [8.65, 8.125, 8.45],
			"faces": {
				"north": {"uv": [11, 2.5, 11.25, 2.8125], "texture": "#2"},
				"east": {"uv": [0.5, 11.5, 0.6875, 11.8125], "texture": "#2"},
				"south": {"uv": [11, 2.5, 11.25, 2.8125], "texture": "#2"},
				"west": {"uv": [11.5, 0.5, 11.6875, 0.8125], "texture": "#2"},
				"up": {"uv": [12.25, 12.1875, 12, 12], "texture": "#2"},
				"down": {"uv": [0.25, 12.5, 0, 12.6875], "texture": "#2"}
			}
		},
		{
			"from": [7.9, 7.375, 8],
			"to": [8.85, 7.45, 8.5],
			"faces": {
				"north": {"uv": [8, 14, 8.5, 14.0625], "texture": "#2"},
				"east": {"uv": [14.5, 7, 14.75, 7.0625], "texture": "#2"},
				"south": {"uv": [8, 14, 8.5, 14.0625], "texture": "#2"},
				"west": {"uv": [7.5, 14.5, 7.75, 14.5625], "texture": "#2"},
				"up": {"uv": [3.5, 9.75, 3, 9.5], "texture": "#2"},
				"down": {"uv": [10, 3, 9.5, 3.25], "texture": "#2"}
			}
		},
		{
			"from": [7.825, 7.25, 8],
			"to": [8.925, 7.375, 8.5],
			"faces": {
				"north": {"uv": [13, 8, 13.5625, 8.0625], "texture": "#2"},
				"east": {"uv": [14.5, 7.5, 14.75, 7.5625], "texture": "#2"},
				"south": {"uv": [13, 8, 13.5625, 8.0625], "texture": "#2"},
				"west": {"uv": [8, 14.5, 8.25, 14.5625], "texture": "#2"},
				"up": {"uv": [9.5625, 3.75, 9, 3.5], "texture": "#2"},
				"down": {"uv": [6.0625, 9, 5.5, 9.25], "texture": "#2"}
			}
		},
		{
			"from": [8, 7.45, 8.025],
			"to": [8.75, 7.525, 8.475],
			"faces": {
				"north": {"uv": [12, 14, 12.375, 14.0625], "texture": "#2"},
				"east": {"uv": [14.5, 8, 14.75, 8.0625], "texture": "#2"},
				"south": {"uv": [12, 14, 12.375, 14.0625], "texture": "#2"},
				"west": {"uv": [8.5, 14.5, 8.75, 14.5625], "texture": "#2"},
				"up": {"uv": [11.375, 0.25, 11, 0], "texture": "#2"},
				"down": {"uv": [0.875, 11, 0.5, 11.25], "texture": "#2"}
			}
		},
		{
			"from": [7.8, 6.625, 8],
			"to": [8.95, 6.75, 8.5],
			"faces": {
				"north": {"uv": [10, 13, 10.5625, 13.0625], "texture": "#2"},
				"east": {"uv": [14.5, 8.5, 14.75, 8.5625], "texture": "#2"},
				"south": {"uv": [10, 13, 10.5625, 13.0625], "texture": "#2"},
				"west": {"uv": [9, 14.5, 9.25, 14.5625], "texture": "#2"},
				"up": {"uv": [9.5625, 6.75, 9, 6.5], "texture": "#2"},
				"down": {"uv": [9.5625, 7, 9, 7.25], "texture": "#2"}
			}
		},
		{
			"from": [7.775, 7.125, 8],
			"to": [8.975, 7.25, 8.5],
			"faces": {
				"north": {"uv": [12.5, 10, 13.125, 10.0625], "texture": "#2"},
				"east": {"uv": [14.5, 9, 14.75, 9.0625], "texture": "#2"},
				"south": {"uv": [12.5, 10, 13.125, 10.0625], "texture": "#2"},
				"west": {"uv": [9.5, 14.5, 9.75, 14.5625], "texture": "#2"},
				"up": {"uv": [9.125, 4.25, 8.5, 4], "texture": "#2"},
				"down": {"uv": [9.125, 4.5, 8.5, 4.75], "texture": "#2"}
			}
		},
		{
			"from": [7.725, 5.375, 8],
			"to": [9.025, 5.5, 8.5],
			"faces": {
				"north": {"uv": [12.5, 10.5, 13.125, 10.5625], "texture": "#2"},
				"east": {"uv": [14.5, 9.5, 14.75, 9.5625], "texture": "#2"},
				"south": {"uv": [12.5, 10.5, 13.125, 10.5625], "texture": "#2"},
				"west": {"uv": [10, 14.5, 10.25, 14.5625], "texture": "#2"},
				"up": {"uv": [9.125, 5.25, 8.5, 5], "texture": "#2"},
				"down": {"uv": [6.125, 8.5, 5.5, 8.75], "texture": "#2"}
			}
		},
		{
			"from": [7.75, 5.125, 8],
			"to": [9, 5.25, 8.5],
			"faces": {
				"north": {"uv": [11.5, 12.5, 12.125, 12.5625], "texture": "#2"},
				"east": {"uv": [14.5, 10, 14.75, 10.0625], "texture": "#2"},
				"south": {"uv": [11.5, 12.5, 12.125, 12.5625], "texture": "#2"},
				"west": {"uv": [10.5, 14.5, 10.75, 14.5625], "texture": "#2"},
				"up": {"uv": [9.125, 5.75, 8.5, 5.5], "texture": "#2"},
				"down": {"uv": [9.125, 6, 8.5, 6.25], "texture": "#2"}
			}
		},
		{
			"from": [7.65, 5.25, 8],
			"to": [9.1, 5.375, 8.5],
			"faces": {
				"north": {"uv": [12.5, 0, 13.25, 0.0625], "texture": "#2"},
				"east": {"uv": [14.5, 10.5, 14.75, 10.5625], "texture": "#2"},
				"south": {"uv": [12.5, 0, 13.25, 0.0625], "texture": "#2"},
				"west": {"uv": [11, 14.5, 11.25, 14.5625], "texture": "#2"},
				"up": {"uv": [8.25, 6.25, 7.5, 6], "texture": "#2"},
				"down": {"uv": [8.25, 6.5, 7.5, 6.75], "texture": "#2"}
			}
		},
		{
			"from": [7.6, 6.875, 8],
			"to": [9.15, 7, 8.5],
			"faces": {
				"north": {"uv": [12.5, 0.5, 13.25, 0.5625], "texture": "#2"},
				"east": {"uv": [14.5, 11, 14.75, 11.0625], "texture": "#2"},
				"south": {"uv": [12.5, 0.5, 13.25, 0.5625], "texture": "#2"},
				"west": {"uv": [11.5, 14.5, 11.75, 14.5625], "texture": "#2"},
				"up": {"uv": [8.25, 7.25, 7.5, 7], "texture": "#2"},
				"down": {"uv": [8.25, 7.5, 7.5, 7.75], "texture": "#2"}
			}
		},
		{
			"from": [7.675, 7, 8],
			"to": [9.075, 7.125, 8.5],
			"faces": {
				"north": {"uv": [12.5, 4.5, 13.1875, 4.5625], "texture": "#2"},
				"east": {"uv": [14.5, 11.5, 14.75, 11.5625], "texture": "#2"},
				"south": {"uv": [12.5, 4.5, 13.1875, 4.5625], "texture": "#2"},
				"west": {"uv": [12, 14.5, 12.25, 14.5625], "texture": "#2"},
				"up": {"uv": [8.6875, 0.25, 8, 0], "texture": "#2"},
				"down": {"uv": [8.6875, 0.5, 8, 0.75], "texture": "#2"}
			}
		},
		{
			"from": [7.675, 6.75, 8],
			"to": [9.075, 6.875, 8.5],
			"faces": {
				"north": {"uv": [12.5, 5, 13.1875, 5.0625], "texture": "#2"},
				"east": {"uv": [14.5, 12, 14.75, 12.0625], "texture": "#2"},
				"south": {"uv": [12.5, 5, 13.1875, 5.0625], "texture": "#2"},
				"west": {"uv": [12.5, 14.5, 12.75, 14.5625], "texture": "#2"},
				"up": {"uv": [8.6875, 1.25, 8, 1], "texture": "#2"},
				"down": {"uv": [8.6875, 1.5, 8, 1.75], "texture": "#2"}
			}
		},
		{
			"from": [8.2, 8.85, 8.05],
			"to": [8.55, 9.55, 8.45],
			"faces": {
				"north": {"uv": [11, 6.5, 11.1875, 6.875], "texture": "#2"},
				"east": {"uv": [11, 7, 11.1875, 7.375], "texture": "#2"},
				"south": {"uv": [11, 6.5, 11.1875, 6.875], "texture": "#2"},
				"west": {"uv": [11, 8, 11.1875, 8.375], "texture": "#2"},
				"up": {"uv": [12.1875, 13.1875, 12, 13], "texture": "#2"},
				"down": {"uv": [13.1875, 12, 13, 12.1875], "texture": "#2"}
			}
		},
		{
			"from": [8.25, 9.55, 8.05],
			"to": [8.5, 17.05, 8.45],
			"faces": {
				"north": {"uv": [5, 1.6875, 5.125, 5.75], "texture": "#2"},
				"east": {"uv": [3, 3.5, 3.1875, 9.25], "texture": "#2"},
				"south": {"uv": [5, 1.6875, 5.125, 5.75], "texture": "#2"},
				"west": {"uv": [3.5, 3.5, 3.6875, 9.25], "texture": "#2"},
				"up": {"uv": [12.625, 14.1875, 12.5, 14], "texture": "#2"},
				"down": {"uv": [14.125, 12.5, 14, 12.6875], "texture": "#2"}
			}
		},
		{
			"from": [7.875, 5.5, 8],
			"to": [8.875, 6.625, 8.5],
			"faces": {
				"north": {"uv": [7, 1, 7.5, 1.5625], "texture": "#2"},
				"east": {"uv": [8, 9, 8.25, 9.5625], "texture": "#2"},
				"south": {"uv": [7, 1, 7.5, 1.5625], "texture": "#2"},
				"west": {"uv": [8.5, 9, 8.75, 9.5625], "texture": "#2"},
				"up": {"uv": [4, 9.75, 3.5, 9.5], "texture": "#2"},
				"down": {"uv": [10, 4, 9.5, 4.25], "texture": "#2"}
			}
		},
		{
			"from": [10.45, 5.75, 8.175],
			"to": [10.6, 6.55, 8.325],
			"faces": {
				"north": {"uv": [13, 14, 13.0625, 14.375], "texture": "#2"},
				"east": {"uv": [14, 13, 14.0625, 13.375], "texture": "#2"},
				"south": {"uv": [13, 14, 13.0625, 14.375], "texture": "#2"},
				"west": {"uv": [14, 13.5, 14.0625, 13.875], "texture": "#2"},
				"up": {"uv": [11.5625, 15.0625, 11.5, 15], "texture": "#2"},
				"down": {"uv": [15.0625, 11.5, 15, 11.5625], "texture": "#2"}
			}
		},
		{
			"from": [12, 5.75, 8.15],
			"to": [12.15, 6.55, 8.35],
			"faces": {
				"north": {"uv": [14.5, 1, 14.5625, 1.375], "texture": "#2"},
				"east": {"uv": [1.5, 14.5, 1.5625, 14.875], "texture": "#2"},
				"south": {"uv": [14.5, 1, 14.5625, 1.375], "texture": "#2"},
				"west": {"uv": [2, 14.5, 2.0625, 14.875], "texture": "#2"},
				"up": {"uv": [15.5625, 1.0625, 15.5, 1], "texture": "#2"},
				"down": {"uv": [1.5625, 15.5, 1.5, 15.5625], "texture": "#2"}
			}
		},
		{
			"from": [12.6, 5.75, 8.15],
			"to": [12.75, 6.55, 8.35],
			"faces": {
				"north": {"uv": [14.5, 2, 14.5625, 2.375], "texture": "#2"},
				"east": {"uv": [2.5, 14.5, 2.5625, 14.875], "texture": "#2"},
				"south": {"uv": [14.5, 2, 14.5625, 2.375], "texture": "#2"},
				"west": {"uv": [3, 14.5, 3.0625, 14.875], "texture": "#2"},
				"up": {"uv": [15.5625, 3.0625, 15.5, 3], "texture": "#2"},
				"down": {"uv": [3.5625, 15.5, 3.5, 15.5625], "texture": "#2"}
			}
		},
		{
			"from": [12.75, 5.925, 8.175],
			"to": [12.9, 6.375, 8.325],
			"faces": {
				"north": {"uv": [1.5, 15, 1.5625, 15.25], "texture": "#2"},
				"east": {"uv": [15, 1.5, 15.0625, 1.75], "texture": "#2"},
				"south": {"uv": [1.5, 15, 1.5625, 15.25], "texture": "#2"},
				"west": {"uv": [15, 2, 15.0625, 2.25], "texture": "#2"},
				"up": {"uv": [15.5625, 3.5625, 15.5, 3.5], "texture": "#2"},
				"down": {"uv": [4.0625, 15.5, 4, 15.5625], "texture": "#2"}
			}
		},
		{
			"from": [12.9, 6.05, 8.175],
			"to": [13.2, 6.25, 8.325],
			"faces": {
				"north": {"uv": [2.5, 15, 2.625, 15.125], "texture": "#2"},
				"east": {"uv": [10.5, 15, 10.5625, 15.125], "texture": "#2"},
				"south": {"uv": [2.5, 15, 2.625, 15.125], "texture": "#2"},
				"west": {"uv": [15, 10.5, 15.0625, 10.625], "texture": "#2"},
				"up": {"uv": [11.125, 15.0625, 11, 15], "texture": "#2"},
				"down": {"uv": [15.125, 11, 15, 11.0625], "texture": "#2"}
			}
		},
		{
			"from": [12.15, 5.575, 8.125],
			"to": [12.3, 6.725, 8.375],
			"faces": {
				"north": {"uv": [13.5, 1, 13.5625, 1.5625], "texture": "#2"},
				"east": {"uv": [1.5, 13.5, 1.5625, 14.0625], "texture": "#2"},
				"south": {"uv": [13.5, 1, 13.5625, 1.5625], "texture": "#2"},
				"west": {"uv": [13.5, 2, 13.5625, 2.5625], "texture": "#2"},
				"up": {"uv": [15.5625, 1.5625, 15.5, 1.5], "texture": "#2"},
				"down": {"uv": [2.0625, 15.5, 2, 15.5625], "texture": "#2"}
			}
		},
		{
			"from": [12.3, 5.325, 8.1],
			"to": [12.45, 6.975, 8.4],
			"faces": {
				"north": {"uv": [7.5, 12, 7.5625, 12.8125], "texture": "#2"},
				"east": {"uv": [12, 8.5, 12.0625, 9.3125], "texture": "#2"},
				"south": {"uv": [7.5, 12, 7.5625, 12.8125], "texture": "#2"},
				"west": {"uv": [10, 12, 10.0625, 12.8125], "texture": "#2"},
				"up": {"uv": [15.5625, 2.0625, 15.5, 2], "texture": "#2"},
				"down": {"uv": [2.5625, 15.5, 2.5, 15.5625], "texture": "#2"}
			}
		},
		{
			"from": [12.45, 5.575, 8.125],
			"to": [12.6, 6.725, 8.375],
			"faces": {
				"north": {"uv": [2.5, 13.5, 2.5625, 14.0625], "texture": "#2"},
				"east": {"uv": [3, 13.5, 3.0625, 14.0625], "texture": "#2"},
				"south": {"uv": [2.5, 13.5, 2.5625, 14.0625], "texture": "#2"},
				"west": {"uv": [3.5, 13.5, 3.5625, 14.0625], "texture": "#2"},
				"up": {"uv": [15.5625, 2.5625, 15.5, 2.5], "texture": "#2"},
				"down": {"uv": [3.0625, 15.5, 3, 15.5625], "texture": "#2"}
			}
		},
		{
			"from": [10.3, 5.625, 8.15],
			"to": [10.45, 6.875, 8.35],
			"faces": {
				"north": {"uv": [12.5, 12, 12.5625, 12.625], "texture": "#2"},
				"east": {"uv": [11, 3, 11.125, 3.625], "texture": "#2"},
				"south": {"uv": [12.5, 12, 12.5625, 12.625], "texture": "#2"},
				"west": {"uv": [3.5, 11, 3.625, 11.625], "texture": "#2"},
				"up": {"uv": [6.5625, 15.125, 6.5, 15], "texture": "#2"},
				"down": {"uv": [15.0625, 6.5, 15, 6.625], "texture": "#2"}
			}
		},
		{
			"from": [10.15, 5.475, 8.125],
			"to": [10.3, 7.325, 8.375],
			"faces": {
				"north": {"uv": [1, 11.5, 1.0625, 12.4375], "texture": "#2"},
				"east": {"uv": [9.5, 5, 9.625, 5.9375], "texture": "#2"},
				"south": {"uv": [1, 11.5, 1.0625, 12.4375], "texture": "#2"},
				"west": {"uv": [7.5, 9.5, 7.625, 10.4375], "texture": "#2"},
				"up": {"uv": [7.0625, 15.125, 7, 15], "texture": "#2"},
				"down": {"uv": [15.0625, 7, 15, 7.125], "texture": "#2"}
			}
		},
		{
			"from": [10, 5.2, 8.1],
			"to": [10.15, 7.85, 8.4],
			"faces": {
				"north": {"uv": [11, 0.5, 11.0625, 1.8125], "texture": "#2"},
				"east": {"uv": [8, 2, 8.125, 3.3125], "texture": "#2"},
				"south": {"uv": [11, 0.5, 11.0625, 1.8125], "texture": "#2"},
				"west": {"uv": [7.5, 8, 7.625, 9.3125], "texture": "#2"},
				"up": {"uv": [7.5625, 15.125, 7.5, 15], "texture": "#2"},
				"down": {"uv": [15.0625, 7.5, 15, 7.625], "texture": "#2"}
			}
		},
		{
			"from": [9.85, 4.85, 8.075],
			"to": [10, 8.725, 8.425],
			"faces": {
				"north": {"uv": [5.5, 9.5, 5.5625, 11.4375], "texture": "#2"},
				"east": {"uv": [4.5, 6.5, 4.6875, 8.4375], "texture": "#2"},
				"south": {"uv": [5.5, 9.5, 5.5625, 11.4375], "texture": "#2"},
				"west": {"uv": [6, 6.5, 6.1875, 8.4375], "texture": "#2"},
				"up": {"uv": [3.5625, 15.1875, 3.5, 15], "texture": "#2"},
				"down": {"uv": [15.0625, 3.5, 15, 3.6875], "texture": "#2"}
			}
		},
		{
			"from": [9.7, 4.175, 8.05],
			"to": [9.85, 9.5, 8.45],
			"faces": {
				"north": {"uv": [4, 7.5, 4.0625, 10.1875], "texture": "#2"},
				"east": {"uv": [6.5, 1, 6.6875, 3.6875], "texture": "#2"},
				"south": {"uv": [4, 7.5, 4.0625, 10.1875], "texture": "#2"},
				"west": {"uv": [2, 6.5, 2.1875, 9.1875], "texture": "#2"},
				"up": {"uv": [4.0625, 15.1875, 4, 15], "texture": "#2"},
				"down": {"uv": [15.0625, 4, 15, 4.1875], "texture": "#2"}
			}
		},
		{
			"from": [9.55, 3.575, 8.075],
			"to": [9.7, 10.725, 8.425],
			"faces": {
				"north": {"uv": [7.5, 0, 7.5625, 3.5625], "texture": "#2"},
				"east": {"uv": [5.5, 0, 5.6875, 3.5625], "texture": "#2"},
				"south": {"uv": [7.5, 0, 7.5625, 3.5625], "texture": "#2"},
				"west": {"uv": [0.5, 5.5, 0.6875, 9.0625], "texture": "#2"},
				"up": {"uv": [4.5625, 15.1875, 4.5, 15], "texture": "#2"},
				"down": {"uv": [15.0625, 4.5, 15, 4.6875], "texture": "#2"}
			}
		},
		{
			"from": [9.4, 5.45, 8.05],
			"to": [9.55, 7.15, 8.45],
			"faces": {
				"north": {"uv": [6, 12, 6.0625, 12.875], "texture": "#2"},
				"east": {"uv": [8, 8, 8.1875, 8.875], "texture": "#2"},
				"south": {"uv": [6, 12, 6.0625, 12.875], "texture": "#2"},
				"west": {"uv": [8.5, 2, 8.6875, 2.875], "texture": "#2"},
				"up": {"uv": [5.0625, 15.1875, 5, 15], "texture": "#2"},
				"down": {"uv": [15.0625, 5, 15, 5.1875], "texture": "#2"}
			}
		},
		{
			"from": [9.25, 5.575, 8.025],
			"to": [9.4, 6.8, 8.475],
			"faces": {
				"north": {"uv": [0.5, 13, 0.5625, 13.625], "texture": "#2"},
				"east": {"uv": [4.5, 8.5, 4.75, 9.125], "texture": "#2"},
				"south": {"uv": [0.5, 13, 0.5625, 13.625], "texture": "#2"},
				"west": {"uv": [8.5, 6.5, 8.75, 7.125], "texture": "#2"},
				"up": {"uv": [14.5625, 12.75, 14.5, 12.5], "texture": "#2"},
				"down": {"uv": [13.0625, 14.5, 13, 14.75], "texture": "#2"}
			}
		},
		{
			"from": [9.1, 5.65, 8],
			"to": [9.25, 6.6, 8.5],
			"faces": {
				"north": {"uv": [8.5, 14, 8.5625, 14.5], "texture": "#2"},
				"east": {"uv": [4.5, 9.5, 4.75, 10], "texture": "#2"},
				"south": {"uv": [8.5, 14, 8.5625, 14.5], "texture": "#2"},
				"west": {"uv": [9.5, 4.5, 9.75, 5], "texture": "#2"},
				"up": {"uv": [14.5625, 13.25, 14.5, 13], "texture": "#2"},
				"down": {"uv": [13.5625, 14.5, 13.5, 14.75], "texture": "#2"}
			}
		},
		{
			"from": [10.6, 5.85, 8.175],
			"to": [12, 6.45, 8.325],
			"faces": {
				"north": {"uv": [7.5, 5, 8.1875, 5.3125], "texture": "#2"},
				"east": {"uv": [14.5, 3, 14.5625, 3.3125], "texture": "#2"},
				"south": {"uv": [8.1875, 5, 7.5, 5.3125], "texture": "#2"},
				"west": {"uv": [3.5, 14.5, 3.5625, 14.8125], "texture": "#2"},
				"up": {"uv": [13.1875, 6.0625, 12.5, 6], "texture": "#2"},
				"down": {"uv": [7.1875, 12.5, 6.5, 12.5625], "texture": "#2"}
			}
		},
		{
			"from": [8.875, 5.7, 8],
			"to": [9.1, 6.55, 8.5],
			"faces": {
				"north": {"uv": [6.5, 12, 6.625, 12.4375], "texture": "#2"},
				"east": {"uv": [10.5, 6, 10.75, 6.4375], "texture": "#2"},
				"south": {"uv": [6.5, 12, 6.625, 12.4375], "texture": "#2"},
				"west": {"uv": [10.5, 6.5, 10.75, 6.9375], "texture": "#2"},
				"up": {"uv": [9.125, 14.25, 9, 14], "texture": "#2"},
				"down": {"uv": [14.125, 9, 14, 9.25], "texture": "#2"}
			}
		},
		{
			"from": [9.4, 8.425, 8.1],
			"to": [9.55, 11.55, 8.4],
			"faces": {
				"north": {"uv": [8, 10.5, 8.0625, 12.0625], "texture": "#2"},
				"east": {"uv": [1.5, 7.5, 1.625, 9.0625], "texture": "#2"},
				"south": {"uv": [8, 10.5, 8.0625, 12.0625], "texture": "#2"},
				"west": {"uv": [2.5, 7.5, 2.625, 9.0625], "texture": "#2"},
				"up": {"uv": [8.0625, 15.125, 8, 15], "texture": "#2"},
				"down": {"uv": [15.0625, 8, 15, 8.125], "texture": "#2"}
			}
		},
		{
			"from": [6.15, 5.75, 8.175],
			"to": [6.3, 6.55, 8.325],
			"rotation": {"angle": 0, "axis": "y", "origin": [16, 0, 0]},
			"faces": {
				"north": {"uv": [13.0625, 14, 13, 14.375], "texture": "#2"},
				"east": {"uv": [14.0625, 13.5, 14, 13.875], "texture": "#2"},
				"south": {"uv": [13.0625, 14, 13, 14.375], "texture": "#2"},
				"west": {"uv": [14.0625, 13, 14, 13.375], "texture": "#2"},
				"up": {"uv": [11.5, 15.0625, 11.5625, 15], "texture": "#2"},
				"down": {"uv": [15, 11.5, 15.0625, 11.5625], "texture": "#2"}
			}
		},
		{
			"from": [6.3, 5.625, 8.15],
			"to": [6.45, 6.875, 8.35],
			"rotation": {"angle": 0, "axis": "y", "origin": [16, 0, 0]},
			"faces": {
				"north": {"uv": [12.5625, 12, 12.5, 12.625], "texture": "#2"},
				"east": {"uv": [3.625, 11, 3.5, 11.625], "texture": "#2"},
				"south": {"uv": [12.5625, 12, 12.5, 12.625], "texture": "#2"},
				"west": {"uv": [11.125, 3, 11, 3.625], "texture": "#2"},
				"up": {"uv": [6.5, 15.125, 6.5625, 15], "texture": "#2"},
				"down": {"uv": [15, 6.5, 15.0625, 6.625], "texture": "#2"}
			}
		},
		{
			"from": [6.45, 5.475, 8.125],
			"to": [6.6, 7.325, 8.375],
			"rotation": {"angle": 0, "axis": "y", "origin": [16, 0, 0]},
			"faces": {
				"north": {"uv": [1.0625, 11.5, 1, 12.4375], "texture": "#2"},
				"east": {"uv": [7.625, 9.5, 7.5, 10.4375], "texture": "#2"},
				"south": {"uv": [1.0625, 11.5, 1, 12.4375], "texture": "#2"},
				"west": {"uv": [9.625, 5, 9.5, 5.9375], "texture": "#2"},
				"up": {"uv": [7, 15.125, 7.0625, 15], "texture": "#2"},
				"down": {"uv": [15, 7, 15.0625, 7.125], "texture": "#2"}
			}
		},
		{
			"from": [6.6, 5.2, 8.1],
			"to": [6.75, 7.85, 8.4],
			"rotation": {"angle": 0, "axis": "y", "origin": [16, 0, 0]},
			"faces": {
				"north": {"uv": [11.0625, 0.5, 11, 1.8125], "texture": "#2"},
				"east": {"uv": [7.625, 8, 7.5, 9.3125], "texture": "#2"},
				"south": {"uv": [11.0625, 0.5, 11, 1.8125], "texture": "#2"},
				"west": {"uv": [8.125, 2, 8, 3.3125], "texture": "#2"},
				"up": {"uv": [7.5, 15.125, 7.5625, 15], "texture": "#2"},
				"down": {"uv": [15, 7.5, 15.0625, 7.625], "texture": "#2"}
			}
		},
		{
			"from": [6.75, 4.85, 8.075],
			"to": [6.9, 8.725, 8.425],
			"rotation": {"angle": 0, "axis": "y", "origin": [16, 0, 0]},
			"faces": {
				"north": {"uv": [5.5625, 9.5, 5.5, 11.4375], "texture": "#2"},
				"east": {"uv": [6.1875, 6.5, 6, 8.4375], "texture": "#2"},
				"south": {"uv": [5.5625, 9.5, 5.5, 11.4375], "texture": "#2"},
				"west": {"uv": [4.6875, 6.5, 4.5, 8.4375], "texture": "#2"},
				"up": {"uv": [3.5, 15.1875, 3.5625, 15], "texture": "#2"},
				"down": {"uv": [15, 3.5, 15.0625, 3.6875], "texture": "#2"}
			}
		},
		{
			"from": [6.9, 4.175, 8.05],
			"to": [7.05, 9.5, 8.45],
			"rotation": {"angle": 0, "axis": "y", "origin": [16, 0, 0]},
			"faces": {
				"north": {"uv": [4.0625, 7.5, 4, 10.1875], "texture": "#2"},
				"east": {"uv": [2.1875, 6.5, 2, 9.1875], "texture": "#2"},
				"south": {"uv": [4.0625, 7.5, 4, 10.1875], "texture": "#2"},
				"west": {"uv": [6.6875, 1, 6.5, 3.6875], "texture": "#2"},
				"up": {"uv": [4, 15.1875, 4.0625, 15], "texture": "#2"},
				"down": {"uv": [15, 4, 15.0625, 4.1875], "texture": "#2"}
			}
		},
		{
			"from": [7.05, 3.575, 8.075],
			"to": [7.2, 10.725, 8.425],
			"rotation": {"angle": 0, "axis": "y", "origin": [16, 0, 0]},
			"faces": {
				"north": {"uv": [7.5625, 0, 7.5, 3.5625], "texture": "#2"},
				"east": {"uv": [0.6875, 5.5, 0.5, 9.0625], "texture": "#2"},
				"south": {"uv": [7.5625, 0, 7.5, 3.5625], "texture": "#2"},
				"west": {"uv": [5.6875, 0, 5.5, 3.5625], "texture": "#2"},
				"up": {"uv": [4.5, 15.1875, 4.5625, 15], "texture": "#2"},
				"down": {"uv": [15, 4.5, 15.0625, 4.6875], "texture": "#2"}
			}
		},
		{
			"from": [7.2, 5.45, 8.05],
			"to": [7.35, 7.15, 8.45],
			"rotation": {"angle": 0, "axis": "y", "origin": [16, 0, 0]},
			"faces": {
				"north": {"uv": [6.0625, 12, 6, 12.875], "texture": "#2"},
				"east": {"uv": [8.6875, 2, 8.5, 2.875], "texture": "#2"},
				"south": {"uv": [6.0625, 12, 6, 12.875], "texture": "#2"},
				"west": {"uv": [8.1875, 8, 8, 8.875], "texture": "#2"},
				"up": {"uv": [5, 15.1875, 5.0625, 15], "texture": "#2"},
				"down": {"uv": [15, 5, 15.0625, 5.1875], "texture": "#2"}
			}
		},
		{
			"from": [7.35, 5.575, 8.025],
			"to": [7.5, 6.8, 8.475],
			"rotation": {"angle": 0, "axis": "y", "origin": [16, 0, 0]},
			"faces": {
				"north": {"uv": [0.5625, 13, 0.5, 13.625], "texture": "#2"},
				"east": {"uv": [8.75, 6.5, 8.5, 7.125], "texture": "#2"},
				"south": {"uv": [0.5625, 13, 0.5, 13.625], "texture": "#2"},
				"west": {"uv": [4.75, 8.5, 4.5, 9.125], "texture": "#2"},
				"up": {"uv": [14.5, 12.75, 14.5625, 12.5], "texture": "#2"},
				"down": {"uv": [13, 14.5, 13.0625, 14.75], "texture": "#2"}
			}
		},
		{
			"from": [4.75, 5.85, 8.175],
			"to": [6.15, 6.45, 8.325],
			"rotation": {"angle": 0, "axis": "y", "origin": [16, 0, 0]},
			"faces": {
				"north": {"uv": [8.1875, 5, 7.5, 5.3125], "texture": "#2"},
				"east": {"uv": [3.5625, 14.5, 3.5, 14.8125], "texture": "#2"},
				"south": {"uv": [7.5, 5, 8.1875, 5.3125], "texture": "#2"},
				"west": {"uv": [14.5625, 3, 14.5, 3.3125], "texture": "#2"},
				"up": {"uv": [12.5, 6.0625, 13.1875, 6], "texture": "#2"},
				"down": {"uv": [6.5, 12.5, 7.1875, 12.5625], "texture": "#2"}
			}
		},
		{
			"from": [7.2, 8.425, 8.1],
			"to": [7.35, 11.55, 8.4],
			"rotation": {"angle": 0, "axis": "y", "origin": [16, 0, 0]},
			"faces": {
				"north": {"uv": [8.0625, 10.5, 8, 12.0625], "texture": "#2"},
				"east": {"uv": [2.625, 7.5, 2.5, 9.0625], "texture": "#2"},
				"south": {"uv": [8.0625, 10.5, 8, 12.0625], "texture": "#2"},
				"west": {"uv": [1.625, 7.5, 1.5, 9.0625], "texture": "#2"},
				"up": {"uv": [8, 15.125, 8.0625, 15], "texture": "#2"},
				"down": {"uv": [15, 8, 15.0625, 8.125], "texture": "#2"}
			}
		},
		{
			"from": [4.6, 5.75, 8.15],
			"to": [4.75, 6.55, 8.35],
			"rotation": {"angle": 0, "axis": "y", "origin": [16, 0, 0]},
			"faces": {
				"north": {"uv": [14.5625, 1, 14.5, 1.375], "texture": "#2"},
				"east": {"uv": [2.0625, 14.5, 2, 14.875], "texture": "#2"},
				"south": {"uv": [14.5625, 1, 14.5, 1.375], "texture": "#2"},
				"west": {"uv": [1.5625, 14.5, 1.5, 14.875], "texture": "#2"},
				"up": {"uv": [15.5, 1.0625, 15.5625, 1], "texture": "#2"},
				"down": {"uv": [1.5, 15.5, 1.5625, 15.5625], "texture": "#2"}
			}
		},
		{
			"from": [4.45, 5.575, 8.125],
			"to": [4.6, 6.725, 8.375],
			"rotation": {"angle": 0, "axis": "y", "origin": [16, 0, 0]},
			"faces": {
				"north": {"uv": [13.5625, 1, 13.5, 1.5625], "texture": "#2"},
				"east": {"uv": [13.5625, 2, 13.5, 2.5625], "texture": "#2"},
				"south": {"uv": [13.5625, 1, 13.5, 1.5625], "texture": "#2"},
				"west": {"uv": [1.5625, 13.5, 1.5, 14.0625], "texture": "#2"},
				"up": {"uv": [15.5, 1.5625, 15.5625, 1.5], "texture": "#2"},
				"down": {"uv": [2, 15.5, 2.0625, 15.5625], "texture": "#2"}
			}
		},
		{
			"from": [4.3, 5.325, 8.1],
			"to": [4.45, 6.975, 8.4],
			"rotation": {"angle": 0, "axis": "y", "origin": [16, 0, 0]},
			"faces": {
				"north": {"uv": [7.5625, 12, 7.5, 12.8125], "texture": "#2"},
				"east": {"uv": [10.0625, 12, 10, 12.8125], "texture": "#2"},
				"south": {"uv": [7.5625, 12, 7.5, 12.8125], "texture": "#2"},
				"west": {"uv": [12.0625, 8.5, 12, 9.3125], "texture": "#2"},
				"up": {"uv": [15.5, 2.0625, 15.5625, 2], "texture": "#2"},
				"down": {"uv": [2.5, 15.5, 2.5625, 15.5625], "texture": "#2"}
			}
		},
		{
			"from": [4.15, 5.575, 8.125],
			"to": [4.3, 6.725, 8.375],
			"rotation": {"angle": 0, "axis": "y", "origin": [16, 0, 0]},
			"faces": {
				"north": {"uv": [2.5625, 13.5, 2.5, 14.0625], "texture": "#2"},
				"east": {"uv": [3.5625, 13.5, 3.5, 14.0625], "texture": "#2"},
				"south": {"uv": [2.5625, 13.5, 2.5, 14.0625], "texture": "#2"},
				"west": {"uv": [3.0625, 13.5, 3, 14.0625], "texture": "#2"},
				"up": {"uv": [15.5, 2.5625, 15.5625, 2.5], "texture": "#2"},
				"down": {"uv": [3, 15.5, 3.0625, 15.5625], "texture": "#2"}
			}
		},
		{
			"from": [4, 5.75, 8.15],
			"to": [4.15, 6.55, 8.35],
			"rotation": {"angle": 0, "axis": "y", "origin": [16, 0, 0]},
			"faces": {
				"north": {"uv": [14.5625, 2, 14.5, 2.375], "texture": "#2"},
				"east": {"uv": [3.0625, 14.5, 3, 14.875], "texture": "#2"},
				"south": {"uv": [14.5625, 2, 14.5, 2.375], "texture": "#2"},
				"west": {"uv": [2.5625, 14.5, 2.5, 14.875], "texture": "#2"},
				"up": {"uv": [15.5, 3.0625, 15.5625, 3], "texture": "#2"},
				"down": {"uv": [3.5, 15.5, 3.5625, 15.5625], "texture": "#2"}
			}
		},
		{
			"from": [3.85, 5.925, 8.175],
			"to": [4, 6.375, 8.325],
			"rotation": {"angle": 0, "axis": "y", "origin": [16, 0, 0]},
			"faces": {
				"north": {"uv": [1.5625, 15, 1.5, 15.25], "texture": "#2"},
				"east": {"uv": [15.0625, 2, 15, 2.25], "texture": "#2"},
				"south": {"uv": [1.5625, 15, 1.5, 15.25], "texture": "#2"},
				"west": {"uv": [15.0625, 1.5, 15, 1.75], "texture": "#2"},
				"up": {"uv": [15.5, 3.5625, 15.5625, 3.5], "texture": "#2"},
				"down": {"uv": [4, 15.5, 4.0625, 15.5625], "texture": "#2"}
			}
		},
		{
			"from": [3.55, 6.05, 8.175],
			"to": [3.85, 6.25, 8.325],
			"rotation": {"angle": 0, "axis": "y", "origin": [16, 0, 0]},
			"faces": {
				"north": {"uv": [2.625, 15, 2.5, 15.125], "texture": "#2"},
				"east": {"uv": [15.0625, 10.5, 15, 10.625], "texture": "#2"},
				"south": {"uv": [2.625, 15, 2.5, 15.125], "texture": "#2"},
				"west": {"uv": [10.5625, 15, 10.5, 15.125], "texture": "#2"},
				"up": {"uv": [11, 15.0625, 11.125, 15], "texture": "#2"},
				"down": {"uv": [15, 11, 15.125, 11.0625], "texture": "#2"}
			}
		},
		{
			"from": [7.5, 5.65, 8],
			"to": [7.65, 6.6, 8.5],
			"rotation": {"angle": 0, "axis": "y", "origin": [16, 0, 0]},
			"faces": {
				"north": {"uv": [8.5625, 14, 8.5, 14.5], "texture": "#2"},
				"east": {"uv": [9.75, 4.5, 9.5, 5], "texture": "#2"},
				"south": {"uv": [8.5625, 14, 8.5, 14.5], "texture": "#2"},
				"west": {"uv": [4.75, 9.5, 4.5, 10], "texture": "#2"},
				"up": {"uv": [14.5, 13.25, 14.5625, 13], "texture": "#2"},
				"down": {"uv": [13.5, 14.5, 13.5625, 14.75], "texture": "#2"}
			}
		},
		{
			"from": [7.65, 5.7, 8],
			"to": [7.875, 6.55, 8.5],
			"rotation": {"angle": 0, "axis": "y", "origin": [16, 0, 0]},
			"faces": {
				"north": {"uv": [6.625, 12, 6.5, 12.4375], "texture": "#2"},
				"east": {"uv": [10.75, 6.5, 10.5, 6.9375], "texture": "#2"},
				"south": {"uv": [6.625, 12, 6.5, 12.4375], "texture": "#2"},
				"west": {"uv": [10.75, 6, 10.5, 6.4375], "texture": "#2"},
				"up": {"uv": [9, 14.25, 9.125, 14], "texture": "#2"},
				"down": {"uv": [14, 9, 14.125, 9.25], "texture": "#2"}
			}
		},
		{
			"from": [8.3, 25.1, 8.125],
			"to": [8.45, 25.3, 8.375],
			"faces": {
				"north": {"uv": [8.5, 15, 8.5625, 15.125], "texture": "#2"},
				"east": {"uv": [14.5, 13.5, 14.625, 13.625], "texture": "#2"},
				"south": {"uv": [8.5, 15, 8.5625, 15.125], "texture": "#2"},
				"west": {"uv": [14, 14.5, 14.125, 14.625], "texture": "#2"},
				"up": {"uv": [9.0625, 15.125, 9, 15], "texture": "#2"},
				"down": {"uv": [15.0625, 9, 15, 9.125], "texture": "#2"}
			}
		},
		{
			"from": [8.25, 24.775, 8.125],
			"to": [8.5, 25.1, 8.375],
			"faces": {
				"north": {"uv": [14, 14, 14.125, 14.1875], "texture": "#2"},
				"east": {"uv": [0, 14.5, 0.125, 14.6875], "texture": "#2"},
				"south": {"uv": [14, 14, 14.125, 14.1875], "texture": "#2"},
				"west": {"uv": [0.5, 14.5, 0.625, 14.6875], "texture": "#2"},
				"up": {"uv": [14.625, 14.125, 14.5, 14], "texture": "#2"},
				"down": {"uv": [14.625, 14.5, 14.5, 14.625], "texture": "#2"}
			}
		},
		{
			"from": [8.3, 25.3, 8.19],
			"to": [8.45, 25.425, 8.315],
			"faces": {
				"north": {"uv": [12, 15, 12.0625, 15.0625], "texture": "#2"},
				"east": {"uv": [15, 12, 15.0625, 12.0625], "texture": "#2"},
				"south": {"uv": [12, 15, 12.0625, 15.0625], "texture": "#2"},
				"west": {"uv": [15, 12.5, 15.0625, 12.5625], "texture": "#2"},
				"up": {"uv": [13.0625, 15.0625, 13, 15], "texture": "#2"},
				"down": {"uv": [15.0625, 13, 15, 13.0625], "texture": "#2"}
			}
		},
		{
			"from": [8.325, 25.425, 8.19],
			"to": [8.425, 25.5, 8.315],
			"faces": {
				"north": {"uv": [13.5, 15, 13.5625, 15.0625], "texture": "#2"},
				"east": {"uv": [15, 13.5, 15.0625, 13.5625], "texture": "#2"},
				"south": {"uv": [13.5, 15, 13.5625, 15.0625], "texture": "#2"},
				"west": {"uv": [15, 14, 15.0625, 14.0625], "texture": "#2"},
				"up": {"uv": [14.5625, 15.0625, 14.5, 15], "texture": "#2"},
				"down": {"uv": [15.0625, 14.5, 15, 14.5625], "texture": "#2"}
			}
		},
		{
			"from": [8.25, 25.1, 8.19],
			"to": [8.5, 25.3, 8.315],
			"faces": {
				"north": {"uv": [0, 15, 0.125, 15.125], "texture": "#2"},
				"east": {"uv": [9.5, 15, 9.5625, 15.125], "texture": "#2"},
				"south": {"uv": [0, 15, 0.125, 15.125], "texture": "#2"},
				"west": {"uv": [15, 9.5, 15.0625, 9.625], "texture": "#2"},
				"up": {"uv": [10.125, 15.0625, 10, 15], "texture": "#2"},
				"down": {"uv": [15.125, 10, 15, 10.0625], "texture": "#2"}
			}
		},
		{
			"from": [8.175, 24.775, 8.19],
			"to": [8.575, 25.1, 8.315],
			"faces": {
				"north": {"uv": [12.5, 13, 12.6875, 13.1875], "texture": "#2"},
				"east": {"uv": [5.5, 15, 5.5625, 15.1875], "texture": "#2"},
				"south": {"uv": [12.5, 13, 12.6875, 13.1875], "texture": "#2"},
				"west": {"uv": [15, 5.5, 15.0625, 5.6875], "texture": "#2"},
				"up": {"uv": [6.1875, 15.0625, 6, 15], "texture": "#2"},
				"down": {"uv": [15.1875, 6, 15, 6.0625], "texture": "#2"}
			}
		},
		{
			"from": [8.075, 24.275, 8.19],
			"to": [8.675, 24.775, 8.315],
			"faces": {
				"north": {"uv": [4, 11, 4.3125, 11.25], "texture": "#2"},
				"east": {"uv": [0.5, 15, 0.5625, 15.25], "texture": "#2"},
				"south": {"uv": [4, 11, 4.3125, 11.25], "texture": "#2"},
				"west": {"uv": [15, 0.5, 15.0625, 0.75], "texture": "#2"},
				"up": {"uv": [14.8125, 3.5625, 14.5, 3.5], "texture": "#2"},
				"down": {"uv": [4.3125, 14.5, 4, 14.5625], "texture": "#2"}
			}
		},
		{
			"from": [8, 23.275, 8.19],
			"to": [8.75, 24.275, 8.315],
			"faces": {
				"north": {"uv": [6, 3.5, 6.375, 4], "texture": "#2"},
				"east": {"uv": [9.5, 14, 9.5625, 14.5], "texture": "#2"},
				"south": {"uv": [6, 3.5, 6.375, 4], "texture": "#2"},
				"west": {"uv": [14, 9.5, 14.0625, 10], "texture": "#2"},
				"up": {"uv": [14.875, 0.5625, 14.5, 0.5], "texture": "#2"},
				"down": {"uv": [1.375, 14.5, 1, 14.5625], "texture": "#2"}
			}
		},
		{
			"from": [8.15, 24.275, 8.125],
			"to": [8.6, 24.775, 8.375],
			"faces": {
				"north": {"uv": [10, 11, 10.25, 11.25], "texture": "#2"},
				"east": {"uv": [10, 14, 10.125, 14.25], "texture": "#2"},
				"south": {"uv": [10, 11, 10.25, 11.25], "texture": "#2"},
				"west": {"uv": [14, 10, 14.125, 10.25], "texture": "#2"},
				"up": {"uv": [10.75, 14.125, 10.5, 14], "texture": "#2"},
				"down": {"uv": [14.25, 10.5, 14, 10.625], "texture": "#2"}
			}
		},
		{
			"from": [8.075, 23.275, 8.125],
			"to": [8.675, 24.275, 8.375],
			"faces": {
				"north": {"uv": [7, 3.5, 7.3125, 4], "texture": "#2"},
				"east": {"uv": [11, 10.5, 11.125, 11], "texture": "#2"},
				"south": {"uv": [7, 3.5, 7.3125, 4], "texture": "#2"},
				"west": {"uv": [11, 11, 11.125, 11.5], "texture": "#2"},
				"up": {"uv": [1.8125, 13.125, 1.5, 13], "texture": "#2"},
				"down": {"uv": [13.3125, 1.5, 13, 1.625], "texture": "#2"}
			}
		},
		{
			"from": [7.8, 7, 8.125],
			"to": [8.95, 8.925, 8.375],
			"faces": {
				"north": {"uv": [6.5, 0, 7.0625, 0.9375], "texture": "#2"},
				"east": {"uv": [9.5, 7.5, 9.625, 8.4375], "texture": "#2"},
				"south": {"uv": [6.5, 0, 7.0625, 0.9375], "texture": "#2"},
				"west": {"uv": [9.5, 8.5, 9.625, 9.4375], "texture": "#2"},
				"up": {"uv": [9.0625, 11.125, 8.5, 11], "texture": "#2"},
				"down": {"uv": [11.5625, 8.5, 11, 8.625], "texture": "#2"}
			}
		},
		{
			"from": [7.9, 8.925, 8.125],
			"to": [8.85, 10.85, 8.375],
			"faces": {
				"north": {"uv": [2.5, 6.5, 3, 7.4375], "texture": "#2"},
				"east": {"uv": [9, 9.5, 9.125, 10.4375], "texture": "#2"},
				"south": {"uv": [2.5, 6.5, 3, 7.4375], "texture": "#2"},
				"west": {"uv": [9.5, 9.5, 9.625, 10.4375], "texture": "#2"},
				"up": {"uv": [0.5, 11.625, 0, 11.5], "texture": "#2"},
				"down": {"uv": [12, 0, 11.5, 0.125], "texture": "#2"}
			}
		},
		{
			"from": [8, 10.85, 8.125],
			"to": [8.75, 23.275, 8.375],
			"faces": {
				"north": {"uv": [2, 0, 2.375, 6.1875], "texture": "#2"},
				"east": {"uv": [4, 0, 4.125, 6.1875], "texture": "#2"},
				"south": {"uv": [2, 0, 2.375, 6.1875], "texture": "#2"},
				"west": {"uv": [4.5, 0, 4.625, 6.1875], "texture": "#2"},
				"up": {"uv": [1.875, 12.625, 1.5, 12.5], "texture": "#2"},
				"down": {"uv": [12.875, 1.5, 12.5, 1.625], "texture": "#2"}
			}
		},
		{
			"from": [7.775, 10.95, 8.19],
			"to": [8.975, 21.025, 8.315],
			"faces": {
				"north": {"uv": [0, 0, 0.625, 5.0625], "texture": "#2"},
				"east": {"uv": [6.5, 6, 6.5625, 11.0625], "texture": "#2"},
				"south": {"uv": [0, 0, 0.625, 5.0625], "texture": "#2"},
				"west": {"uv": [7, 6, 7.0625, 11.0625], "texture": "#2"},
				"up": {"uv": [2.625, 13.0625, 2, 13], "texture": "#2"},
				"down": {"uv": [3.625, 13, 3, 13.0625], "texture": "#2"}
			}
		},
		{
			"from": [7.7, 7.25, 8.19],
			"to": [9.05, 7.325, 8.315],
			"faces": {
				"north": {"uv": [12.5, 6.5, 13.1875, 6.5625], "texture": "#2"},
				"east": {"uv": [15, 15, 15.0625, 15.0625], "texture": "#2"},
				"south": {"uv": [12.5, 6.5, 13.1875, 6.5625], "texture": "#2"},
				"west": {"uv": [0, 15.5, 0.0625, 15.5625], "texture": "#2"},
				"up": {"uv": [13.1875, 8.5625, 12.5, 8.5], "texture": "#2"},
				"down": {"uv": [9.6875, 12.5, 9, 12.5625], "texture": "#2"}
			}
		},
		{
			"from": [7.625, 7.325, 8.19],
			"to": [9.125, 7.425, 8.315],
			"faces": {
				"north": {"uv": [12.5, 3, 13.25, 3.0625], "texture": "#2"},
				"east": {"uv": [15.5, 0.5, 15.5625, 0.5625], "texture": "#2"},
				"south": {"uv": [12.5, 3, 13.25, 3.0625], "texture": "#2"},
				"west": {"uv": [1, 15.5, 1.0625, 15.5625], "texture": "#2"},
				"up": {"uv": [4.75, 12.5625, 4, 12.5], "texture": "#2"},
				"down": {"uv": [13.25, 4, 12.5, 4.0625], "texture": "#2"}
			}
		},
		{
			"from": [7.5, 7.425, 8.19],
			"to": [9.25, 7.9, 8.315],
			"faces": {
				"north": {"uv": [7.5, 4, 8.375, 4.25], "texture": "#2"},
				"east": {"uv": [1, 15, 1.0625, 15.25], "texture": "#2"},
				"south": {"uv": [7.5, 4, 8.375, 4.25], "texture": "#2"},
				"west": {"uv": [15, 1, 15.0625, 1.25], "texture": "#2"},
				"up": {"uv": [12.875, 7.0625, 12, 7], "texture": "#2"},
				"down": {"uv": [12.875, 7.5, 12, 7.5625], "texture": "#2"}
			}
		},
		{
			"from": [7.575, 7.9, 8.19],
			"to": [9.175, 9.075, 8.315],
			"faces": {
				"north": {"uv": [6.5, 4, 7.3125, 4.5625], "texture": "#2"},
				"east": {"uv": [13, 13, 13.0625, 13.5625], "texture": "#2"},
				"south": {"uv": [6.5, 4, 7.3125, 4.5625], "texture": "#2"},
				"west": {"uv": [13.5, 0, 13.5625, 0.5625], "texture": "#2"},
				"up": {"uv": [12.8125, 8.0625, 12, 8], "texture": "#2"},
				"down": {"uv": [9.3125, 12, 8.5, 12.0625], "texture": "#2"}
			}
		},
		{
			"from": [7.675, 9.075, 8.19],
			"to": [9.075, 10.95, 8.315],
			"faces": {
				"north": {"uv": [1, 5.5, 1.6875, 6.4375], "texture": "#2"},
				"east": {"uv": [2, 11.5, 2.0625, 12.4375], "texture": "#2"},
				"south": {"uv": [1, 5.5, 1.6875, 6.4375], "texture": "#2"},
				"west": {"uv": [2.5, 11.5, 2.5625, 12.4375], "texture": "#2"},
				"up": {"uv": [13.1875, 9.0625, 12.5, 9], "texture": "#2"},
				"down": {"uv": [13.1875, 9.5, 12.5, 9.5625], "texture": "#2"}
			}
		},
		{
			"from": [7.9, 21.025, 8.19],
			"to": [8.85, 23.275, 8.315],
			"faces": {
				"north": {"uv": [5, 6, 5.5, 7.125], "texture": "#2"},
				"east": {"uv": [11, 9, 11.0625, 10.125], "texture": "#2"},
				"south": {"uv": [5, 6, 5.5, 7.125], "texture": "#2"},
				"west": {"uv": [14, 9.5, 14.0625, 10], "texture": "#2"},
				"up": {"uv": [11.5, 14.0625, 11, 14], "texture": "#2"},
				"down": {"uv": [14.5, 11, 14, 11.0625], "texture": "#2"}
			}
		},
		{
			"from": [8.35, 5.6, 9.25],
			"to": [16.35, 21.6, 9.25],
			"rotation": {"angle": 22.5, "axis": "y", "origin": [8.35, 13.6, 9.25]},
			"faces": {
				"south": {"uv": [8.12316, 0, 15.65257, 15.60882], "texture": "#1"}
			}
		},
		{
			"from": [0.35, 5.6, 7.325],
			"to": [8.35, 21.6, 7.325],
			"rotation": {"angle": 22.5, "axis": "y", "origin": [8.35, 13.6, 7.325]},
			"faces": {
				"north": {"uv": [8.11691, 0, 0.5875, 15.55882], "texture": "#1"}
			}
		},
		{
			"from": [0.35, 5.6, 9.25],
			"to": [8.35, 21.6, 9.25],
			"rotation": {"angle": -22.5, "axis": "y", "origin": [8.35, 13.6, 9.25]},
			"faces": {
				"south": {"uv": [0.59375, 0, 8.12316, 15.60882], "texture": "#1"}
			}
		},
		{
			"from": [8.35, 5.6, 7.325],
			"to": [16.35, 21.6, 7.325],
			"rotation": {"angle": -22.5, "axis": "y", "origin": [8.35, 13.6, 7.325]},
			"faces": {
				"north": {"uv": [15.64632, 0, 8.11691, 15.55882], "texture": "#1"}
			}
		}
	],
	"display": {
		"thirdperson_righthand": {
			"rotation": [0, -90, 0],
			"translation": [0.4, 5.086, -0.5],
			"scale": [1.5, 1.5, 1.5]
		},
		"thirdperson_lefthand": {
			"rotation": [0, 90, 0],
			"translation": [-0.4, 4.086, -0.5],
			"scale": [1.5, 1.5, 1.5]
		},
		"firstperson_righthand": {
			"rotation": [-11, 104, 0],
			"translation": [3.85, 3, -0.758],
			"scale": [0.9, 0.9, 0.9]
		},
		"firstperson_lefthand": {
			"rotation": [-11, -76, 0],
			"translation": [3.85, 3, -0.75],
			"scale": [0.9, 0.9, 0.9]
		},
		"ground": {
			"translation": [0, 15, 0],
			"scale": [1.5, 1.5, 1.5]
		},
		"gui": {
			"rotation": [0, 0, -45],
			"translation": [-2.75, -2.25, 0]
		},
		"head": {
			"translation": [0, 24.75, 0],
			"scale": [1.5, 1.5, 1.5]
		},
		"fixed": {
			"rotation": [0, 0, 45],
			"translation": [2.25, -2.75, -1.5]
		}
	}
}