{
	"credit": "Made with Blockbench",
	"texture_size": [32, 32],
	"textures": {
		"1": "item/fire_staff"
	},
	"elements": [
		{
			"from": [8, -0.225, 7.975],
			"to": [8.75, 17.3, 8.525],
			"faces": {
				"north": {"uv": [0, 0, 0.375, 8.75], "texture": "#1"},
				"east": {"uv": [1, 0, 1.25, 8.75], "texture": "#1"},
				"south": {"uv": [0.5, 0, 0.875, 8.75], "texture": "#1"},
				"west": {"uv": [1.5, 0, 1.75, 8.75], "texture": "#1"},
				"up": {"uv": [10.375, 6.25, 10, 6], "texture": "#1"},
				"down": {"uv": [10.375, 6.5, 10, 6.75], "texture": "#1"}
			}
		},
		{
			"from": [7.85, 17.3, 7.725],
			"to": [8.875, 18.425, 8.775],
			"rotation": {"angle": 0, "axis": "y", "origin": [8.3625, 17.8625, 8.25]},
			"faces": {
				"north": {"uv": [5.5, 0, 6, 0.5625], "texture": "#1"},
				"east": {"uv": [5.5, 0, 6, 0.5625], "texture": "#1"},
				"south": {"uv": [5.5, 0, 6, 0.5625], "texture": "#1"},
				"west": {"uv": [5.5, 0, 6, 0.5625], "texture": "#1"},
				"up": {"uv": [6, 2.5, 5.5, 2], "texture": "#1"},
				"down": {"uv": [6, 2.5, 5.5, 2], "texture": "#1"}
			}
		},
		{
			"from": [7.9, 18.425, 7.775],
			"to": [8.825, 18.525, 8.725],
			"rotation": {"angle": 0, "axis": "y", "origin": [-0.025, 0, 0]},
			"faces": {
				"north": {"uv": [11.5, 11, 11.9375, 11.0625], "texture": "#1"},
				"east": {"uv": [11.5, 11, 11.9375, 11.0625], "texture": "#1"},
				"south": {"uv": [11.5, 11, 11.9375, 11.0625], "texture": "#1"},
				"west": {"uv": [11.5, 11, 11.9375, 11.0625], "texture": "#1"},
				"up": {"uv": [6.4375, 3.5, 6, 3], "texture": "#1"},
				"down": {"uv": [3.9375, 6, 3.5, 6.5], "texture": "#1"}
			}
		},
		{
			"from": [8.025, 18.525, 7.925],
			"to": [8.7, 18.625, 8.575],
			"rotation": {"angle": 0, "axis": "y", "origin": [-0.025, 0, 0]},
			"faces": {
				"north": {"uv": [12, 1.5, 12.3125, 1.5625], "texture": "#1"},
				"east": {"uv": [12, 1.5, 12.3125, 1.5625], "texture": "#1"},
				"south": {"uv": [12, 1.5, 12.3125, 1.5625], "texture": "#1"},
				"west": {"uv": [12, 1.5, 12.3125, 1.5625], "texture": "#1"},
				"up": {"uv": [10.3125, 3.3125, 10, 3], "texture": "#1"},
				"down": {"uv": [10.3125, 3.5, 10, 3.8125], "texture": "#1"}
			}
		},
		{
			"from": [7.9, 17.2, 7.775],
			"to": [8.825, 17.3, 8.725],
			"rotation": {"angle": 0, "axis": "y", "origin": [-0.025, 0, 0]},
			"faces": {
				"north": {"uv": [0, 12, 0.4375, 12.0625], "texture": "#1"},
				"east": {"uv": [0, 12, 0.4375, 12.0625], "texture": "#1"},
				"south": {"uv": [0, 12, 0.4375, 12.0625], "texture": "#1"},
				"west": {"uv": [0, 12, 0.4375, 12.0625], "texture": "#1"},
				"up": {"uv": [6.4375, 4, 6, 3.5], "texture": "#1"},
				"down": {"uv": [6.4375, 3.5, 6, 3], "texture": "#1"}
			}
		},
		{
			"from": [7.95, -1.675, 7.925],
			"to": [8.8, -0.225, 8.575],
			"faces": {
				"north": {"uv": [2.5, 5, 2.9375, 5.75], "texture": "#1"},
				"east": {"uv": [5.5, 5, 5.8125, 5.75], "texture": "#1"},
				"south": {"uv": [2.5, 5, 2.9375, 5.75], "texture": "#1"},
				"west": {"uv": [6, 0, 6.3125, 0.75], "texture": "#1"},
				"up": {"uv": [1.9375, 9.8125, 1.5, 9.5], "texture": "#1"},
				"down": {"uv": [9.9375, 1.5, 9.5, 1.8125], "texture": "#1"}
			}
		},
		{
			"from": [7.775, -2.9, 8],
			"to": [8.975, -1.025, 8.5],
			"faces": {
				"north": {"uv": [2, 0, 2.625, 0.9375], "texture": "#1"},
				"east": {"uv": [6, 2, 6.25, 2.9375], "texture": "#1"},
				"south": {"uv": [2, 0, 2.625, 0.9375], "texture": "#1"},
				"west": {"uv": [6, 2, 6.25, 2.9375], "texture": "#1"},
				"up": {"uv": [8.625, 8.25, 8, 8], "texture": "#1"},
				"down": {"uv": [9.125, 0, 8.5, 0.25], "texture": "#1"}
			}
		},
		{
			"from": [8.975, -2.025, 8.025],
			"to": [9.175, -0.725, 8.475],
			"faces": {
				"north": {"uv": [9, 10, 9.125, 10.625], "texture": "#1"},
				"east": {"uv": [8.5, 0.5, 8.75, 1.125], "texture": "#1"},
				"south": {"uv": [9.125, 10, 9, 10.625], "texture": "#1"},
				"west": {"uv": [8.5, 1.5, 8.75, 2.125], "texture": "#1"},
				"up": {"uv": [10.125, 11.75, 10, 11.5], "texture": "#1"},
				"down": {"uv": [11.625, 10, 11.5, 10.25], "texture": "#1"}
			}
		},
		{
			"from": [9.175, -1.55, 8.05],
			"to": [9.325, -0.375, 8.45],
			"faces": {
				"north": {"uv": [6.5, 11.5, 6.5625, 12.0625], "texture": "#1"},
				"east": {"uv": [1, 10, 1.1875, 10.5625], "texture": "#1"},
				"south": {"uv": [6.5, 11.5, 6.5625, 12.0625], "texture": "#1"},
				"west": {"uv": [1.5, 10, 1.6875, 10.5625], "texture": "#1"},
				"up": {"uv": [12.0625, 5.6875, 12, 5.5], "texture": "#1"},
				"down": {"uv": [6.0625, 12, 6, 12.1875], "texture": "#1"}
			}
		},
		{
			"from": [7.575, -2.025, 8.025],
			"to": [7.775, -0.725, 8.475],
			"faces": {
				"north": {"uv": [9.5, 10, 9.625, 10.625], "texture": "#1"},
				"east": {"uv": [8.5, 2.5, 8.75, 3.125], "texture": "#1"},
				"south": {"uv": [9.625, 10, 9.5, 10.625], "texture": "#1"},
				"west": {"uv": [3.5, 8.5, 3.75, 9.125], "texture": "#1"},
				"up": {"uv": [10.625, 11.75, 10.5, 11.5], "texture": "#1"},
				"down": {"uv": [11.625, 10.5, 11.5, 10.75], "texture": "#1"}
			}
		},
		{
			"from": [7.925, -4.075, 8.025],
			"to": [8.825, -2.9, 8.475],
			"faces": {
				"north": {"uv": [5.5, 3, 5.9375, 3.5625], "texture": "#1"},
				"east": {"uv": [8.5, 4.5, 8.75, 5.0625], "texture": "#1"},
				"south": {"uv": [5.5, 3, 5.9375, 3.5625], "texture": "#1"},
				"west": {"uv": [8.5, 4.5, 8.75, 5.0625], "texture": "#1"},
				"up": {"uv": [9.9375, 9.75, 9.5, 9.5], "texture": "#1"},
				"down": {"uv": [0.4375, 10, 0, 10.25], "texture": "#1"}
			}
		},
		{
			"from": [8.075, -5.6, 8.05],
			"to": [8.675, -4.075, 8.45],
			"faces": {
				"north": {"uv": [2.5, 6, 2.8125, 6.75], "texture": "#1"},
				"east": {"uv": [8.5, 6.5, 8.6875, 7.25], "texture": "#1"},
				"south": {"uv": [2.5, 6, 2.8125, 6.75], "texture": "#1"},
				"west": {"uv": [8.5, 6.5, 8.6875, 7.25], "texture": "#1"},
				"up": {"uv": [2.8125, 10.6875, 2.5, 10.5], "texture": "#1"},
				"down": {"uv": [10.8125, 2.5, 10.5, 2.6875], "texture": "#1"}
			}
		},
		{
			"from": [8.175, -7, 8.075],
			"to": [8.575, -5.6, 8.425],
			"faces": {
				"north": {"uv": [5.5, 9.5, 5.6875, 10.1875], "texture": "#1"},
				"east": {"uv": [7.5, 9.5, 7.6875, 10.1875], "texture": "#1"},
				"south": {"uv": [5.5, 9.5, 5.6875, 10.1875], "texture": "#1"},
				"west": {"uv": [7.5, 9.5, 7.6875, 10.1875], "texture": "#1"},
				"up": {"uv": [8.1875, 11.6875, 8, 11.5], "texture": "#1"},
				"down": {"uv": [11.6875, 8, 11.5, 8.1875], "texture": "#1"}
			}
		},
		{
			"from": [9.325, -0.95, 8.075],
			"to": [9.475, -0.225, 8.425],
			"faces": {
				"north": {"uv": [12, 0, 12.0625, 0.375], "texture": "#1"},
				"east": {"uv": [0, 10.5, 0.1875, 10.875], "texture": "#1"},
				"south": {"uv": [12, 0, 12.0625, 0.375], "texture": "#1"},
				"west": {"uv": [10.5, 0, 10.6875, 0.375], "texture": "#1"},
				"up": {"uv": [12.0625, 7.1875, 12, 7], "texture": "#1"},
				"down": {"uv": [12.0625, 7.5, 12, 7.6875], "texture": "#1"}
			}
		},
		{
			"from": [7.275, -0.95, 8.075],
			"to": [7.425, -0.225, 8.425],
			"faces": {
				"north": {"uv": [12, 0.5, 12.0625, 0.875], "texture": "#1"},
				"east": {"uv": [10.5, 0.5, 10.6875, 0.875], "texture": "#1"},
				"south": {"uv": [12, 0.5, 12.0625, 0.875], "texture": "#1"},
				"west": {"uv": [10.5, 1, 10.6875, 1.375], "texture": "#1"},
				"up": {"uv": [8.0625, 12.1875, 8, 12], "texture": "#1"},
				"down": {"uv": [12.0625, 8, 12, 8.1875], "texture": "#1"}
			}
		},
		{
			"from": [8.25, -8.375, 8.1],
			"to": [8.5, -7, 8.4],
			"faces": {
				"north": {"uv": [10, 7, 10.125, 7.6875], "texture": "#1"},
				"east": {"uv": [8.5, 10, 8.625, 10.6875], "texture": "#1"},
				"south": {"uv": [10, 7, 10.125, 7.6875], "texture": "#1"},
				"west": {"uv": [8.5, 10, 8.625, 10.6875], "texture": "#1"},
				"up": {"uv": [12.125, 2.125, 12, 2], "texture": "#1"},
				"down": {"uv": [2.625, 12, 2.5, 12.125], "texture": "#1"}
			}
		},
		{
			"from": [7.95, 11.35, 7.925],
			"to": [8.8, 11.55, 8.575],
			"faces": {
				"north": {"uv": [10.5, 4, 10.9375, 4.125], "texture": "#1"},
				"east": {"uv": [11, 6.5, 11.3125, 6.625], "texture": "#1"},
				"south": {"uv": [10.5, 4.5, 10.9375, 4.625], "texture": "#1"},
				"west": {"uv": [7, 11, 7.3125, 11.125], "texture": "#1"},
				"up": {"uv": [8.9375, 8.8125, 8.5, 8.5], "texture": "#1"},
				"down": {"uv": [0.4375, 9, 0, 9.3125], "texture": "#1"}
			}
		},
		{
			"from": [7.95, 11.15, 7.925],
			"to": [8.8, 11.35, 8.575],
			"rotation": {"angle": 0, "axis": "y", "origin": [0, 16, 0]},
			"faces": {
				"north": {"uv": [10.5, 3, 10.9375, 3.125], "texture": "#1"},
				"east": {"uv": [11, 6, 11.3125, 6.125], "texture": "#1"},
				"south": {"uv": [10.5, 3.5, 10.9375, 3.625], "texture": "#1"},
				"west": {"uv": [6.5, 11, 6.8125, 11.125], "texture": "#1"},
				"up": {"uv": [8.9375, 7.8125, 8.5, 7.5], "texture": "#1"},
				"down": {"uv": [8.4375, 8.5, 8, 8.8125], "texture": "#1"}
			}
		},
		{
			"from": [7.95, 10.9, 7.925],
			"to": [8.8, 11.1, 8.575],
			"faces": {
				"north": {"uv": [10.5, 4, 10.9375, 4.125], "texture": "#1"},
				"east": {"uv": [11, 6.5, 11.3125, 6.625], "texture": "#1"},
				"south": {"uv": [10.5, 4.5, 10.9375, 4.625], "texture": "#1"},
				"west": {"uv": [7, 11, 7.3125, 11.125], "texture": "#1"},
				"up": {"uv": [8.9375, 8.8125, 8.5, 8.5], "texture": "#1"},
				"down": {"uv": [0.4375, 9, 0, 9.3125], "texture": "#1"}
			}
		},
		{
			"from": [7.95, 10.7, 7.925],
			"to": [8.8, 10.9, 8.575],
			"rotation": {"angle": 0, "axis": "y", "origin": [0, 16, 0]},
			"faces": {
				"north": {"uv": [10.5, 3, 10.9375, 3.125], "texture": "#1"},
				"east": {"uv": [11, 6, 11.3125, 6.125], "texture": "#1"},
				"south": {"uv": [10.5, 3.5, 10.9375, 3.625], "texture": "#1"},
				"west": {"uv": [6.5, 11, 6.8125, 11.125], "texture": "#1"},
				"up": {"uv": [8.9375, 7.8125, 8.5, 7.5], "texture": "#1"},
				"down": {"uv": [8.4375, 8.5, 8, 8.8125], "texture": "#1"}
			}
		},
		{
			"from": [7.95, 9.8, 7.925],
			"to": [8.8, 10, 8.575],
			"rotation": {"angle": 0, "axis": "y", "origin": [0, 16, 0]},
			"faces": {
				"north": {"uv": [10.5, 3, 10.9375, 3.125], "texture": "#1"},
				"east": {"uv": [11, 6, 11.3125, 6.125], "texture": "#1"},
				"south": {"uv": [10.5, 3.5, 10.9375, 3.625], "texture": "#1"},
				"west": {"uv": [6.5, 11, 6.8125, 11.125], "texture": "#1"},
				"up": {"uv": [8.9375, 7.8125, 8.5, 7.5], "texture": "#1"},
				"down": {"uv": [8.4375, 8.5, 8, 8.8125], "texture": "#1"}
			}
		},
		{
			"from": [7.95, 10, 7.925],
			"to": [8.8, 10.2, 8.575],
			"faces": {
				"north": {"uv": [10.5, 4, 10.9375, 4.125], "texture": "#1"},
				"east": {"uv": [11, 6.5, 11.3125, 6.625], "texture": "#1"},
				"south": {"uv": [10.5, 4.5, 10.9375, 4.625], "texture": "#1"},
				"west": {"uv": [7, 11, 7.3125, 11.125], "texture": "#1"},
				"up": {"uv": [8.9375, 8.8125, 8.5, 8.5], "texture": "#1"},
				"down": {"uv": [0.4375, 9, 0, 9.3125], "texture": "#1"}
			}
		},
		{
			"from": [7.95, 10.25, 7.925],
			"to": [8.8, 10.45, 8.575],
			"rotation": {"angle": 0, "axis": "y", "origin": [0, 16, 0]},
			"faces": {
				"north": {"uv": [10.5, 3, 10.9375, 3.125], "texture": "#1"},
				"east": {"uv": [11, 6, 11.3125, 6.125], "texture": "#1"},
				"south": {"uv": [10.5, 3.5, 10.9375, 3.625], "texture": "#1"},
				"west": {"uv": [6.5, 11, 6.8125, 11.125], "texture": "#1"},
				"up": {"uv": [8.9375, 7.8125, 8.5, 7.5], "texture": "#1"},
				"down": {"uv": [8.4375, 8.5, 8, 8.8125], "texture": "#1"}
			}
		},
		{
			"from": [7.95, 10.45, 7.925],
			"to": [8.8, 10.65, 8.575],
			"faces": {
				"north": {"uv": [10.5, 4, 10.9375, 4.125], "texture": "#1"},
				"east": {"uv": [11, 6.5, 11.3125, 6.625], "texture": "#1"},
				"south": {"uv": [10.5, 4.5, 10.9375, 4.625], "texture": "#1"},
				"west": {"uv": [7, 11, 7.3125, 11.125], "texture": "#1"},
				"up": {"uv": [8.9375, 8.8125, 8.5, 8.5], "texture": "#1"},
				"down": {"uv": [0.4375, 9, 0, 9.3125], "texture": "#1"}
			}
		},
		{
			"from": [7.95, 8.65, 7.925],
			"to": [8.8, 8.85, 8.575],
			"faces": {
				"north": {"uv": [10.5, 4, 10.9375, 4.125], "texture": "#1"},
				"east": {"uv": [11, 6.5, 11.3125, 6.625], "texture": "#1"},
				"south": {"uv": [10.5, 4.5, 10.9375, 4.625], "texture": "#1"},
				"west": {"uv": [7, 11, 7.3125, 11.125], "texture": "#1"},
				"up": {"uv": [8.9375, 8.8125, 8.5, 8.5], "texture": "#1"},
				"down": {"uv": [0.4375, 9, 0, 9.3125], "texture": "#1"}
			}
		},
		{
			"from": [7.95, 8.45, 7.925],
			"to": [8.8, 8.65, 8.575],
			"rotation": {"angle": 0, "axis": "y", "origin": [0, 16, 0]},
			"faces": {
				"north": {"uv": [10.5, 3, 10.9375, 3.125], "texture": "#1"},
				"east": {"uv": [11, 6, 11.3125, 6.125], "texture": "#1"},
				"south": {"uv": [10.5, 3.5, 10.9375, 3.625], "texture": "#1"},
				"west": {"uv": [6.5, 11, 6.8125, 11.125], "texture": "#1"},
				"up": {"uv": [8.9375, 7.8125, 8.5, 7.5], "texture": "#1"},
				"down": {"uv": [8.4375, 8.5, 8, 8.8125], "texture": "#1"}
			}
		},
		{
			"from": [7.95, 8.2, 7.925],
			"to": [8.8, 8.4, 8.575],
			"faces": {
				"north": {"uv": [10.5, 4, 10.9375, 4.125], "texture": "#1"},
				"east": {"uv": [11, 6.5, 11.3125, 6.625], "texture": "#1"},
				"south": {"uv": [10.5, 4.5, 10.9375, 4.625], "texture": "#1"},
				"west": {"uv": [7, 11, 7.3125, 11.125], "texture": "#1"},
				"up": {"uv": [8.9375, 8.8125, 8.5, 8.5], "texture": "#1"},
				"down": {"uv": [0.4375, 9, 0, 9.3125], "texture": "#1"}
			}
		},
		{
			"from": [7.95, 8, 7.925],
			"to": [8.8, 8.2, 8.575],
			"rotation": {"angle": 0, "axis": "y", "origin": [0, 16, 0]},
			"faces": {
				"north": {"uv": [10.5, 3, 10.9375, 3.125], "texture": "#1"},
				"east": {"uv": [11, 6, 11.3125, 6.125], "texture": "#1"},
				"south": {"uv": [10.5, 3.5, 10.9375, 3.625], "texture": "#1"},
				"west": {"uv": [6.5, 11, 6.8125, 11.125], "texture": "#1"},
				"up": {"uv": [8.9375, 7.8125, 8.5, 7.5], "texture": "#1"},
				"down": {"uv": [8.4375, 8.5, 8, 8.8125], "texture": "#1"}
			}
		},
		{
			"from": [7.95, 8.9, 7.925],
			"to": [8.8, 9.1, 8.575],
			"rotation": {"angle": 0, "axis": "y", "origin": [0, 16, 0]},
			"faces": {
				"north": {"uv": [10.5, 3, 10.9375, 3.125], "texture": "#1"},
				"east": {"uv": [11, 6, 11.3125, 6.125], "texture": "#1"},
				"south": {"uv": [10.5, 3.5, 10.9375, 3.625], "texture": "#1"},
				"west": {"uv": [6.5, 11, 6.8125, 11.125], "texture": "#1"},
				"up": {"uv": [8.9375, 7.8125, 8.5, 7.5], "texture": "#1"},
				"down": {"uv": [8.4375, 8.5, 8, 8.8125], "texture": "#1"}
			}
		},
		{
			"from": [7.95, 9.1, 7.925],
			"to": [8.8, 9.3, 8.575],
			"faces": {
				"north": {"uv": [10.5, 4, 10.9375, 4.125], "texture": "#1"},
				"east": {"uv": [11, 6.5, 11.3125, 6.625], "texture": "#1"},
				"south": {"uv": [10.5, 4.5, 10.9375, 4.625], "texture": "#1"},
				"west": {"uv": [7, 11, 7.3125, 11.125], "texture": "#1"},
				"up": {"uv": [8.9375, 8.8125, 8.5, 8.5], "texture": "#1"},
				"down": {"uv": [0.4375, 9, 0, 9.3125], "texture": "#1"}
			}
		},
		{
			"from": [7.95, 9.35, 7.925],
			"to": [8.8, 9.55, 8.575],
			"rotation": {"angle": 0, "axis": "y", "origin": [0, 16, 0]},
			"faces": {
				"north": {"uv": [10.5, 3, 10.9375, 3.125], "texture": "#1"},
				"east": {"uv": [11, 6, 11.3125, 6.125], "texture": "#1"},
				"south": {"uv": [10.5, 3.5, 10.9375, 3.625], "texture": "#1"},
				"west": {"uv": [6.5, 11, 6.8125, 11.125], "texture": "#1"},
				"up": {"uv": [8.9375, 7.8125, 8.5, 7.5], "texture": "#1"},
				"down": {"uv": [8.4375, 8.5, 8, 8.8125], "texture": "#1"}
			}
		},
		{
			"from": [7.95, 9.55, 7.925],
			"to": [8.8, 9.75, 8.575],
			"faces": {
				"north": {"uv": [10.5, 4, 10.9375, 4.125], "texture": "#1"},
				"east": {"uv": [11, 6.5, 11.3125, 6.625], "texture": "#1"},
				"south": {"uv": [10.5, 4.5, 10.9375, 4.625], "texture": "#1"},
				"west": {"uv": [7, 11, 7.3125, 11.125], "texture": "#1"},
				"up": {"uv": [8.9375, 8.8125, 8.5, 8.5], "texture": "#1"},
				"down": {"uv": [0.4375, 9, 0, 9.3125], "texture": "#1"}
			}
		},
		{
			"from": [7.95, 7.55, 7.925],
			"to": [8.8, 7.75, 8.575],
			"rotation": {"angle": 0, "axis": "y", "origin": [0, 16, 0]},
			"faces": {
				"north": {"uv": [10.5, 3, 10.9375, 3.125], "texture": "#1"},
				"east": {"uv": [11, 6, 11.3125, 6.125], "texture": "#1"},
				"south": {"uv": [10.5, 3.5, 10.9375, 3.625], "texture": "#1"},
				"west": {"uv": [6.5, 11, 6.8125, 11.125], "texture": "#1"},
				"up": {"uv": [8.9375, 7.8125, 8.5, 7.5], "texture": "#1"},
				"down": {"uv": [8.4375, 8.5, 8, 8.8125], "texture": "#1"}
			}
		},
		{
			"from": [7.95, 7.75, 7.925],
			"to": [8.8, 7.95, 8.575],
			"faces": {
				"north": {"uv": [10.5, 4, 10.9375, 4.125], "texture": "#1"},
				"east": {"uv": [11, 6.5, 11.3125, 6.625], "texture": "#1"},
				"south": {"uv": [10.5, 4.5, 10.9375, 4.625], "texture": "#1"},
				"west": {"uv": [7, 11, 7.3125, 11.125], "texture": "#1"},
				"up": {"uv": [8.9375, 8.8125, 8.5, 8.5], "texture": "#1"},
				"down": {"uv": [0.4375, 9, 0, 9.3125], "texture": "#1"}
			}
		},
		{
			"from": [8.25, 20.825, 9.2],
			"to": [8.45, 23.9, 9.35],
			"rotation": {"angle": -45, "axis": "y", "origin": [8.35, 19.91875, 8.25]},
			"faces": {
				"north": {"uv": [3.5, 6.5, 3.625, 8.0625], "texture": "#1"},
				"east": {"uv": [6, 10, 6.0625, 11.5625], "texture": "#1"},
				"south": {"uv": [6.5, 2, 6.625, 3.5625], "texture": "#1"},
				"west": {"uv": [6, 10, 6.0625, 11.5625], "texture": "#1"},
				"up": {"uv": [11.0625, 12.125, 11, 12], "rotation": 90, "texture": "#1"},
				"down": {"uv": [12.0625, 11, 12, 11.125], "rotation": 270, "texture": "#1"}
			}
		},
		{
			"from": [8.225, 20.55, 9.35],
			"to": [8.475, 23.625, 9.5],
			"rotation": {"angle": -45, "axis": "y", "origin": [8.35, 19.91875, 8.25]},
			"faces": {
				"north": {"uv": [6.5, 0, 6.625, 1.5625], "texture": "#1"},
				"east": {"uv": [10, 4, 10.0625, 5.5625], "texture": "#1"},
				"south": {"uv": [5.5, 6, 5.625, 7.5625], "texture": "#1"},
				"west": {"uv": [10, 4, 10.0625, 5.5625], "texture": "#1"},
				"up": {"uv": [10.5625, 12.125, 10.5, 12], "rotation": 90, "texture": "#1"},
				"down": {"uv": [12.0625, 10.5, 12, 10.625], "rotation": 270, "texture": "#1"}
			}
		},
		{
			"from": [8.2, 19.975, 9.5],
			"to": [8.5, 23.35, 9.65],
			"rotation": {"angle": -45, "axis": "y", "origin": [8.35, 19.91875, 8.25]},
			"faces": {
				"north": {"uv": [5, 6, 5.125, 7.6875], "texture": "#1"},
				"east": {"uv": [0.5, 10, 0.5625, 11.6875], "texture": "#1"},
				"south": {"uv": [6, 4.5, 6.125, 6.1875], "texture": "#1"},
				"west": {"uv": [0.5, 10, 0.5625, 11.6875], "texture": "#1"},
				"up": {"uv": [10.0625, 12.125, 10, 12], "rotation": 90, "texture": "#1"},
				"down": {"uv": [12.0625, 10, 12, 10.125], "rotation": 270, "texture": "#1"}
			}
		},
		{
			"from": [8.1, 17.5, 8.725],
			"to": [8.6, 18.35, 9.2],
			"rotation": {"angle": -45, "axis": "y", "origin": [8.35, 19.91875, 8.25]},
			"faces": {
				"north": {"uv": [9.5, 9, 9.75, 9.4375], "texture": "#1"},
				"east": {"uv": [9, 9.5, 9.25, 9.9375], "texture": "#1"},
				"south": {"uv": [9.5, 8.5, 9.75, 8.9375], "texture": "#1"},
				"west": {"uv": [9.25, 9.5, 9, 9.9375], "texture": "#1"},
				"up": {"uv": [10.75, 1.75, 10.5, 1.5], "rotation": 90, "texture": "#1"},
				"down": {"uv": [10.75, 2, 10.5, 2.25], "rotation": 270, "texture": "#1"}
			}
		},
		{
			"from": [8.1, 17.375, 9.2],
			"to": [8.6, 18.4, 9.35],
			"rotation": {"angle": -45, "axis": "y", "origin": [8.35, 19.91875, 8.25]},
			"faces": {
				"north": {"uv": [9.5, 8, 9.75, 8.5], "texture": "#1"},
				"east": {"uv": [11.5, 9.5, 11.5625, 10], "texture": "#1"},
				"south": {"uv": [8, 9.5, 8.25, 10], "texture": "#1"},
				"west": {"uv": [11.5, 9.5, 11.5625, 10], "texture": "#1"},
				"up": {"uv": [12.0625, 3.25, 12, 3], "rotation": 90, "texture": "#1"},
				"down": {"uv": [3.5625, 12, 3.5, 12.25], "rotation": 270, "texture": "#1"}
			}
		},
		{
			"from": [8.125, 17.3, 9.35],
			"to": [8.575, 18.6, 9.5],
			"rotation": {"angle": -45, "axis": "y", "origin": [8.35, 19.91875, 8.25]},
			"faces": {
				"north": {"uv": [8, 7, 8.25, 7.625], "texture": "#1"},
				"east": {"uv": [11.5, 6, 11.5625, 6.625], "texture": "#1"},
				"south": {"uv": [8, 6, 8.25, 6.625], "texture": "#1"},
				"west": {"uv": [11.5, 6, 11.5625, 6.625], "texture": "#1"},
				"up": {"uv": [12.0625, 2.75, 12, 2.5], "rotation": 90, "texture": "#1"},
				"down": {"uv": [3.0625, 12, 3, 12.25], "rotation": 270, "texture": "#1"}
			}
		},
		{
			"from": [8.15, 17.175, 9.5],
			"to": [8.55, 18.95, 9.65],
			"rotation": {"angle": -45, "axis": "y", "origin": [8.35, 19.91875, 8.25]},
			"faces": {
				"north": {"uv": [5.5, 8, 5.6875, 8.875], "texture": "#1"},
				"east": {"uv": [5.5, 11, 5.5625, 11.875], "texture": "#1"},
				"south": {"uv": [5, 8, 5.1875, 8.875], "texture": "#1"},
				"west": {"uv": [5.5, 11, 5.5625, 11.875], "texture": "#1"},
				"up": {"uv": [12.0625, 5.1875, 12, 5], "rotation": 90, "texture": "#1"},
				"down": {"uv": [5.5625, 12, 5.5, 12.1875], "rotation": 270, "texture": "#1"}
			}
		},
		{
			"from": [8.175, 17, 9.65],
			"to": [8.525, 23.05, 9.8],
			"rotation": {"angle": -45, "axis": "y", "origin": [8.35, 19.91875, 8.25]},
			"faces": {
				"north": {"uv": [3.5, 3, 3.6875, 6], "texture": "#1"},
				"east": {"uv": [8, 3, 8.0625, 6], "texture": "#1"},
				"south": {"uv": [3.5, 0, 3.6875, 3], "texture": "#1"},
				"west": {"uv": [8, 3, 8.0625, 6], "texture": "#1"},
				"up": {"uv": [12.0625, 4.6875, 12, 4.5], "rotation": 90, "texture": "#1"},
				"down": {"uv": [5.0625, 12, 5, 12.1875], "rotation": 270, "texture": "#1"}
			}
		},
		{
			"from": [8.15, 16.8, 9.8],
			"to": [8.55, 22.75, 9.95],
			"rotation": {"angle": -45, "axis": "y", "origin": [8.35, 19.91875, 8.25]},
			"faces": {
				"north": {"uv": [3, 3, 3.1875, 6], "texture": "#1"},
				"east": {"uv": [8, 0, 8.0625, 3], "texture": "#1"},
				"south": {"uv": [3, 0, 3.1875, 3], "texture": "#1"},
				"west": {"uv": [8, 0, 8.0625, 3], "texture": "#1"},
				"up": {"uv": [12.0625, 4.1875, 12, 4], "rotation": 90, "texture": "#1"},
				"down": {"uv": [4.5625, 12, 4.5, 12.1875], "rotation": 270, "texture": "#1"}
			}
		},
		{
			"from": [8.175, 16.525, 9.95],
			"to": [8.525, 22.475, 10.1],
			"rotation": {"angle": -45, "axis": "y", "origin": [8.35, 19.91875, 8.25]},
			"faces": {
				"north": {"uv": [2.5, 2, 2.6875, 5], "texture": "#1"},
				"east": {"uv": [7.5, 6, 7.5625, 9], "texture": "#1"},
				"south": {"uv": [2, 2, 2.1875, 5], "texture": "#1"},
				"west": {"uv": [7.5, 6, 7.5625, 9], "texture": "#1"},
				"up": {"uv": [12.0625, 3.6875, 12, 3.5], "rotation": 90, "texture": "#1"},
				"down": {"uv": [4.0625, 12, 4, 12.1875], "rotation": 270, "texture": "#1"}
			}
		},
		{
			"from": [8.2, 16.175, 10.1],
			"to": [8.5, 22.25, 10.25],
			"rotation": {"angle": -45, "axis": "y", "origin": [8.35, 19.91875, 8.25]},
			"faces": {
				"north": {"uv": [4.5, 3.5, 4.625, 6.5625], "texture": "#1"},
				"east": {"uv": [2.5, 7, 2.5625, 10.0625], "texture": "#1"},
				"south": {"uv": [4.5, 0, 4.625, 3.0625], "texture": "#1"},
				"west": {"uv": [2.5, 7, 2.5625, 10.0625], "texture": "#1"},
				"up": {"uv": [9.5625, 12.125, 9.5, 12], "rotation": 90, "texture": "#1"},
				"down": {"uv": [12.0625, 9.5, 12, 9.625], "rotation": 270, "texture": "#1"}
			}
		},
		{
			"from": [8.225, 15.575, 10.25],
			"to": [8.475, 21.75, 10.4],
			"rotation": {"angle": -45, "axis": "y", "origin": [8.35, 19.91875, 8.25]},
			"faces": {
				"north": {"uv": [4, 3.5, 4.125, 6.5625], "texture": "#1"},
				"east": {"uv": [6, 6.5, 6.0625, 9.5625], "texture": "#1"},
				"south": {"uv": [4, 0, 4.125, 3.0625], "texture": "#1"},
				"west": {"uv": [6, 6.5, 6.0625, 9.5625], "texture": "#1"},
				"up": {"uv": [9.0625, 12.125, 9, 12], "rotation": 90, "texture": "#1"},
				"down": {"uv": [12.0625, 9, 12, 9.125], "rotation": 270, "texture": "#1"}
			}
		},
		{
			"from": [8.25, 15.075, 10.4],
			"to": [8.45, 21.1, 10.55],
			"rotation": {"angle": -45, "axis": "y", "origin": [8.35, 19.91875, 8.25]},
			"faces": {
				"north": {"uv": [2, 5, 2.125, 8], "texture": "#1"},
				"east": {"uv": [7.5, 0, 7.5625, 3], "texture": "#1"},
				"south": {"uv": [5, 0, 5.125, 3], "texture": "#1"},
				"west": {"uv": [7.5, 0, 7.5625, 3], "texture": "#1"},
				"up": {"uv": [8.5625, 12.125, 8.5, 12], "rotation": 90, "texture": "#1"},
				"down": {"uv": [12.0625, 8.5, 12, 8.625], "rotation": 270, "texture": "#1"}
			}
		},
		{
			"from": [8.275, 13.925, 10.7],
			"to": [8.425, 18.175, 10.85],
			"rotation": {"angle": -45, "axis": "y", "origin": [8.35, 19.91875, 8.25]},
			"faces": {
				"north": {"uv": [5, 9.5, 5.0625, 11.625], "texture": "#1"},
				"east": {"uv": [9.5, 4.5, 9.5625, 6.625], "texture": "#1"},
				"south": {"uv": [3.5, 9.5, 3.5625, 11.625], "texture": "#1"},
				"west": {"uv": [9.5, 4.5, 9.5625, 6.625], "texture": "#1"},
				"up": {"uv": [12.0625, 12.0625, 12, 12], "rotation": 90, "texture": "#1"},
				"down": {"uv": [0.0625, 12.5, 0, 12.5625], "rotation": 270, "texture": "#1"}
			}
		},
		{
			"from": [8.275, 14.575, 10.55],
			"to": [8.425, 20.55, 10.7],
			"rotation": {"angle": -45, "axis": "y", "origin": [8.35, 19.91875, 8.25]},
			"faces": {
				"north": {"uv": [4.5, 7, 4.5625, 10], "texture": "#1"},
				"east": {"uv": [4, 7, 4.0625, 10], "texture": "#1"},
				"south": {"uv": [7, 3.5, 7.0625, 6.5], "texture": "#1"},
				"west": {"uv": [4, 7, 4.0625, 10], "texture": "#1"},
				"up": {"uv": [11.5625, 12.0625, 11.5, 12], "rotation": 90, "texture": "#1"},
				"down": {"uv": [12.0625, 11.5, 12, 11.5625], "rotation": 270, "texture": "#1"}
			}
		},
		{
			"from": [7.425, -1.55, 8.05],
			"to": [7.575, -0.375, 8.45],
			"faces": {
				"north": {"uv": [11.5, 7, 11.5625, 7.5625], "texture": "#1"},
				"east": {"uv": [10, 2, 10.1875, 2.5625], "texture": "#1"},
				"south": {"uv": [11.5, 7, 11.5625, 7.5625], "texture": "#1"},
				"west": {"uv": [3, 10, 3.1875, 10.5625], "texture": "#1"},
				"up": {"uv": [12.0625, 6.1875, 12, 6], "texture": "#1"},
				"down": {"uv": [12.0625, 6.5, 12, 6.6875], "texture": "#1"}
			}
		},
		{
			"from": [8.275, 14.575, 5.8],
			"to": [8.425, 20.55, 5.95],
			"rotation": {"angle": 45, "axis": "y", "origin": [8.35, 19.91875, 8.25]},
			"faces": {
				"north": {"uv": [7, 3.5, 7.0625, 6.5], "texture": "#1"},
				"east": {"uv": [4, 7, 4.0625, 10], "texture": "#1"},
				"south": {"uv": [4.5, 7, 4.5625, 10], "texture": "#1"},
				"west": {"uv": [4, 7, 4.0625, 10], "texture": "#1"},
				"up": {"uv": [11.5625, 12.0625, 11.5, 12], "rotation": 270, "texture": "#1"},
				"down": {"uv": [12.0625, 11.5, 12, 11.5625], "rotation": 90, "texture": "#1"}
			}
		},
		{
			"from": [8.275, 13.925, 5.65],
			"to": [8.425, 18.175, 5.8],
			"rotation": {"angle": 45, "axis": "y", "origin": [8.35, 19.91875, 8.25]},
			"faces": {
				"north": {"uv": [3.5, 9.5, 3.5625, 11.625], "texture": "#1"},
				"east": {"uv": [9.5, 4.5, 9.5625, 6.625], "texture": "#1"},
				"south": {"uv": [5, 9.5, 5.0625, 11.625], "texture": "#1"},
				"west": {"uv": [9.5, 4.5, 9.5625, 6.625], "texture": "#1"},
				"up": {"uv": [12.0625, 12.0625, 12, 12], "rotation": 270, "texture": "#1"},
				"down": {"uv": [0.0625, 12.5, 0, 12.5625], "rotation": 90, "texture": "#1"}
			}
		},
		{
			"from": [8.25, 15.075, 5.95],
			"to": [8.45, 21.1, 6.1],
			"rotation": {"angle": 45, "axis": "y", "origin": [8.35, 19.91875, 8.25]},
			"faces": {
				"north": {"uv": [5, 0, 5.125, 3], "texture": "#1"},
				"east": {"uv": [7.5, 0, 7.5625, 3], "texture": "#1"},
				"south": {"uv": [2, 5, 2.125, 8], "texture": "#1"},
				"west": {"uv": [7.5, 0, 7.5625, 3], "texture": "#1"},
				"up": {"uv": [8.5625, 12.125, 8.5, 12], "rotation": 270, "texture": "#1"},
				"down": {"uv": [12.0625, 8.5, 12, 8.625], "rotation": 90, "texture": "#1"}
			}
		},
		{
			"from": [8.225, 15.575, 6.1],
			"to": [8.475, 21.75, 6.25],
			"rotation": {"angle": 45, "axis": "y", "origin": [8.35, 19.91875, 8.25]},
			"faces": {
				"north": {"uv": [4, 0, 4.125, 3.0625], "texture": "#1"},
				"east": {"uv": [6, 6.5, 6.0625, 9.5625], "texture": "#1"},
				"south": {"uv": [4, 3.5, 4.125, 6.5625], "texture": "#1"},
				"west": {"uv": [6, 6.5, 6.0625, 9.5625], "texture": "#1"},
				"up": {"uv": [9.0625, 12.125, 9, 12], "rotation": 270, "texture": "#1"},
				"down": {"uv": [12.0625, 9, 12, 9.125], "rotation": 90, "texture": "#1"}
			}
		},
		{
			"from": [8.2, 16.175, 6.25],
			"to": [8.5, 22.25, 6.4],
			"rotation": {"angle": 45, "axis": "y", "origin": [8.35, 19.91875, 8.25]},
			"faces": {
				"north": {"uv": [4.5, 0, 4.625, 3.0625], "texture": "#1"},
				"east": {"uv": [2.5, 7, 2.5625, 10.0625], "texture": "#1"},
				"south": {"uv": [4.5, 3.5, 4.625, 6.5625], "texture": "#1"},
				"west": {"uv": [2.5, 7, 2.5625, 10.0625], "texture": "#1"},
				"up": {"uv": [9.5625, 12.125, 9.5, 12], "rotation": 270, "texture": "#1"},
				"down": {"uv": [12.0625, 9.5, 12, 9.625], "rotation": 90, "texture": "#1"}
			}
		},
		{
			"from": [8.175, 16.525, 6.4],
			"to": [8.525, 22.475, 6.55],
			"rotation": {"angle": 45, "axis": "y", "origin": [8.35, 19.91875, 8.25]},
			"faces": {
				"north": {"uv": [2, 2, 2.1875, 5], "texture": "#1"},
				"east": {"uv": [7.5, 6, 7.5625, 9], "texture": "#1"},
				"south": {"uv": [2.5, 2, 2.6875, 5], "texture": "#1"},
				"west": {"uv": [7.5, 6, 7.5625, 9], "texture": "#1"},
				"up": {"uv": [12.0625, 3.6875, 12, 3.5], "rotation": 270, "texture": "#1"},
				"down": {"uv": [4.0625, 12, 4, 12.1875], "rotation": 90, "texture": "#1"}
			}
		},
		{
			"from": [8.15, 16.8, 6.55],
			"to": [8.55, 22.75, 6.7],
			"rotation": {"angle": 45, "axis": "y", "origin": [8.35, 19.91875, 8.25]},
			"faces": {
				"north": {"uv": [3, 0, 3.1875, 3], "texture": "#1"},
				"east": {"uv": [8, 0, 8.0625, 3], "texture": "#1"},
				"south": {"uv": [3, 3, 3.1875, 6], "texture": "#1"},
				"west": {"uv": [8, 0, 8.0625, 3], "texture": "#1"},
				"up": {"uv": [12.0625, 4.1875, 12, 4], "rotation": 270, "texture": "#1"},
				"down": {"uv": [4.5625, 12, 4.5, 12.1875], "rotation": 90, "texture": "#1"}
			}
		},
		{
			"from": [8.175, 17, 6.7],
			"to": [8.525, 23.05, 6.85],
			"rotation": {"angle": 45, "axis": "y", "origin": [8.35, 19.91875, 8.25]},
			"faces": {
				"north": {"uv": [3.5, 0, 3.6875, 3], "texture": "#1"},
				"east": {"uv": [8, 3, 8.0625, 6], "texture": "#1"},
				"south": {"uv": [3.5, 3, 3.6875, 6], "texture": "#1"},
				"west": {"uv": [8, 3, 8.0625, 6], "texture": "#1"},
				"up": {"uv": [12.0625, 4.6875, 12, 4.5], "rotation": 270, "texture": "#1"},
				"down": {"uv": [5.0625, 12, 5, 12.1875], "rotation": 90, "texture": "#1"}
			}
		},
		{
			"from": [8.15, 17.175, 6.85],
			"to": [8.55, 18.95, 7],
			"rotation": {"angle": 45, "axis": "y", "origin": [8.35, 19.91875, 8.25]},
			"faces": {
				"north": {"uv": [5, 8, 5.1875, 8.875], "texture": "#1"},
				"east": {"uv": [5.5, 11, 5.5625, 11.875], "texture": "#1"},
				"south": {"uv": [5.5, 8, 5.6875, 8.875], "texture": "#1"},
				"west": {"uv": [5.5, 11, 5.5625, 11.875], "texture": "#1"},
				"up": {"uv": [12.0625, 5.1875, 12, 5], "rotation": 270, "texture": "#1"},
				"down": {"uv": [5.5625, 12, 5.5, 12.1875], "rotation": 90, "texture": "#1"}
			}
		},
		{
			"from": [8.125, 17.3, 7],
			"to": [8.575, 18.6, 7.15],
			"rotation": {"angle": 45, "axis": "y", "origin": [8.35, 19.91875, 8.25]},
			"faces": {
				"north": {"uv": [8, 6, 8.25, 6.625], "texture": "#1"},
				"east": {"uv": [11.5, 6, 11.5625, 6.625], "texture": "#1"},
				"south": {"uv": [8, 7, 8.25, 7.625], "texture": "#1"},
				"west": {"uv": [11.5, 6, 11.5625, 6.625], "texture": "#1"},
				"up": {"uv": [12.0625, 2.75, 12, 2.5], "rotation": 270, "texture": "#1"},
				"down": {"uv": [3.0625, 12, 3, 12.25], "rotation": 90, "texture": "#1"}
			}
		},
		{
			"from": [8.1, 17.375, 7.15],
			"to": [8.6, 18.4, 7.3],
			"rotation": {"angle": 45, "axis": "y", "origin": [8.35, 19.91875, 8.25]},
			"faces": {
				"north": {"uv": [8, 9.5, 8.25, 10], "texture": "#1"},
				"east": {"uv": [11.5, 9.5, 11.5625, 10], "texture": "#1"},
				"south": {"uv": [9.5, 8, 9.75, 8.5], "texture": "#1"},
				"west": {"uv": [11.5, 9.5, 11.5625, 10], "texture": "#1"},
				"up": {"uv": [12.0625, 3.25, 12, 3], "rotation": 270, "texture": "#1"},
				"down": {"uv": [3.5625, 12, 3.5, 12.25], "rotation": 90, "texture": "#1"}
			}
		},
		{
			"from": [8.1, 17.5, 7.3],
			"to": [8.6, 18.35, 7.775],
			"rotation": {"angle": 45, "axis": "y", "origin": [8.35, 19.91875, 8.25]},
			"faces": {
				"north": {"uv": [9.5, 8.5, 9.75, 8.9375], "texture": "#1"},
				"east": {"uv": [9.25, 9.5, 9, 9.9375], "texture": "#1"},
				"south": {"uv": [9.5, 9, 9.75, 9.4375], "texture": "#1"},
				"west": {"uv": [9, 9.5, 9.25, 9.9375], "texture": "#1"},
				"up": {"uv": [10.75, 1.75, 10.5, 1.5], "rotation": 270, "texture": "#1"},
				"down": {"uv": [10.75, 2, 10.5, 2.25], "rotation": 90, "texture": "#1"}
			}
		},
		{
			"from": [8.2, 19.975, 6.85],
			"to": [8.5, 23.35, 7],
			"rotation": {"angle": 45, "axis": "y", "origin": [8.35, 19.91875, 8.25]},
			"faces": {
				"north": {"uv": [6, 4.5, 6.125, 6.1875], "texture": "#1"},
				"east": {"uv": [0.5, 10, 0.5625, 11.6875], "texture": "#1"},
				"south": {"uv": [5, 6, 5.125, 7.6875], "texture": "#1"},
				"west": {"uv": [0.5, 10, 0.5625, 11.6875], "texture": "#1"},
				"up": {"uv": [10.0625, 12.125, 10, 12], "rotation": 270, "texture": "#1"},
				"down": {"uv": [12.0625, 10, 12, 10.125], "rotation": 90, "texture": "#1"}
			}
		},
		{
			"from": [8.225, 20.55, 7],
			"to": [8.475, 23.625, 7.15],
			"rotation": {"angle": 45, "axis": "y", "origin": [8.35, 19.91875, 8.25]},
			"faces": {
				"north": {"uv": [5.5, 6, 5.625, 7.5625], "texture": "#1"},
				"east": {"uv": [10, 4, 10.0625, 5.5625], "texture": "#1"},
				"south": {"uv": [6.5, 0, 6.625, 1.5625], "texture": "#1"},
				"west": {"uv": [10, 4, 10.0625, 5.5625], "texture": "#1"},
				"up": {"uv": [10.5625, 12.125, 10.5, 12], "rotation": 270, "texture": "#1"},
				"down": {"uv": [12.0625, 10.5, 12, 10.625], "rotation": 90, "texture": "#1"}
			}
		},
		{
			"from": [8.25, 20.825, 7.15],
			"to": [8.45, 23.9, 7.3],
			"rotation": {"angle": 45, "axis": "y", "origin": [8.35, 19.91875, 8.25]},
			"faces": {
				"north": {"uv": [6.5, 2, 6.625, 3.5625], "texture": "#1"},
				"east": {"uv": [6, 10, 6.0625, 11.5625], "texture": "#1"},
				"south": {"uv": [3.5, 6.5, 3.625, 8.0625], "texture": "#1"},
				"west": {"uv": [6, 10, 6.0625, 11.5625], "texture": "#1"},
				"up": {"uv": [11.0625, 12.125, 11, 12], "rotation": 270, "texture": "#1"},
				"down": {"uv": [12.0625, 11, 12, 11.125], "rotation": 90, "texture": "#1"}
			}
		},
		{
			"from": [10.65, 14.575, 8.175],
			"to": [10.8, 20.55, 8.325],
			"rotation": {"angle": 45, "axis": "y", "origin": [8.35, 19.91875, 8.25]},
			"faces": {
				"north": {"uv": [4, 7, 4.0625, 10], "texture": "#1"},
				"east": {"uv": [7, 3.5, 7.0625, 6.5], "texture": "#1"},
				"south": {"uv": [4, 7, 4.0625, 10], "texture": "#1"},
				"west": {"uv": [4.5, 7, 4.5625, 10], "texture": "#1"},
				"up": {"uv": [11.5625, 12.0625, 11.5, 12], "texture": "#1"},
				"down": {"uv": [12.0625, 11.5, 12, 11.5625], "texture": "#1"}
			}
		},
		{
			"from": [10.8, 13.925, 8.175],
			"to": [10.95, 18.175, 8.325],
			"rotation": {"angle": 45, "axis": "y", "origin": [8.35, 19.91875, 8.25]},
			"faces": {
				"north": {"uv": [9.5, 4.5, 9.5625, 6.625], "texture": "#1"},
				"east": {"uv": [3.5, 9.5, 3.5625, 11.625], "texture": "#1"},
				"south": {"uv": [9.5, 4.5, 9.5625, 6.625], "texture": "#1"},
				"west": {"uv": [5, 9.5, 5.0625, 11.625], "texture": "#1"},
				"up": {"uv": [12.0625, 12.0625, 12, 12], "texture": "#1"},
				"down": {"uv": [0.0625, 12.5, 0, 12.5625], "texture": "#1"}
			}
		},
		{
			"from": [10.5, 15.075, 8.15],
			"to": [10.65, 21.1, 8.35],
			"rotation": {"angle": 45, "axis": "y", "origin": [8.35, 19.91875, 8.25]},
			"faces": {
				"north": {"uv": [7.5, 0, 7.5625, 3], "texture": "#1"},
				"east": {"uv": [5, 0, 5.125, 3], "texture": "#1"},
				"south": {"uv": [7.5, 0, 7.5625, 3], "texture": "#1"},
				"west": {"uv": [2, 5, 2.125, 8], "texture": "#1"},
				"up": {"uv": [8.5625, 12.125, 8.5, 12], "texture": "#1"},
				"down": {"uv": [12.0625, 8.5, 12, 8.625], "texture": "#1"}
			}
		},
		{
			"from": [10.35, 15.575, 8.125],
			"to": [10.5, 21.75, 8.375],
			"rotation": {"angle": 45, "axis": "y", "origin": [8.35, 19.91875, 8.25]},
			"faces": {
				"north": {"uv": [6, 6.5, 6.0625, 9.5625], "texture": "#1"},
				"east": {"uv": [4, 0, 4.125, 3.0625], "texture": "#1"},
				"south": {"uv": [6, 6.5, 6.0625, 9.5625], "texture": "#1"},
				"west": {"uv": [4, 3.5, 4.125, 6.5625], "texture": "#1"},
				"up": {"uv": [9.0625, 12.125, 9, 12], "texture": "#1"},
				"down": {"uv": [12.0625, 9, 12, 9.125], "texture": "#1"}
			}
		},
		{
			"from": [10.2, 16.175, 8.1],
			"to": [10.35, 22.25, 8.4],
			"rotation": {"angle": 45, "axis": "y", "origin": [8.35, 19.91875, 8.25]},
			"faces": {
				"north": {"uv": [2.5, 7, 2.5625, 10.0625], "texture": "#1"},
				"east": {"uv": [4.5, 0, 4.625, 3.0625], "texture": "#1"},
				"south": {"uv": [2.5, 7, 2.5625, 10.0625], "texture": "#1"},
				"west": {"uv": [4.5, 3.5, 4.625, 6.5625], "texture": "#1"},
				"up": {"uv": [9.5625, 12.125, 9.5, 12], "texture": "#1"},
				"down": {"uv": [12.0625, 9.5, 12, 9.625], "texture": "#1"}
			}
		},
		{
			"from": [10.05, 16.525, 8.075],
			"to": [10.2, 22.475, 8.425],
			"rotation": {"angle": 45, "axis": "y", "origin": [8.35, 19.91875, 8.25]},
			"faces": {
				"north": {"uv": [7.5, 6, 7.5625, 9], "texture": "#1"},
				"east": {"uv": [2, 2, 2.1875, 5], "texture": "#1"},
				"south": {"uv": [7.5, 6, 7.5625, 9], "texture": "#1"},
				"west": {"uv": [2.5, 2, 2.6875, 5], "texture": "#1"},
				"up": {"uv": [12.0625, 3.6875, 12, 3.5], "texture": "#1"},
				"down": {"uv": [4.0625, 12, 4, 12.1875], "texture": "#1"}
			}
		},
		{
			"from": [9.9, 16.8, 8.05],
			"to": [10.05, 22.75, 8.45],
			"rotation": {"angle": 45, "axis": "y", "origin": [8.35, 19.91875, 8.25]},
			"faces": {
				"north": {"uv": [8, 0, 8.0625, 3], "texture": "#1"},
				"east": {"uv": [3, 0, 3.1875, 3], "texture": "#1"},
				"south": {"uv": [8, 0, 8.0625, 3], "texture": "#1"},
				"west": {"uv": [3, 3, 3.1875, 6], "texture": "#1"},
				"up": {"uv": [12.0625, 4.1875, 12, 4], "texture": "#1"},
				"down": {"uv": [4.5625, 12, 4.5, 12.1875], "texture": "#1"}
			}
		},
		{
			"from": [9.75, 17, 8.075],
			"to": [9.9, 23.05, 8.425],
			"rotation": {"angle": 45, "axis": "y", "origin": [8.35, 19.91875, 8.25]},
			"faces": {
				"north": {"uv": [8, 3, 8.0625, 6], "texture": "#1"},
				"east": {"uv": [3.5, 0, 3.6875, 3], "texture": "#1"},
				"south": {"uv": [8, 3, 8.0625, 6], "texture": "#1"},
				"west": {"uv": [3.5, 3, 3.6875, 6], "texture": "#1"},
				"up": {"uv": [12.0625, 4.6875, 12, 4.5], "texture": "#1"},
				"down": {"uv": [5.0625, 12, 5, 12.1875], "texture": "#1"}
			}
		},
		{
			"from": [9.6, 17.175, 8.05],
			"to": [9.75, 18.95, 8.45],
			"rotation": {"angle": 45, "axis": "y", "origin": [8.35, 19.91875, 8.25]},
			"faces": {
				"north": {"uv": [5.5, 11, 5.5625, 11.875], "texture": "#1"},
				"east": {"uv": [5, 8, 5.1875, 8.875], "texture": "#1"},
				"south": {"uv": [5.5, 11, 5.5625, 11.875], "texture": "#1"},
				"west": {"uv": [5.5, 8, 5.6875, 8.875], "texture": "#1"},
				"up": {"uv": [12.0625, 5.1875, 12, 5], "texture": "#1"},
				"down": {"uv": [5.5625, 12, 5.5, 12.1875], "texture": "#1"}
			}
		},
		{
			"from": [9.45, 17.3, 8.025],
			"to": [9.6, 18.6, 8.475],
			"rotation": {"angle": 45, "axis": "y", "origin": [8.35, 19.91875, 8.25]},
			"faces": {
				"north": {"uv": [11.5, 6, 11.5625, 6.625], "texture": "#1"},
				"east": {"uv": [8, 6, 8.25, 6.625], "texture": "#1"},
				"south": {"uv": [11.5, 6, 11.5625, 6.625], "texture": "#1"},
				"west": {"uv": [8, 7, 8.25, 7.625], "texture": "#1"},
				"up": {"uv": [12.0625, 2.75, 12, 2.5], "texture": "#1"},
				"down": {"uv": [3.0625, 12, 3, 12.25], "texture": "#1"}
			}
		},
		{
			"from": [9.3, 17.375, 8],
			"to": [9.45, 18.4, 8.5],
			"rotation": {"angle": 45, "axis": "y", "origin": [8.35, 19.91875, 8.25]},
			"faces": {
				"north": {"uv": [11.5, 9.5, 11.5625, 10], "texture": "#1"},
				"east": {"uv": [8, 9.5, 8.25, 10], "texture": "#1"},
				"south": {"uv": [11.5, 9.5, 11.5625, 10], "texture": "#1"},
				"west": {"uv": [9.5, 8, 9.75, 8.5], "texture": "#1"},
				"up": {"uv": [12.0625, 3.25, 12, 3], "texture": "#1"},
				"down": {"uv": [3.5625, 12, 3.5, 12.25], "texture": "#1"}
			}
		},
		{
			"from": [8.825, 17.5, 8],
			"to": [9.3, 18.35, 8.5],
			"rotation": {"angle": 45, "axis": "y", "origin": [8.35, 19.91875, 8.25]},
			"faces": {
				"north": {"uv": [9, 9.5, 9.25, 9.9375], "texture": "#1"},
				"east": {"uv": [9.5, 8.5, 9.75, 8.9375], "texture": "#1"},
				"south": {"uv": [9.25, 9.5, 9, 9.9375], "texture": "#1"},
				"west": {"uv": [9.5, 9, 9.75, 9.4375], "texture": "#1"},
				"up": {"uv": [10.75, 1.75, 10.5, 1.5], "texture": "#1"},
				"down": {"uv": [10.75, 2, 10.5, 2.25], "texture": "#1"}
			}
		},
		{
			"from": [9.6, 19.975, 8.1],
			"to": [9.75, 23.35, 8.4],
			"rotation": {"angle": 45, "axis": "y", "origin": [8.35, 19.91875, 8.25]},
			"faces": {
				"north": {"uv": [0.5, 10, 0.5625, 11.6875], "texture": "#1"},
				"east": {"uv": [6, 4.5, 6.125, 6.1875], "texture": "#1"},
				"south": {"uv": [0.5, 10, 0.5625, 11.6875], "texture": "#1"},
				"west": {"uv": [5, 6, 5.125, 7.6875], "texture": "#1"},
				"up": {"uv": [10.0625, 12.125, 10, 12], "texture": "#1"},
				"down": {"uv": [12.0625, 10, 12, 10.125], "texture": "#1"}
			}
		},
		{
			"from": [9.45, 20.55, 8.125],
			"to": [9.6, 23.625, 8.375],
			"rotation": {"angle": 45, "axis": "y", "origin": [8.35, 19.91875, 8.25]},
			"faces": {
				"north": {"uv": [10, 4, 10.0625, 5.5625], "texture": "#1"},
				"east": {"uv": [5.5, 6, 5.625, 7.5625], "texture": "#1"},
				"south": {"uv": [10, 4, 10.0625, 5.5625], "texture": "#1"},
				"west": {"uv": [6.5, 0, 6.625, 1.5625], "texture": "#1"},
				"up": {"uv": [10.5625, 12.125, 10.5, 12], "texture": "#1"},
				"down": {"uv": [12.0625, 10.5, 12, 10.625], "texture": "#1"}
			}
		},
		{
			"from": [9.3, 20.825, 8.15],
			"to": [9.45, 23.9, 8.35],
			"rotation": {"angle": 45, "axis": "y", "origin": [8.35, 19.91875, 8.25]},
			"faces": {
				"north": {"uv": [6, 10, 6.0625, 11.5625], "texture": "#1"},
				"east": {"uv": [6.5, 2, 6.625, 3.5625], "texture": "#1"},
				"south": {"uv": [6, 10, 6.0625, 11.5625], "texture": "#1"},
				"west": {"uv": [3.5, 6.5, 3.625, 8.0625], "texture": "#1"},
				"up": {"uv": [11.0625, 12.125, 11, 12], "texture": "#1"},
				"down": {"uv": [12.0625, 11, 12, 11.125], "texture": "#1"}
			}
		},
		{
			"from": [10.65, 14.575, 8.175],
			"to": [10.8, 20.55, 8.325],
			"rotation": {"angle": -45, "axis": "y", "origin": [8.35, 19.91875, 8.25]},
			"faces": {
				"north": {"uv": [4, 7, 4.0625, 10], "texture": "#1"},
				"east": {"uv": [7, 3.5, 7.0625, 6.5], "texture": "#1"},
				"south": {"uv": [4, 7, 4.0625, 10], "texture": "#1"},
				"west": {"uv": [4.5, 7, 4.5625, 10], "texture": "#1"},
				"up": {"uv": [11.5625, 12.0625, 11.5, 12], "texture": "#1"},
				"down": {"uv": [12.0625, 11.5, 12, 11.5625], "texture": "#1"}
			}
		},
		{
			"from": [10.8, 13.925, 8.175],
			"to": [10.95, 18.175, 8.325],
			"rotation": {"angle": -45, "axis": "y", "origin": [8.35, 19.91875, 8.25]},
			"faces": {
				"north": {"uv": [9.5, 4.5, 9.5625, 6.625], "texture": "#1"},
				"east": {"uv": [3.5, 9.5, 3.5625, 11.625], "texture": "#1"},
				"south": {"uv": [9.5, 4.5, 9.5625, 6.625], "texture": "#1"},
				"west": {"uv": [5, 9.5, 5.0625, 11.625], "texture": "#1"},
				"up": {"uv": [12.0625, 12.0625, 12, 12], "texture": "#1"},
				"down": {"uv": [0.0625, 12.5, 0, 12.5625], "texture": "#1"}
			}
		},
		{
			"from": [10.5, 15.075, 8.15],
			"to": [10.65, 21.1, 8.35],
			"rotation": {"angle": -45, "axis": "y", "origin": [8.35, 19.91875, 8.25]},
			"faces": {
				"north": {"uv": [7.5, 0, 7.5625, 3], "texture": "#1"},
				"east": {"uv": [5, 0, 5.125, 3], "texture": "#1"},
				"south": {"uv": [7.5, 0, 7.5625, 3], "texture": "#1"},
				"west": {"uv": [2, 5, 2.125, 8], "texture": "#1"},
				"up": {"uv": [8.5625, 12.125, 8.5, 12], "texture": "#1"},
				"down": {"uv": [12.0625, 8.5, 12, 8.625], "texture": "#1"}
			}
		},
		{
			"from": [10.35, 15.575, 8.125],
			"to": [10.5, 21.75, 8.375],
			"rotation": {"angle": -45, "axis": "y", "origin": [8.35, 19.91875, 8.25]},
			"faces": {
				"north": {"uv": [6, 6.5, 6.0625, 9.5625], "texture": "#1"},
				"east": {"uv": [4, 0, 4.125, 3.0625], "texture": "#1"},
				"south": {"uv": [6, 6.5, 6.0625, 9.5625], "texture": "#1"},
				"west": {"uv": [4, 3.5, 4.125, 6.5625], "texture": "#1"},
				"up": {"uv": [9.0625, 12.125, 9, 12], "texture": "#1"},
				"down": {"uv": [12.0625, 9, 12, 9.125], "texture": "#1"}
			}
		},
		{
			"from": [10.2, 16.175, 8.1],
			"to": [10.35, 22.25, 8.4],
			"rotation": {"angle": -45, "axis": "y", "origin": [8.35, 19.91875, 8.25]},
			"faces": {
				"north": {"uv": [2.5, 7, 2.5625, 10.0625], "texture": "#1"},
				"east": {"uv": [4.5, 0, 4.625, 3.0625], "texture": "#1"},
				"south": {"uv": [2.5, 7, 2.5625, 10.0625], "texture": "#1"},
				"west": {"uv": [4.5, 3.5, 4.625, 6.5625], "texture": "#1"},
				"up": {"uv": [9.5625, 12.125, 9.5, 12], "texture": "#1"},
				"down": {"uv": [12.0625, 9.5, 12, 9.625], "texture": "#1"}
			}
		},
		{
			"from": [10.05, 16.525, 8.075],
			"to": [10.2, 22.475, 8.425],
			"rotation": {"angle": -45, "axis": "y", "origin": [8.35, 19.91875, 8.25]},
			"faces": {
				"north": {"uv": [7.5, 6, 7.5625, 9], "texture": "#1"},
				"east": {"uv": [2, 2, 2.1875, 5], "texture": "#1"},
				"south": {"uv": [7.5, 6, 7.5625, 9], "texture": "#1"},
				"west": {"uv": [2.5, 2, 2.6875, 5], "texture": "#1"},
				"up": {"uv": [12.0625, 3.6875, 12, 3.5], "texture": "#1"},
				"down": {"uv": [4.0625, 12, 4, 12.1875], "texture": "#1"}
			}
		},
		{
			"from": [9.9, 16.8, 8.05],
			"to": [10.05, 22.75, 8.45],
			"rotation": {"angle": -45, "axis": "y", "origin": [8.35, 19.91875, 8.25]},
			"faces": {
				"north": {"uv": [8, 0, 8.0625, 3], "texture": "#1"},
				"east": {"uv": [3, 0, 3.1875, 3], "texture": "#1"},
				"south": {"uv": [8, 0, 8.0625, 3], "texture": "#1"},
				"west": {"uv": [3, 3, 3.1875, 6], "texture": "#1"},
				"up": {"uv": [12.0625, 4.1875, 12, 4], "texture": "#1"},
				"down": {"uv": [4.5625, 12, 4.5, 12.1875], "texture": "#1"}
			}
		},
		{
			"from": [9.75, 17, 8.075],
			"to": [9.9, 23.05, 8.425],
			"rotation": {"angle": -45, "axis": "y", "origin": [8.35, 19.91875, 8.25]},
			"faces": {
				"north": {"uv": [8, 3, 8.0625, 6], "texture": "#1"},
				"east": {"uv": [3.5, 0, 3.6875, 3], "texture": "#1"},
				"south": {"uv": [8, 3, 8.0625, 6], "texture": "#1"},
				"west": {"uv": [3.5, 3, 3.6875, 6], "texture": "#1"},
				"up": {"uv": [12.0625, 4.6875, 12, 4.5], "texture": "#1"},
				"down": {"uv": [5.0625, 12, 5, 12.1875], "texture": "#1"}
			}
		},
		{
			"from": [9.6, 17.175, 8.05],
			"to": [9.75, 18.95, 8.45],
			"rotation": {"angle": -45, "axis": "y", "origin": [8.35, 19.91875, 8.25]},
			"faces": {
				"north": {"uv": [5.5, 11, 5.5625, 11.875], "texture": "#1"},
				"east": {"uv": [5, 8, 5.1875, 8.875], "texture": "#1"},
				"south": {"uv": [5.5, 11, 5.5625, 11.875], "texture": "#1"},
				"west": {"uv": [5.5, 8, 5.6875, 8.875], "texture": "#1"},
				"up": {"uv": [12.0625, 5.1875, 12, 5], "texture": "#1"},
				"down": {"uv": [5.5625, 12, 5.5, 12.1875], "texture": "#1"}
			}
		},
		{
			"from": [9.45, 17.3, 8.025],
			"to": [9.6, 18.6, 8.475],
			"rotation": {"angle": -45, "axis": "y", "origin": [8.35, 19.91875, 8.25]},
			"faces": {
				"north": {"uv": [11.5, 6, 11.5625, 6.625], "texture": "#1"},
				"east": {"uv": [8, 6, 8.25, 6.625], "texture": "#1"},
				"south": {"uv": [11.5, 6, 11.5625, 6.625], "texture": "#1"},
				"west": {"uv": [8, 7, 8.25, 7.625], "texture": "#1"},
				"up": {"uv": [12.0625, 2.75, 12, 2.5], "texture": "#1"},
				"down": {"uv": [3.0625, 12, 3, 12.25], "texture": "#1"}
			}
		},
		{
			"from": [9.3, 17.375, 8],
			"to": [9.45, 18.4, 8.5],
			"rotation": {"angle": -45, "axis": "y", "origin": [8.35, 19.91875, 8.25]},
			"faces": {
				"north": {"uv": [11.5, 9.5, 11.5625, 10], "texture": "#1"},
				"east": {"uv": [8, 9.5, 8.25, 10], "texture": "#1"},
				"south": {"uv": [11.5, 9.5, 11.5625, 10], "texture": "#1"},
				"west": {"uv": [9.5, 8, 9.75, 8.5], "texture": "#1"},
				"up": {"uv": [12.0625, 3.25, 12, 3], "texture": "#1"},
				"down": {"uv": [3.5625, 12, 3.5, 12.25], "texture": "#1"}
			}
		},
		{
			"from": [8.825, 17.5, 8],
			"to": [9.3, 18.35, 8.5],
			"rotation": {"angle": -45, "axis": "y", "origin": [8.35, 19.91875, 8.25]},
			"faces": {
				"north": {"uv": [9, 9.5, 9.25, 9.9375], "texture": "#1"},
				"east": {"uv": [9.5, 8.5, 9.75, 8.9375], "texture": "#1"},
				"south": {"uv": [9.25, 9.5, 9, 9.9375], "texture": "#1"},
				"west": {"uv": [9.5, 9, 9.75, 9.4375], "texture": "#1"},
				"up": {"uv": [10.75, 1.75, 10.5, 1.5], "texture": "#1"},
				"down": {"uv": [10.75, 2, 10.5, 2.25], "texture": "#1"}
			}
		},
		{
			"from": [9.6, 19.975, 8.1],
			"to": [9.75, 23.35, 8.4],
			"rotation": {"angle": -45, "axis": "y", "origin": [8.35, 19.91875, 8.25]},
			"faces": {
				"north": {"uv": [0.5, 10, 0.5625, 11.6875], "texture": "#1"},
				"east": {"uv": [6, 4.5, 6.125, 6.1875], "texture": "#1"},
				"south": {"uv": [0.5, 10, 0.5625, 11.6875], "texture": "#1"},
				"west": {"uv": [5, 6, 5.125, 7.6875], "texture": "#1"},
				"up": {"uv": [10.0625, 12.125, 10, 12], "texture": "#1"},
				"down": {"uv": [12.0625, 10, 12, 10.125], "texture": "#1"}
			}
		},
		{
			"from": [9.45, 20.55, 8.125],
			"to": [9.6, 23.625, 8.375],
			"rotation": {"angle": -45, "axis": "y", "origin": [8.35, 19.91875, 8.25]},
			"faces": {
				"north": {"uv": [10, 4, 10.0625, 5.5625], "texture": "#1"},
				"east": {"uv": [5.5, 6, 5.625, 7.5625], "texture": "#1"},
				"south": {"uv": [10, 4, 10.0625, 5.5625], "texture": "#1"},
				"west": {"uv": [6.5, 0, 6.625, 1.5625], "texture": "#1"},
				"up": {"uv": [10.5625, 12.125, 10.5, 12], "texture": "#1"},
				"down": {"uv": [12.0625, 10.5, 12, 10.625], "texture": "#1"}
			}
		},
		{
			"from": [9.3, 20.825, 8.15],
			"to": [9.45, 23.9, 8.35],
			"rotation": {"angle": -45, "axis": "y", "origin": [8.35, 19.91875, 8.25]},
			"faces": {
				"north": {"uv": [6, 10, 6.0625, 11.5625], "texture": "#1"},
				"east": {"uv": [6.5, 2, 6.625, 3.5625], "texture": "#1"},
				"south": {"uv": [6, 10, 6.0625, 11.5625], "texture": "#1"},
				"west": {"uv": [3.5, 6.5, 3.625, 8.0625], "texture": "#1"},
				"up": {"uv": [11.0625, 12.125, 11, 12], "texture": "#1"},
				"down": {"uv": [12.0625, 11, 12, 11.125], "texture": "#1"}
			}
		}
	],
	"display": {
		"thirdperson_righthand": {
			"rotation": [0, -90, 0],
			"translation": [0.4, -4.414, -0.5],
			"scale": [1.5, 1.5, 1.5]
		},
		"thirdperson_lefthand": {
			"rotation": [0, 90, 0],
			"translation": [-0.4, 4.086, -0.5],
			"scale": [1.5, 1.5, 1.5]
		},
		"firstperson_righthand": {
			"rotation": [19, 118, -82],
			"translation": [5, -0.5, 2.5],
			"scale": [0.8, 0.8, 0.8]
		},
		"firstperson_lefthand": {
			"rotation": [-11, -76, 0],
			"translation": [3.85, 3, -0.75],
			"scale": [0.9, 0.9, 0.9]
		},
		"ground": {
			"translation": [0, 15, 0],
			"scale": [1.5, 1.5, 1.5]
		},
		"gui": {
			"rotation": [0, 0, -45],
			"translation": [-2.75, -2.25, 0]
		},
		"head": {
			"translation": [0, 24.75, 0],
			"scale": [1.5, 1.5, 1.5]
		},
		"fixed": {
			"rotation": [0, 0, 45],
			"translation": [2.25, -2.75, -1.5]
		}
	}
}