{
	"credit": "Made with Blockbench",
	"texture_size": [32, 32],
	"textures": {
		"0": "item/golden_splitter",
		"particle": "item/golden_splitter"
	},
	"elements": [
		{
			"from": [7.875, -3.5, 7.875],
			"to": [8.125, 8.325, 8.125],
			"rotation": {"angle": 0, "axis": "y", "origin": [8, 8, 8]},
			"faces": {
				"north": {"uv": [0, 0, 0.125, 5.875], "texture": "#0"},
				"east": {"uv": [0.5, 0, 0.625, 5.875], "texture": "#0"},
				"south": {"uv": [1, 0, 1.125, 5.875], "texture": "#0"},
				"west": {"uv": [1.5, 0, 1.625, 5.875], "texture": "#0"},
				"up": {"uv": [12.625, 6.625, 12.5, 6.5], "texture": "#0"},
				"down": {"uv": [7.125, 12.5, 7, 12.625], "texture": "#0"}
			}
		},
		{
			"from": [7.875, -3.525, 7.475],
			"to": [8.125, -2.975, 7.625],
			"rotation": {"angle": 0, "axis": "y", "origin": [8, 8, 8]},
			"faces": {
				"north": {"uv": [12.5, 1.5, 12.625, 1.75], "texture": "#0"},
				"east": {"uv": [2, 12.5, 2.125, 12.75], "texture": "#0"},
				"south": {"uv": [12.5, 2, 12.625, 2.25], "texture": "#0"},
				"west": {"uv": [2.5, 12.5, 2.625, 12.75], "texture": "#0"},
				"up": {"uv": [11.125, 13.125, 11, 13], "texture": "#0"},
				"down": {"uv": [13.125, 11, 13, 11.125], "texture": "#0"}
			}
		},
		{
			"from": [7.725, -3.6, 7.8],
			"to": [8.275, -2.9, 8.45],
			"rotation": {"angle": 0, "axis": "y", "origin": [8, 8, 8]},
			"faces": {
				"north": {"uv": [11, 0, 11.25, 0.375], "texture": "#0"},
				"east": {"uv": [9.5, 8.5, 9.875, 8.875], "texture": "#0"},
				"south": {"uv": [11, 0.5, 11.25, 0.875], "texture": "#0"},
				"west": {"uv": [9, 9.5, 9.375, 9.875], "texture": "#0"},
				"up": {"uv": [11.25, 1.375, 11, 1], "texture": "#0"},
				"down": {"uv": [11.25, 1.5, 11, 1.875], "texture": "#0"}
			}
		},
		{
			"from": [7.825, -4.225, 7.75],
			"to": [8.175, -3.825, 8.5],
			"rotation": {"angle": 0, "axis": "y", "origin": [8, 8, 8]},
			"faces": {
				"north": {"uv": [12.5, 5.5, 12.625, 5.75], "texture": "#0"},
				"east": {"uv": [11, 2, 11.375, 2.25], "texture": "#0"},
				"south": {"uv": [6, 12.5, 6.125, 12.75], "texture": "#0"},
				"west": {"uv": [11, 2.5, 11.375, 2.75], "texture": "#0"},
				"up": {"uv": [12.125, 12.375, 12, 12], "texture": "#0"},
				"down": {"uv": [0.125, 12.5, 0, 12.875], "texture": "#0"}
			}
		},
		{
			"from": [7.85, -4.85, 7.8],
			"to": [8.15, -4.225, 8.45],
			"rotation": {"angle": 0, "axis": "y", "origin": [8, 8, 8]},
			"faces": {
				"north": {"uv": [12.5, 6, 12.625, 6.25], "texture": "#0"},
				"east": {"uv": [11, 3, 11.375, 3.25], "texture": "#0"},
				"south": {"uv": [6.5, 12.5, 6.625, 12.75], "texture": "#0"},
				"west": {"uv": [3.5, 11, 3.875, 11.25], "texture": "#0"},
				"up": {"uv": [12.625, 0.375, 12.5, 0], "texture": "#0"},
				"down": {"uv": [0.625, 12.5, 0.5, 12.875], "texture": "#0"}
			}
		},
		{
			"from": [7.825, 3.5, 7.8],
			"to": [8.175, 4.1, 8.45],
			"rotation": {"angle": 0, "axis": "y", "origin": [8, 8, 8]},
			"faces": {
				"north": {"uv": [6, 12, 6.125, 12.375], "texture": "#0"},
				"east": {"uv": [9.5, 9, 9.875, 9.375], "texture": "#0"},
				"south": {"uv": [12, 6, 12.125, 6.375], "texture": "#0"},
				"west": {"uv": [9.5, 9.5, 9.875, 9.875], "texture": "#0"},
				"up": {"uv": [6.625, 12.375, 6.5, 12], "texture": "#0"},
				"down": {"uv": [12.125, 6.5, 12, 6.875], "texture": "#0"}
			}
		},
		{
			"from": [7.875, -3.525, 8.625],
			"to": [8.125, -2.975, 8.775],
			"rotation": {"angle": 0, "axis": "y", "origin": [8, 8, 8]},
			"faces": {
				"north": {"uv": [12.5, 2.5, 12.625, 2.75], "texture": "#0"},
				"east": {"uv": [3, 12.5, 3.125, 12.75], "texture": "#0"},
				"south": {"uv": [12.5, 3, 12.625, 3.25], "texture": "#0"},
				"west": {"uv": [3.5, 12.5, 3.625, 12.75], "texture": "#0"},
				"up": {"uv": [11.625, 13.125, 11.5, 13], "texture": "#0"},
				"down": {"uv": [13.125, 11.5, 13, 11.625], "texture": "#0"}
			}
		},
		{
			"from": [7.875, -3.5, 8.125],
			"to": [8.125, 8.325, 8.375],
			"rotation": {"angle": 0, "axis": "y", "origin": [8, 8, 8]},
			"faces": {
				"north": {"uv": [2, 0, 2.125, 5.875], "texture": "#0"},
				"east": {"uv": [2.5, 0, 2.625, 5.875], "texture": "#0"},
				"south": {"uv": [3, 0, 3.125, 5.875], "texture": "#0"},
				"west": {"uv": [3.5, 0, 3.625, 5.875], "texture": "#0"},
				"up": {"uv": [12.625, 7.125, 12.5, 7], "texture": "#0"},
				"down": {"uv": [7.625, 12.5, 7.5, 12.625], "texture": "#0"}
			}
		},
		{
			"from": [7.875, -5.5, 7.875],
			"to": [8.125, -2.725, 8.125],
			"rotation": {"angle": 0, "axis": "y", "origin": [8, 8, 8]},
			"faces": {
				"north": {"uv": [0, 5.5, 0.125, 5.875], "texture": "#0"},
				"east": {"uv": [0.5, 5.5, 0.625, 5.875], "texture": "#0"},
				"south": {"uv": [1, 0, 1.125, 5.875], "texture": "#0"},
				"west": {"uv": [1.5, 4.625, 1.625, 5.875], "texture": "#0"},
				"up": {"uv": [12.625, 6.625, 12.5, 6.5], "texture": "#0"},
				"down": {"uv": [7.125, 12.5, 7, 12.625], "texture": "#0"}
			}
		},
		{
			"from": [7.875, -5.5, 8.125],
			"to": [8.125, -2.725, 8.375],
			"rotation": {"angle": 0, "axis": "y", "origin": [8, 8, 8]},
			"faces": {
				"north": {"uv": [2, 0, 2.125, 5.875], "texture": "#0"},
				"east": {"uv": [2.5, 5.5, 2.625, 5.875], "texture": "#0"},
				"south": {"uv": [3, 5.5, 3.125, 5.875], "texture": "#0"},
				"west": {"uv": [3.5, 4.75, 3.625, 5.875], "texture": "#0"},
				"up": {"uv": [12.625, 7.125, 12.5, 7], "texture": "#0"},
				"down": {"uv": [7.625, 12.5, 7.5, 12.625], "texture": "#0"}
			}
		},
		{
			"from": [7.8, -3.825, 7.625],
			"to": [8.2, -2.675, 8.625],
			"rotation": {"angle": 0, "axis": "y", "origin": [8, 8, 8]},
			"faces": {
				"north": {"uv": [6, 9.5, 6.25, 10.125], "texture": "#0"},
				"east": {"uv": [3.5, 9, 4, 9.625], "texture": "#0"},
				"south": {"uv": [9.5, 7.5, 9.75, 8.125], "texture": "#0"},
				"west": {"uv": [9, 6, 9.5, 6.625], "texture": "#0"},
				"up": {"uv": [10.25, 1.5, 10, 1], "texture": "#0"},
				"down": {"uv": [10.25, 1.5, 10, 2], "texture": "#0"}
			}
		},
		{
			"from": [7.875, 3.425, 7.725],
			"to": [8.125, 4.175, 7.875],
			"rotation": {"angle": 0, "axis": "y", "origin": [8, 8, 8]},
			"faces": {
				"north": {"uv": [11, 9, 11.125, 9.375], "texture": "#0"},
				"east": {"uv": [9.5, 11, 9.625, 11.375], "texture": "#0"},
				"south": {"uv": [11, 9.5, 11.125, 9.875], "texture": "#0"},
				"west": {"uv": [10, 11, 10.125, 11.375], "texture": "#0"},
				"up": {"uv": [12.625, 8.125, 12.5, 8], "texture": "#0"},
				"down": {"uv": [8.625, 12.5, 8.5, 12.625], "texture": "#0"}
			}
		},
		{
			"from": [7.875, 3.425, 8.375],
			"to": [8.125, 4.175, 8.525],
			"rotation": {"angle": 0, "axis": "y", "origin": [8, 8, 8]},
			"faces": {
				"north": {"uv": [11, 7.5, 11.125, 7.875], "texture": "#0"},
				"east": {"uv": [11, 8, 11.125, 8.375], "texture": "#0"},
				"south": {"uv": [11, 8.5, 11.125, 8.875], "texture": "#0"},
				"west": {"uv": [9, 11, 9.125, 11.375], "texture": "#0"},
				"up": {"uv": [12.625, 7.625, 12.5, 7.5], "texture": "#0"},
				"down": {"uv": [8.125, 12.5, 8, 12.625], "texture": "#0"}
			}
		},
		{
			"from": [7.775, 5.6, 7.8],
			"to": [8.225, 6.75, 8.45],
			"rotation": {"angle": 0, "axis": "y", "origin": [8, 8, 8]},
			"faces": {
				"north": {"uv": [9, 12, 9.125, 12.375], "texture": "#0"},
				"east": {"uv": [10, 0, 10.375, 0.375], "texture": "#0"},
				"south": {"uv": [12, 9, 12.125, 9.375], "texture": "#0"},
				"west": {"uv": [10, 0.5, 10.375, 0.875], "texture": "#0"},
				"up": {"uv": [9.625, 12.375, 9.5, 12], "texture": "#0"},
				"down": {"uv": [12.125, 9.5, 12, 9.875], "texture": "#0"}
			}
		},
		{
			"from": [7.875, 7.475, 7.725],
			"to": [8.125, 8.175, 7.875],
			"rotation": {"angle": 0, "axis": "y", "origin": [8, 8, 8]},
			"faces": {
				"north": {"uv": [10, 12, 10.125, 12.375], "texture": "#0"},
				"east": {"uv": [12, 10, 12.125, 10.375], "texture": "#0"},
				"south": {"uv": [10.5, 12, 10.625, 12.375], "texture": "#0"},
				"west": {"uv": [12, 10.5, 12.125, 10.875], "texture": "#0"},
				"up": {"uv": [13.625, 2.625, 13.5, 2.5], "texture": "#0"},
				"down": {"uv": [3.125, 13.5, 3, 13.625], "texture": "#0"}
			}
		},
		{
			"from": [7.875, 7.65, 7.6],
			"to": [8.125, 8.025, 7.725],
			"rotation": {"angle": 0, "axis": "y", "origin": [8, 8, 8]},
			"faces": {
				"north": {"uv": [12.5, 3.5, 12.625, 3.75], "texture": "#0"},
				"east": {"uv": [4, 12.5, 4.125, 12.75], "texture": "#0"},
				"south": {"uv": [12.5, 4, 12.625, 4.25], "texture": "#0"},
				"west": {"uv": [4.5, 12.5, 4.625, 12.75], "texture": "#0"},
				"up": {"uv": [13.625, 3.625, 13.5, 3.5], "texture": "#0"},
				"down": {"uv": [4.125, 13.5, 4, 13.625], "texture": "#0"}
			}
		},
		{
			"from": [7.875, 8.325, 8.025],
			"to": [8.125, 8.525, 8.225],
			"rotation": {"angle": 0, "axis": "y", "origin": [8, 8, 8]},
			"faces": {
				"north": {"uv": [13.5, 4.5, 13.625, 4.625], "texture": "#0"},
				"east": {"uv": [5, 13.5, 5.125, 13.625], "texture": "#0"},
				"south": {"uv": [13.5, 5, 13.625, 5.125], "texture": "#0"},
				"west": {"uv": [5.5, 13.5, 5.625, 13.625], "texture": "#0"},
				"up": {"uv": [13.625, 5.625, 13.5, 5.5], "texture": "#0"},
				"down": {"uv": [6.125, 13.5, 6, 13.625], "texture": "#0"}
			}
		},
		{
			"from": [7.875, 7.65, 8.525],
			"to": [8.125, 8.025, 8.65],
			"rotation": {"angle": 0, "axis": "y", "origin": [8, 8, 8]},
			"faces": {
				"north": {"uv": [12.5, 4.5, 12.625, 4.75], "texture": "#0"},
				"east": {"uv": [5, 12.5, 5.125, 12.75], "texture": "#0"},
				"south": {"uv": [12.5, 5, 12.625, 5.25], "texture": "#0"},
				"west": {"uv": [5.5, 12.5, 5.625, 12.75], "texture": "#0"},
				"up": {"uv": [13.625, 4.125, 13.5, 4], "texture": "#0"},
				"down": {"uv": [4.625, 13.5, 4.5, 13.625], "texture": "#0"}
			}
		},
		{
			"from": [7.875, 7.75, 7.425],
			"to": [8.125, 7.925, 7.6],
			"rotation": {"angle": 0, "axis": "y", "origin": [8, 8, 8]},
			"faces": {
				"north": {"uv": [13.5, 7.5, 13.625, 7.625], "texture": "#0"},
				"east": {"uv": [8, 13.5, 8.125, 13.625], "texture": "#0"},
				"south": {"uv": [13.5, 8, 13.625, 8.125], "texture": "#0"},
				"west": {"uv": [8.5, 13.5, 8.625, 13.625], "texture": "#0"},
				"up": {"uv": [13.625, 8.625, 13.5, 8.5], "texture": "#0"},
				"down": {"uv": [9.125, 13.5, 9, 13.625], "texture": "#0"}
			}
		},
		{
			"from": [7.875, 7.75, 8.65],
			"to": [8.125, 7.925, 8.825],
			"rotation": {"angle": 0, "axis": "y", "origin": [8, 8, 8]},
			"faces": {
				"north": {"uv": [13.5, 9, 13.625, 9.125], "texture": "#0"},
				"east": {"uv": [9.5, 13.5, 9.625, 13.625], "texture": "#0"},
				"south": {"uv": [13.5, 9.5, 13.625, 9.625], "texture": "#0"},
				"west": {"uv": [10, 13.5, 10.125, 13.625], "texture": "#0"},
				"up": {"uv": [13.625, 10.125, 13.5, 10], "texture": "#0"},
				"down": {"uv": [10.625, 13.5, 10.5, 13.625], "texture": "#0"}
			}
		},
		{
			"from": [7.875, 7.475, 8.375],
			"to": [8.125, 8.175, 8.525],
			"rotation": {"angle": 0, "axis": "y", "origin": [8, 8, 8]},
			"faces": {
				"north": {"uv": [11, 12, 11.125, 12.375], "texture": "#0"},
				"east": {"uv": [12, 11, 12.125, 11.375], "texture": "#0"},
				"south": {"uv": [11.5, 12, 11.625, 12.375], "texture": "#0"},
				"west": {"uv": [12, 11.5, 12.125, 11.875], "texture": "#0"},
				"up": {"uv": [13.625, 3.125, 13.5, 3], "texture": "#0"},
				"down": {"uv": [3.625, 13.5, 3.5, 13.625], "texture": "#0"}
			}
		},
		{
			"from": [7.875, 6.425, 8.625],
			"to": [8.125, 7.075, 8.875],
			"rotation": {"angle": 0, "axis": "y", "origin": [8, 8, 8]},
			"faces": {
				"north": {"uv": [11.5, 0, 11.625, 0.375], "texture": "#0"},
				"east": {"uv": [11.5, 0.5, 11.625, 0.875], "texture": "#0"},
				"south": {"uv": [11.5, 1, 11.625, 1.375], "texture": "#0"},
				"west": {"uv": [11.5, 1.5, 11.625, 1.875], "texture": "#0"},
				"up": {"uv": [12.625, 10.125, 12.5, 10], "texture": "#0"},
				"down": {"uv": [10.625, 12.5, 10.5, 12.625], "texture": "#0"}
			}
		},
		{
			"from": [7.875, 6.425, 7.375],
			"to": [8.125, 7.075, 7.625],
			"rotation": {"angle": 0, "axis": "y", "origin": [8, 8, 8]},
			"faces": {
				"north": {"uv": [11, 10, 11.125, 10.375], "texture": "#0"},
				"east": {"uv": [10.5, 11, 10.625, 11.375], "texture": "#0"},
				"south": {"uv": [11, 10.5, 11.125, 10.875], "texture": "#0"},
				"west": {"uv": [11, 11, 11.125, 11.375], "texture": "#0"},
				"up": {"uv": [12.625, 9.625, 12.5, 9.5], "texture": "#0"},
				"down": {"uv": [10.125, 12.5, 10, 12.625], "texture": "#0"}
			}
		},
		{
			"from": [7.875, 5.3, 8.625],
			"to": [8.125, 5.975, 8.875],
			"rotation": {"angle": 0, "axis": "y", "origin": [8, 8, 8]},
			"faces": {
				"north": {"uv": [11.5, 3.5, 11.625, 3.875], "texture": "#0"},
				"east": {"uv": [11.5, 4, 11.625, 4.375], "texture": "#0"},
				"south": {"uv": [11.5, 4.5, 11.625, 4.875], "texture": "#0"},
				"west": {"uv": [11.5, 5, 11.625, 5.375], "texture": "#0"},
				"up": {"uv": [12.625, 11.125, 12.5, 11], "texture": "#0"},
				"down": {"uv": [11.625, 12.5, 11.5, 12.625], "texture": "#0"}
			}
		},
		{
			"from": [7.875, 5.3, 7.375],
			"to": [8.125, 5.975, 7.625],
			"rotation": {"angle": 0, "axis": "y", "origin": [8, 8, 8]},
			"faces": {
				"north": {"uv": [11.5, 2, 11.625, 2.375], "texture": "#0"},
				"east": {"uv": [11.5, 2.5, 11.625, 2.875], "texture": "#0"},
				"south": {"uv": [11.5, 3, 11.625, 3.375], "texture": "#0"},
				"west": {"uv": [3.5, 11.5, 3.625, 11.875], "texture": "#0"},
				"up": {"uv": [12.625, 10.625, 12.5, 10.5], "texture": "#0"},
				"down": {"uv": [11.125, 12.5, 11, 12.625], "texture": "#0"}
			}
		},
		{
			"from": [7.875, 5.125, 8.875],
			"to": [8.125, 5.875, 9.125],
			"rotation": {"angle": 0, "axis": "y", "origin": [8, 8, 8]},
			"faces": {
				"north": {"uv": [11.5, 8.5, 11.625, 8.875], "texture": "#0"},
				"east": {"uv": [9, 11.5, 9.125, 11.875], "texture": "#0"},
				"south": {"uv": [11.5, 9, 11.625, 9.375], "texture": "#0"},
				"west": {"uv": [9.5, 11.5, 9.625, 11.875], "texture": "#0"},
				"up": {"uv": [0.625, 13.125, 0.5, 13], "texture": "#0"},
				"down": {"uv": [13.125, 0.5, 13, 0.625], "texture": "#0"}
			}
		},
		{
			"from": [7.875, 5.125, 7.125],
			"to": [8.125, 5.875, 7.375],
			"rotation": {"angle": 0, "axis": "y", "origin": [8, 8, 8]},
			"faces": {
				"north": {"uv": [11.5, 7.5, 11.625, 7.875], "texture": "#0"},
				"east": {"uv": [8, 11.5, 8.125, 11.875], "texture": "#0"},
				"south": {"uv": [11.5, 8, 11.625, 8.375], "texture": "#0"},
				"west": {"uv": [8.5, 11.5, 8.625, 11.875], "texture": "#0"},
				"up": {"uv": [0.125, 13.125, 0, 13], "texture": "#0"},
				"down": {"uv": [13.125, 0, 13, 0.125], "texture": "#0"}
			}
		},
		{
			"from": [7.875, 6.5, 8.875],
			"to": [8.125, 7.275, 9.125],
			"rotation": {"angle": 0, "axis": "y", "origin": [8, 8, 8]},
			"faces": {
				"north": {"uv": [11.5, 6.5, 11.625, 6.875], "texture": "#0"},
				"east": {"uv": [7, 11.5, 7.125, 11.875], "texture": "#0"},
				"south": {"uv": [11.5, 7, 11.625, 7.375], "texture": "#0"},
				"west": {"uv": [7.5, 11.5, 7.625, 11.875], "texture": "#0"},
				"up": {"uv": [12.625, 12.125, 12.5, 12], "texture": "#0"},
				"down": {"uv": [12.625, 12.5, 12.5, 12.625], "texture": "#0"}
			}
		},
		{
			"from": [7.875, 6.675, 9.125],
			"to": [8.125, 7.525, 9.375],
			"rotation": {"angle": 0, "axis": "y", "origin": [8, 8, 8]},
			"faces": {
				"north": {"uv": [1, 12, 1.125, 12.375], "texture": "#0"},
				"east": {"uv": [12, 1, 12.125, 1.375], "texture": "#0"},
				"south": {"uv": [1.5, 12, 1.625, 12.375], "texture": "#0"},
				"west": {"uv": [12, 1.5, 12.125, 1.875], "texture": "#0"},
				"up": {"uv": [2.625, 13.125, 2.5, 13], "texture": "#0"},
				"down": {"uv": [13.125, 2.5, 13, 2.625], "texture": "#0"}
			}
		},
		{
			"from": [7.875, 4.875, 9.125],
			"to": [8.125, 5.725, 9.375],
			"rotation": {"angle": 0, "axis": "y", "origin": [8, 8, 8]},
			"faces": {
				"north": {"uv": [0, 12, 0.125, 12.375], "texture": "#0"},
				"east": {"uv": [12, 0, 12.125, 0.375], "texture": "#0"},
				"south": {"uv": [0.5, 12, 0.625, 12.375], "texture": "#0"},
				"west": {"uv": [12, 0.5, 12.125, 0.875], "texture": "#0"},
				"up": {"uv": [2.125, 13.125, 2, 13], "texture": "#0"},
				"down": {"uv": [13.125, 2, 13, 2.125], "texture": "#0"}
			}
		},
		{
			"from": [7.875, 4.6, 9.375],
			"to": [8.125, 5.45, 9.625],
			"rotation": {"angle": 0, "axis": "y", "origin": [8, 8, 8]},
			"faces": {
				"north": {"uv": [4, 12, 4.125, 12.375], "texture": "#0"},
				"east": {"uv": [12, 4, 12.125, 4.375], "texture": "#0"},
				"south": {"uv": [4.5, 12, 4.625, 12.375], "texture": "#0"},
				"west": {"uv": [12, 4.5, 12.125, 4.875], "texture": "#0"},
				"up": {"uv": [4.125, 13.125, 4, 13], "texture": "#0"},
				"down": {"uv": [13.125, 4, 13, 4.125], "texture": "#0"}
			}
		},
		{
			"from": [7.875, 4.6, 6.625],
			"to": [8.125, 5.45, 6.875],
			"rotation": {"angle": 0, "axis": "y", "origin": [8, 8, 8]},
			"faces": {
				"north": {"uv": [5, 12, 5.125, 12.375], "texture": "#0"},
				"east": {"uv": [12, 5, 12.125, 5.375], "texture": "#0"},
				"south": {"uv": [5.5, 12, 5.625, 12.375], "texture": "#0"},
				"west": {"uv": [12, 5.5, 12.125, 5.875], "texture": "#0"},
				"up": {"uv": [4.625, 13.125, 4.5, 13], "texture": "#0"},
				"down": {"uv": [13.125, 4.5, 13, 4.625], "texture": "#0"}
			}
		},
		{
			"from": [7.875, 6.5, 7.125],
			"to": [8.125, 7.275, 7.375],
			"rotation": {"angle": 0, "axis": "y", "origin": [8, 8, 8]},
			"faces": {
				"north": {"uv": [11.5, 5.5, 11.625, 5.875], "texture": "#0"},
				"east": {"uv": [6, 11.5, 6.125, 11.875], "texture": "#0"},
				"south": {"uv": [11.5, 6, 11.625, 6.375], "texture": "#0"},
				"west": {"uv": [6.5, 11.5, 6.625, 11.875], "texture": "#0"},
				"up": {"uv": [12.625, 11.625, 12.5, 11.5], "texture": "#0"},
				"down": {"uv": [12.125, 12.5, 12, 12.625], "texture": "#0"}
			}
		},
		{
			"from": [7.875, 4.875, 6.875],
			"to": [8.125, 5.725, 7.125],
			"rotation": {"angle": 0, "axis": "y", "origin": [8, 8, 8]},
			"faces": {
				"north": {"uv": [11.5, 10.5, 11.625, 10.875], "texture": "#0"},
				"east": {"uv": [11, 11.5, 11.125, 11.875], "texture": "#0"},
				"south": {"uv": [11.5, 11, 11.625, 11.375], "texture": "#0"},
				"west": {"uv": [11.5, 11.5, 11.625, 11.875], "texture": "#0"},
				"up": {"uv": [1.625, 13.125, 1.5, 13], "texture": "#0"},
				"down": {"uv": [13.125, 1.5, 13, 1.625], "texture": "#0"}
			}
		},
		{
			"from": [7.875, 6.65, 6.875],
			"to": [8.125, 7.5, 7.125],
			"rotation": {"angle": 0, "axis": "y", "origin": [8, 8, 8]},
			"faces": {
				"north": {"uv": [11.5, 9.5, 11.625, 9.875], "texture": "#0"},
				"east": {"uv": [10, 11.5, 10.125, 11.875], "texture": "#0"},
				"south": {"uv": [11.5, 10, 11.625, 10.375], "texture": "#0"},
				"west": {"uv": [10.5, 11.5, 10.625, 11.875], "texture": "#0"},
				"up": {"uv": [1.125, 13.125, 1, 13], "texture": "#0"},
				"down": {"uv": [13.125, 1, 13, 1.125], "texture": "#0"}
			}
		},
		{
			"from": [7.875, 6.85, 6.625],
			"to": [8.125, 7.7, 6.875],
			"rotation": {"angle": 0, "axis": "y", "origin": [8, 8, 8]},
			"faces": {
				"north": {"uv": [2, 12, 2.125, 12.375], "texture": "#0"},
				"east": {"uv": [12, 2, 12.125, 2.375], "texture": "#0"},
				"south": {"uv": [2.5, 12, 2.625, 12.375], "texture": "#0"},
				"west": {"uv": [12, 2.5, 12.125, 2.875], "texture": "#0"},
				"up": {"uv": [3.125, 13.125, 3, 13], "texture": "#0"},
				"down": {"uv": [13.125, 3, 13, 3.125], "texture": "#0"}
			}
		},
		{
			"from": [7.875, 6.425, 6.375],
			"to": [8.125, 8.1, 6.625],
			"rotation": {"angle": 0, "axis": "y", "origin": [8, 8, 8]},
			"faces": {
				"north": {"uv": [10, 2, 10.125, 2.875], "texture": "#0"},
				"east": {"uv": [10, 3, 10.125, 3.875], "texture": "#0"},
				"south": {"uv": [3.5, 10, 3.625, 10.875], "texture": "#0"},
				"west": {"uv": [10, 4, 10.125, 4.875], "texture": "#0"},
				"up": {"uv": [5.125, 13.125, 5, 13], "texture": "#0"},
				"down": {"uv": [13.125, 5, 13, 5.125], "texture": "#0"}
			}
		},
		{
			"from": [7.875, 6.425, 9.625],
			"to": [8.125, 8.1, 9.875],
			"rotation": {"angle": 0, "axis": "y", "origin": [8, 8, 8]},
			"faces": {
				"north": {"uv": [10, 5, 10.125, 5.875], "texture": "#0"},
				"east": {"uv": [10, 6, 10.125, 6.875], "texture": "#0"},
				"south": {"uv": [10, 7, 10.125, 7.875], "texture": "#0"},
				"west": {"uv": [10, 8, 10.125, 8.875], "texture": "#0"},
				"up": {"uv": [5.625, 13.125, 5.5, 13], "texture": "#0"},
				"down": {"uv": [13.125, 5.5, 13, 5.625], "texture": "#0"}
			}
		},
		{
			"from": [7.875, 4.175, 9.625],
			"to": [8.125, 5.925, 9.875],
			"rotation": {"angle": 0, "axis": "y", "origin": [8, 8, 8]},
			"faces": {
				"north": {"uv": [10.5, 0, 10.625, 0.875], "texture": "#0"},
				"east": {"uv": [10.5, 1, 10.625, 1.875], "texture": "#0"},
				"south": {"uv": [10.5, 2, 10.625, 2.875], "texture": "#0"},
				"west": {"uv": [10.5, 3, 10.625, 3.875], "texture": "#0"},
				"up": {"uv": [7.625, 13.125, 7.5, 13], "texture": "#0"},
				"down": {"uv": [13.125, 7.5, 13, 7.625], "texture": "#0"}
			}
		},
		{
			"from": [7.875, 4.2, 6.375],
			"to": [8.125, 5.925, 6.625],
			"rotation": {"angle": 0, "axis": "y", "origin": [8, 8, 8]},
			"faces": {
				"north": {"uv": [9, 10, 9.125, 10.875], "texture": "#0"},
				"east": {"uv": [10, 9, 10.125, 9.875], "texture": "#0"},
				"south": {"uv": [9.5, 10, 9.625, 10.875], "texture": "#0"},
				"west": {"uv": [10, 10, 10.125, 10.875], "texture": "#0"},
				"up": {"uv": [7.125, 13.125, 7, 13], "texture": "#0"},
				"down": {"uv": [13.125, 7, 13, 7.125], "texture": "#0"}
			}
		},
		{
			"from": [7.875, 3.425, 9.875],
			"to": [8.125, 8.775, 10.125],
			"rotation": {"angle": 0, "axis": "y", "origin": [8, 8, 8]},
			"faces": {
				"north": {"uv": [5, 8, 5.125, 10.625], "texture": "#0"},
				"east": {"uv": [5.5, 8, 5.625, 10.625], "texture": "#0"},
				"south": {"uv": [8, 6, 8.125, 8.625], "texture": "#0"},
				"west": {"uv": [8.5, 0, 8.625, 2.625], "texture": "#0"},
				"up": {"uv": [6.125, 13.125, 6, 13], "texture": "#0"},
				"down": {"uv": [13.125, 6, 13, 6.125], "texture": "#0"}
			}
		},
		{
			"from": [7.875, 2.275, 10.125],
			"to": [8.125, 9.925, 10.375],
			"rotation": {"angle": 0, "axis": "y", "origin": [8, 8, 8]},
			"faces": {
				"north": {"uv": [5, 0, 5.125, 3.875], "texture": "#0"},
				"east": {"uv": [5, 4, 5.125, 7.875], "texture": "#0"},
				"south": {"uv": [5.5, 0, 5.625, 3.875], "texture": "#0"},
				"west": {"uv": [5.5, 4, 5.625, 7.875], "texture": "#0"},
				"up": {"uv": [8.625, 13.125, 8.5, 13], "texture": "#0"},
				"down": {"uv": [13.125, 8.5, 13, 8.625], "texture": "#0"}
			}
		},
		{
			"from": [7.875, 3.425, 6.125],
			"to": [8.125, 8.775, 6.375],
			"rotation": {"angle": 0, "axis": "y", "origin": [8, 8, 8]},
			"faces": {
				"north": {"uv": [8.5, 3, 8.625, 5.625], "texture": "#0"},
				"east": {"uv": [8.5, 6, 8.625, 8.625], "texture": "#0"},
				"south": {"uv": [9, 0, 9.125, 2.625], "texture": "#0"},
				"west": {"uv": [9, 3, 9.125, 5.625], "texture": "#0"},
				"up": {"uv": [6.625, 13.125, 6.5, 13], "texture": "#0"},
				"down": {"uv": [13.125, 6.5, 13, 6.625], "texture": "#0"}
			}
		},
		{
			"from": [7.875, 1.775, 6.125],
			"to": [8.125, 2.975, 6.375],
			"rotation": {"angle": 0, "axis": "y", "origin": [8, 8, 8]},
			"faces": {
				"north": {"uv": [11, 3.5, 11.125, 4.125], "texture": "#0"},
				"east": {"uv": [4, 11, 4.125, 11.625], "texture": "#0"},
				"south": {"uv": [4.5, 11, 4.625, 11.625], "texture": "#0"},
				"west": {"uv": [11, 4.5, 11.125, 5.125], "texture": "#0"},
				"up": {"uv": [13.625, 6.125, 13.5, 6], "texture": "#0"},
				"down": {"uv": [6.625, 13.5, 6.5, 13.625], "texture": "#0"}
			}
		},
		{
			"from": [7.875, 1.775, 9.875],
			"to": [8.125, 2.975, 10.125],
			"rotation": {"angle": 0, "axis": "y", "origin": [8, 8, 8]},
			"faces": {
				"north": {"uv": [5, 11, 5.125, 11.625], "texture": "#0"},
				"east": {"uv": [5.5, 11, 5.625, 11.625], "texture": "#0"},
				"south": {"uv": [11, 5.5, 11.125, 6.125], "texture": "#0"},
				"west": {"uv": [11, 6.5, 11.125, 7.125], "texture": "#0"},
				"up": {"uv": [13.625, 6.625, 13.5, 6.5], "texture": "#0"},
				"down": {"uv": [7.125, 13.5, 7, 13.625], "texture": "#0"}
			}
		},
		{
			"from": [7.875, -6.15, 8],
			"to": [8.125, -5.5, 8.25],
			"rotation": {"angle": 0, "axis": "y", "origin": [8, 8, 8]},
			"faces": {
				"north": {"uv": [12.5, 0.5, 12.625, 0.875], "texture": "#0"},
				"east": {"uv": [1, 12.5, 1.125, 12.875], "texture": "#0"},
				"south": {"uv": [12.5, 1, 12.625, 1.375], "texture": "#0"},
				"west": {"uv": [1.5, 12.5, 1.625, 12.875], "texture": "#0"},
				"up": {"uv": [13.625, 7.125, 13.5, 7], "texture": "#0"},
				"down": {"uv": [7.625, 13.5, 7.5, 13.625], "texture": "#0"}
			}
		},
		{
			"from": [7.875, 3.4, 5.625],
			"to": [8.125, 9.175, 5.875],
			"rotation": {"angle": 0, "axis": "y", "origin": [8, 8, 8]},
			"faces": {
				"north": {"uv": [3.5, 6, 3.625, 8.875], "texture": "#0"},
				"east": {"uv": [6, 3.5, 6.125, 6.375], "texture": "#0"},
				"south": {"uv": [6.5, 0, 6.625, 2.875], "texture": "#0"},
				"west": {"uv": [6.5, 3, 6.625, 5.875], "texture": "#0"},
				"up": {"uv": [9.125, 13.125, 9, 13], "texture": "#0"},
				"down": {"uv": [13.125, 9, 13, 9.125], "texture": "#0"}
			}
		},
		{
			"from": [7.875, 4.075, 5.375],
			"to": [8.125, 8.5, 5.625],
			"rotation": {"angle": 0, "axis": "y", "origin": [8, 8, 8]},
			"faces": {
				"north": {"uv": [8, 9, 8.125, 11.25], "texture": "#0"},
				"east": {"uv": [8.5, 9, 8.625, 11.25], "texture": "#0"},
				"south": {"uv": [0, 9.5, 0.125, 11.75], "texture": "#0"},
				"west": {"uv": [9.5, 0, 9.625, 2.25], "texture": "#0"},
				"up": {"uv": [10.625, 13.125, 10.5, 13], "texture": "#0"},
				"down": {"uv": [13.125, 10.5, 13, 10.625], "texture": "#0"}
			}
		},
		{
			"from": [7.875, 3.4, 10.375],
			"to": [8.125, 9.175, 10.625],
			"rotation": {"angle": 0, "axis": "y", "origin": [8, 8, 8]},
			"faces": {
				"north": {"uv": [6, 6.5, 6.125, 9.375], "texture": "#0"},
				"east": {"uv": [6.5, 6, 6.625, 8.875], "texture": "#0"},
				"south": {"uv": [7, 0, 7.125, 2.875], "texture": "#0"},
				"west": {"uv": [7, 3, 7.125, 5.875], "texture": "#0"},
				"up": {"uv": [9.625, 13.125, 9.5, 13], "texture": "#0"},
				"down": {"uv": [13.125, 9.5, 13, 9.625], "texture": "#0"}
			}
		},
		{
			"from": [7.925, 2.625, 10.375],
			"to": [8.075, 9.5, 10.625],
			"rotation": {"angle": 0, "axis": "y", "origin": [8, 8, 8]},
			"faces": {
				"north": {"uv": [1.5, 6, 1.625, 9.375], "texture": "#0"},
				"east": {"uv": [2, 6, 2.125, 9.375], "texture": "#0"},
				"south": {"uv": [2.5, 6, 2.625, 9.375], "texture": "#0"},
				"west": {"uv": [3, 6, 3.125, 9.375], "texture": "#0"},
				"up": {"uv": [12.625, 13.125, 12.5, 13], "texture": "#0"},
				"down": {"uv": [13.125, 12.5, 13, 12.625], "texture": "#0"}
			}
		},
		{
			"from": [7.925, 3.4, 10.625],
			"to": [8.075, 9.175, 10.875],
			"rotation": {"angle": 0, "axis": "y", "origin": [8, 8, 8]},
			"faces": {
				"north": {"uv": [7, 6, 7.125, 8.875], "texture": "#0"},
				"east": {"uv": [7.5, 0, 7.625, 2.875], "texture": "#0"},
				"south": {"uv": [7.5, 3, 7.625, 5.875], "texture": "#0"},
				"west": {"uv": [7.5, 6, 7.625, 8.875], "texture": "#0"},
				"up": {"uv": [13.125, 13.125, 13, 13], "texture": "#0"},
				"down": {"uv": [0.125, 13.5, 0, 13.625], "texture": "#0"}
			}
		},
		{
			"from": [7.925, 4.075, 10.875],
			"to": [8.075, 8.5, 11.125],
			"rotation": {"angle": 0, "axis": "y", "origin": [8, 8, 8]},
			"faces": {
				"north": {"uv": [0.5, 9.5, 0.625, 11.75], "texture": "#0"},
				"east": {"uv": [1, 9.5, 1.125, 11.75], "texture": "#0"},
				"south": {"uv": [1.5, 9.5, 1.625, 11.75], "texture": "#0"},
				"west": {"uv": [2, 9.5, 2.125, 11.75], "texture": "#0"},
				"up": {"uv": [13.625, 0.625, 13.5, 0.5], "texture": "#0"},
				"down": {"uv": [1.125, 13.5, 1, 13.625], "texture": "#0"}
			}
		},
		{
			"from": [7.925, 4.075, 5.125],
			"to": [8.075, 8.5, 5.375],
			"rotation": {"angle": 0, "axis": "y", "origin": [8, 8, 8]},
			"faces": {
				"north": {"uv": [2.5, 9.5, 2.625, 11.75], "texture": "#0"},
				"east": {"uv": [9.5, 2.5, 9.625, 4.75], "texture": "#0"},
				"south": {"uv": [3, 9.5, 3.125, 11.75], "texture": "#0"},
				"west": {"uv": [9.5, 5, 9.625, 7.25], "texture": "#0"},
				"up": {"uv": [13.625, 1.125, 13.5, 1], "texture": "#0"},
				"down": {"uv": [1.625, 13.5, 1.5, 13.625], "texture": "#0"}
			}
		},
		{
			"from": [7.925, 3.4, 5.375],
			"to": [8.075, 9.175, 5.625],
			"rotation": {"angle": 0, "axis": "y", "origin": [8, 8, 8]},
			"faces": {
				"north": {"uv": [8, 0, 8.125, 2.875], "texture": "#0"},
				"east": {"uv": [8, 3, 8.125, 5.875], "texture": "#0"},
				"south": {"uv": [4, 8, 4.125, 10.875], "texture": "#0"},
				"west": {"uv": [4.5, 8, 4.625, 10.875], "texture": "#0"},
				"up": {"uv": [13.625, 0.125, 13.5, 0], "texture": "#0"},
				"down": {"uv": [0.625, 13.5, 0.5, 13.625], "texture": "#0"}
			}
		},
		{
			"from": [7.925, 2.625, 5.625],
			"to": [8.075, 9.5, 5.875],
			"rotation": {"angle": 0, "axis": "y", "origin": [8, 8, 8]},
			"faces": {
				"north": {"uv": [0, 6, 0.125, 9.375], "texture": "#0"},
				"east": {"uv": [6, 0, 6.125, 3.375], "texture": "#0"},
				"south": {"uv": [0.5, 6, 0.625, 9.375], "texture": "#0"},
				"west": {"uv": [1, 6, 1.125, 9.375], "texture": "#0"},
				"up": {"uv": [12.125, 13.125, 12, 13], "texture": "#0"},
				"down": {"uv": [13.125, 12, 13, 12.125], "texture": "#0"}
			}
		},
		{
			"from": [7.875, 4.075, 10.625],
			"to": [8.125, 8.5, 10.875],
			"rotation": {"angle": 0, "axis": "y", "origin": [8, 8, 8]},
			"faces": {
				"north": {"uv": [6.5, 9, 6.625, 11.25], "texture": "#0"},
				"east": {"uv": [7, 9, 7.125, 11.25], "texture": "#0"},
				"south": {"uv": [9, 7, 9.125, 9.25], "texture": "#0"},
				"west": {"uv": [7.5, 9, 7.625, 11.25], "texture": "#0"},
				"up": {"uv": [10.125, 13.125, 10, 13], "texture": "#0"},
				"down": {"uv": [13.125, 10, 13, 10.125], "texture": "#0"}
			}
		},
		{
			"from": [7.875, 2.275, 5.875],
			"to": [8.125, 9.925, 6.125],
			"rotation": {"angle": 0, "axis": "y", "origin": [8, 8, 8]},
			"faces": {
				"north": {"uv": [4, 0, 4.125, 3.875], "texture": "#0"},
				"east": {"uv": [4, 4, 4.125, 7.875], "texture": "#0"},
				"south": {"uv": [4.5, 0, 4.625, 3.875], "texture": "#0"},
				"west": {"uv": [4.5, 4, 4.625, 7.875], "texture": "#0"},
				"up": {"uv": [8.125, 13.125, 8, 13], "texture": "#0"},
				"down": {"uv": [13.125, 8, 13, 8.125], "texture": "#0"}
			}
		},
		{
			"from": [7.875, 6.85, 9.375],
			"to": [8.125, 7.7, 9.625],
			"rotation": {"angle": 0, "axis": "y", "origin": [8, 8, 8]},
			"faces": {
				"north": {"uv": [3, 12, 3.125, 12.375], "texture": "#0"},
				"east": {"uv": [12, 3, 12.125, 3.375], "texture": "#0"},
				"south": {"uv": [3.5, 12, 3.625, 12.375], "texture": "#0"},
				"west": {"uv": [12, 3.5, 12.125, 3.875], "texture": "#0"},
				"up": {"uv": [3.625, 13.125, 3.5, 13], "texture": "#0"},
				"down": {"uv": [13.125, 3.5, 13, 3.625], "texture": "#0"}
			}
		},
		{
			"from": [7.825, 5.45, 7.625],
			"to": [8.175, 6.9, 8.125],
			"rotation": {"angle": 0, "axis": "y", "origin": [8, 8, 8]},
			"faces": {
				"north": {"uv": [10.5, 7, 10.625, 7.75], "texture": "#0"},
				"east": {"uv": [10.5, 8, 10.625, 8.75], "texture": "#0"},
				"south": {"uv": [10.5, 9, 10.625, 9.75], "texture": "#0"},
				"west": {"uv": [10.5, 10, 10.625, 10.75], "texture": "#0"},
				"up": {"uv": [12.625, 9.125, 12.5, 9], "texture": "#0"},
				"down": {"uv": [9.625, 12.5, 9.5, 12.625], "texture": "#0"}
			}
		},
		{
			"from": [7.825, 5.45, 8.125],
			"to": [8.175, 6.9, 8.625],
			"rotation": {"angle": 0, "axis": "y", "origin": [8, 8, 8]},
			"faces": {
				"north": {"uv": [10.5, 4, 10.625, 4.75], "texture": "#0"},
				"east": {"uv": [10.5, 5, 10.625, 5.75], "texture": "#0"},
				"south": {"uv": [6, 10.5, 6.125, 11.25], "texture": "#0"},
				"west": {"uv": [10.5, 6, 10.625, 6.75], "texture": "#0"},
				"up": {"uv": [12.625, 8.625, 12.5, 8.5], "texture": "#0"},
				"down": {"uv": [9.125, 12.5, 9, 12.625], "texture": "#0"}
			}
		}
	],
	"display": {
		"thirdperson_righthand": {
			"translation": [0, 10, -0.25],
			"scale": [1.5, 1.5, 1.5]
		},
		"thirdperson_lefthand": {
			"translation": [0, 10, -0.25],
			"scale": [1.5, 1.5, 1.5]
		},
		"firstperson_righthand": {
			"rotation": [-17, 0, 0],
			"translation": [0, 9.25, 0]
		},
		"firstperson_lefthand": {
			"rotation": [-17, 0, 0],
			"translation": [0, 9.25, 0]
		},
		"ground": {
			"translation": [0, 15.5, 0],
			"scale": [1.5, 1.5, 1.5]
		},
		"gui": {
			"rotation": [90, 45, -90],
			"translation": [4.25, 3.5, 0]
		},
		"head": {
			"translation": [0, 29, 0],
			"scale": [1.5, 1.5, 1.5]
		},
		"fixed": {
			"rotation": [-90, 45, 90],
			"translation": [-4.25, 4.25, 0]
		}
	}
}