{
	"credit": "Made with Blockbench",
	"texture_size": [32, 32],
	"textures": {
		"0": "item/grim",
		"particle": "item/grim"
	},
	"elements": [
		{
			"from": [8.025, 19.6, 8],
			"to": [8.875, 26.675, 8.5],
			"faces": {
				"north": {"uv": [2.5, 0, 2.9375, 2.375], "texture": "#0"},
				"east": {"uv": [2.5, 0, 2.9375, 2.375], "texture": "#0"},
				"south": {"uv": [2.5, 0, 2.9375, 2.375], "texture": "#0"},
				"west": {"uv": [2.5, 0, 2.9375, 2.375], "texture": "#0"},
				"up": {"uv": [10.4375, 10.75, 10, 10.5], "texture": "#0"},
				"down": {"uv": [10.9375, 10, 10.5, 10.25], "texture": "#0"}
			}
		},
		{
			"from": [8.125, 14.85, 8],
			"to": [8.975, 19.6, 8.5],
			"faces": {
				"north": {"uv": [2.5, 0, 2.9375, 2.375], "texture": "#0"},
				"east": {"uv": [2.5, 0, 2.9375, 2.375], "texture": "#0"},
				"south": {"uv": [2.5, 0, 2.9375, 2.375], "texture": "#0"},
				"west": {"uv": [2.5, 0, 2.9375, 2.375], "texture": "#0"},
				"up": {"uv": [11.4375, 2.25, 11, 2], "texture": "#0"},
				"down": {"uv": [2.9375, 11, 2.5, 11.25], "texture": "#0"}
			}
		},
		{
			"from": [8.225, 8.1, 8],
			"to": [9.075, 14.85, 8.5],
			"faces": {
				"north": {"uv": [2.5, 0, 2.9375, 2.375], "texture": "#0"},
				"east": {"uv": [2.5, 0, 2.9375, 2.375], "texture": "#0"},
				"south": {"uv": [2.5, 0, 2.9375, 2.375], "texture": "#0"},
				"west": {"uv": [2.5, 0, 2.9375, 2.375], "texture": "#0"},
				"up": {"uv": [11.4375, 2.75, 11, 2.5], "texture": "#0"},
				"down": {"uv": [3.4375, 11, 3, 11.25], "texture": "#0"}
			}
		},
		{
			"from": [8.35, 3.5, 8],
			"to": [9.2, 8.1, 8.5],
			"faces": {
				"north": {"uv": [2.5, 0, 2.9375, 2.375], "texture": "#0"},
				"east": {"uv": [2.5, 0, 2.9375, 2.375], "texture": "#0"},
				"south": {"uv": [2.5, 0, 2.9375, 2.375], "texture": "#0"},
				"west": {"uv": [2.5, 0, 2.9375, 2.375], "texture": "#0"},
				"up": {"uv": [4.9375, 11.25, 4.5, 11], "texture": "#0"},
				"down": {"uv": [5.4375, 11, 5, 11.25], "texture": "#0"}
			}
		},
		{
			"from": [8.225, 4.525, 7.875],
			"to": [9.325, 4.8, 8.625],
			"faces": {
				"north": {"uv": [12.5, 1, 13.0625, 1.125], "texture": "#0"},
				"east": {"uv": [6, 13, 6.375, 13.125], "texture": "#0"},
				"south": {"uv": [12.5, 1, 13.0625, 1.125], "texture": "#0"},
				"west": {"uv": [6, 13, 6.375, 13.125], "texture": "#0"},
				"up": {"uv": [2.5625, 8.375, 2, 8], "texture": "#0"},
				"down": {"uv": [8.5625, 2, 8, 2.375], "texture": "#0"}
			}
		},
		{
			"from": [8.225, 4.975, 7.875],
			"to": [9.325, 5.25, 8.625],
			"faces": {
				"north": {"uv": [12.5, 1, 13.0625, 1.125], "texture": "#0"},
				"east": {"uv": [6, 13, 6.375, 13.125], "texture": "#0"},
				"south": {"uv": [12.5, 1, 13.0625, 1.125], "texture": "#0"},
				"west": {"uv": [6, 13, 6.375, 13.125], "texture": "#0"},
				"up": {"uv": [2.5625, 8.375, 2, 8], "texture": "#0"},
				"down": {"uv": [8.5625, 2, 8, 2.375], "texture": "#0"}
			}
		},
		{
			"from": [8.225, 5.425, 7.875],
			"to": [9.325, 5.7, 8.625],
			"faces": {
				"north": {"uv": [12.5, 1, 13.0625, 1.125], "texture": "#0"},
				"east": {"uv": [6, 13, 6.375, 13.125], "texture": "#0"},
				"south": {"uv": [12.5, 1, 13.0625, 1.125], "texture": "#0"},
				"west": {"uv": [6, 13, 6.375, 13.125], "texture": "#0"},
				"up": {"uv": [2.5625, 8.375, 2, 8], "texture": "#0"},
				"down": {"uv": [8.5625, 2, 8, 2.375], "texture": "#0"}
			}
		},
		{
			"from": [7.9, 21.975, 7.875],
			"to": [9, 22.25, 8.625],
			"faces": {
				"north": {"uv": [12.5, 1, 13.0625, 1.125], "texture": "#0"},
				"east": {"uv": [6, 13, 6.375, 13.125], "texture": "#0"},
				"south": {"uv": [12.5, 1, 13.0625, 1.125], "texture": "#0"},
				"west": {"uv": [6, 13, 6.375, 13.125], "texture": "#0"},
				"up": {"uv": [2.5625, 8.375, 2, 8], "texture": "#0"},
				"down": {"uv": [8.5625, 2, 8, 2.375], "texture": "#0"}
			}
		},
		{
			"from": [7.9, 22.425, 7.875],
			"to": [9, 22.7, 8.625],
			"faces": {
				"north": {"uv": [12.5, 1, 13.0625, 1.125], "texture": "#0"},
				"east": {"uv": [6, 13, 6.375, 13.125], "texture": "#0"},
				"south": {"uv": [12.5, 1, 13.0625, 1.125], "texture": "#0"},
				"west": {"uv": [6, 13, 6.375, 13.125], "texture": "#0"},
				"up": {"uv": [2.5625, 8.375, 2, 8], "texture": "#0"},
				"down": {"uv": [8.5625, 2, 8, 2.375], "texture": "#0"}
			}
		},
		{
			"from": [7.9, 22.875, 7.875],
			"to": [9, 23.15, 8.625],
			"faces": {
				"north": {"uv": [12.5, 1, 13.0625, 1.125], "texture": "#0"},
				"east": {"uv": [6, 13, 6.375, 13.125], "texture": "#0"},
				"south": {"uv": [12.5, 1, 13.0625, 1.125], "texture": "#0"},
				"west": {"uv": [6, 13, 6.375, 13.125], "texture": "#0"},
				"up": {"uv": [2.5625, 8.375, 2, 8], "texture": "#0"},
				"down": {"uv": [8.5625, 2, 8, 2.375], "texture": "#0"}
			}
		},
		{
			"from": [8.1, 12.125, 7.875],
			"to": [9.2, 12.4, 8.625],
			"faces": {
				"north": {"uv": [12.5, 1, 13.0625, 1.125], "texture": "#0"},
				"east": {"uv": [6, 13, 6.375, 13.125], "texture": "#0"},
				"south": {"uv": [12.5, 1, 13.0625, 1.125], "texture": "#0"},
				"west": {"uv": [6, 13, 6.375, 13.125], "texture": "#0"},
				"up": {"uv": [2.5625, 8.375, 2, 8], "texture": "#0"},
				"down": {"uv": [8.5625, 2, 8, 2.375], "texture": "#0"}
			}
		},
		{
			"from": [8, 15.475, 7.875],
			"to": [9.1, 15.75, 8.625],
			"faces": {
				"north": {"uv": [12.5, 1, 13.0625, 1.125], "texture": "#0"},
				"east": {"uv": [6, 13, 6.375, 13.125], "texture": "#0"},
				"south": {"uv": [12.5, 1, 13.0625, 1.125], "texture": "#0"},
				"west": {"uv": [6, 13, 6.375, 13.125], "texture": "#0"},
				"up": {"uv": [2.5625, 8.375, 2, 8], "texture": "#0"},
				"down": {"uv": [8.5625, 2, 8, 2.375], "texture": "#0"}
			}
		},
		{
			"from": [8.225, 2.85, 7.875],
			"to": [9.325, 4.3, 8.625],
			"faces": {
				"north": {"uv": [5, 4, 5.5625, 4.75], "texture": "#0"},
				"east": {"uv": [5, 4, 5.5625, 4.75], "texture": "#0"},
				"south": {"uv": [5, 4, 5.5625, 4.75], "texture": "#0"},
				"west": {"uv": [5, 4, 5.5625, 4.75], "texture": "#0"},
				"up": {"uv": [8.5625, 2.875, 8, 2.5], "texture": "#0"},
				"down": {"uv": [8.5625, 3, 8, 3.375], "texture": "#0"}
			}
		},
		{
			"from": [8.1, 1.625, 8],
			"to": [9.45, 3.5, 8.5],
			"faces": {
				"north": {"uv": [4, 1, 4.6875, 1.9375], "texture": "#0"},
				"east": {"uv": [7.5, 2.5, 7.75, 3.4375], "texture": "#0"},
				"south": {"uv": [4, 1, 4.6875, 1.9375], "texture": "#0"},
				"west": {"uv": [3.5, 7.5, 3.75, 8.4375], "texture": "#0"},
				"up": {"uv": [9.6875, 3.25, 9, 3], "texture": "#0"},
				"down": {"uv": [4.1875, 9, 3.5, 9.25], "texture": "#0"}
			}
		},
		{
			"from": [9.45, 2.5, 8],
			"to": [9.65, 3.8, 8.5],
			"faces": {
				"north": {"uv": [10, 12, 10.125, 12.625], "texture": "#0"},
				"east": {"uv": [9.5, 6, 9.75, 6.625], "texture": "#0"},
				"south": {"uv": [8.5, 12, 8.625, 12.625], "texture": "#0"},
				"west": {"uv": [6.5, 9.5, 6.75, 10.125], "texture": "#0"},
				"up": {"uv": [14.125, 6.25, 14, 6], "texture": "#0"},
				"down": {"uv": [6.625, 14, 6.5, 14.25], "texture": "#0"}
			}
		},
		{
			"from": [9.65, 2.975, 8],
			"to": [9.8, 4.15, 8.5],
			"faces": {
				"north": {"uv": [3.5, 14, 3.5625, 14.5625], "texture": "#0"},
				"east": {"uv": [10, 3.5, 10.25, 4.0625], "texture": "#0"},
				"south": {"uv": [14, 2.5, 14.0625, 3.0625], "texture": "#0"},
				"west": {"uv": [4.5, 10, 4.75, 10.5625], "texture": "#0"},
				"up": {"uv": [14.5625, 4.75, 14.5, 4.5], "texture": "#0"},
				"down": {"uv": [5.0625, 14.5, 5, 14.75], "texture": "#0"}
			}
		},
		{
			"from": [9.8, 3.575, 8],
			"to": [9.95, 4.3, 8.5],
			"faces": {
				"north": {"uv": [14.5, 1, 14.5625, 1.375], "texture": "#0"},
				"east": {"uv": [4, 11.5, 4.25, 11.875], "texture": "#0"},
				"south": {"uv": [14.5, 1, 14.5625, 1.375], "texture": "#0"},
				"west": {"uv": [11.5, 4, 11.75, 4.375], "texture": "#0"},
				"up": {"uv": [14.5625, 5.75, 14.5, 5.5], "texture": "#0"},
				"down": {"uv": [6.0625, 14.5, 6, 14.75], "texture": "#0"}
			}
		},
		{
			"from": [7.6, 3.575, 8],
			"to": [7.75, 4.3, 8.5],
			"faces": {
				"north": {"uv": [14.5, 1, 14.5625, 1.375], "texture": "#0"},
				"east": {"uv": [4.5, 11.5, 4.75, 11.875], "texture": "#0"},
				"south": {"uv": [14.5, 1.5, 14.5625, 1.875], "texture": "#0"},
				"west": {"uv": [11.5, 4.5, 11.75, 4.875], "texture": "#0"},
				"up": {"uv": [14.5625, 6.25, 14.5, 6], "texture": "#0"},
				"down": {"uv": [6.5625, 14.5, 6.5, 14.75], "texture": "#0"}
			}
		},
		{
			"from": [7.75, 2.975, 8],
			"to": [7.9, 4.15, 8.5],
			"faces": {
				"north": {"uv": [3.5, 14, 3.5625, 14.5625], "texture": "#0"},
				"east": {"uv": [10, 4.5, 10.25, 5.0625], "texture": "#0"},
				"south": {"uv": [3.5, 14, 3.5625, 14.5625], "texture": "#0"},
				"west": {"uv": [5, 10, 5.25, 10.5625], "texture": "#0"},
				"up": {"uv": [14.5625, 5.25, 14.5, 5], "texture": "#0"},
				"down": {"uv": [5.5625, 14.5, 5.5, 14.75], "texture": "#0"}
			}
		},
		{
			"from": [7.9, 2.5, 8],
			"to": [8.1, 3.8, 8.5],
			"faces": {
				"north": {"uv": [10.125, 12, 10, 12.625], "texture": "#0"},
				"east": {"uv": [7, 9.5, 7.25, 10.125], "texture": "#0"},
				"south": {"uv": [10, 12, 10.125, 12.625], "texture": "#0"},
				"west": {"uv": [9.5, 7, 9.75, 7.625], "texture": "#0"},
				"up": {"uv": [14.125, 6.75, 14, 6.5], "texture": "#0"},
				"down": {"uv": [7.125, 14, 7, 14.25], "texture": "#0"}
			}
		},
		{
			"from": [8.25, 0.45, 8],
			"to": [9.3, 1.625, 8.5],
			"faces": {
				"north": {"uv": [5.5, 6.5, 6, 7.0625], "texture": "#0"},
				"east": {"uv": [2.5, 10, 2.75, 10.5625], "texture": "#0"},
				"south": {"uv": [5.5, 6.5, 6, 7.0625], "texture": "#0"},
				"west": {"uv": [3, 10, 3.25, 10.5625], "texture": "#0"},
				"up": {"uv": [11, 6.25, 10.5, 6], "texture": "#0"},
				"down": {"uv": [7, 10.5, 6.5, 10.75], "texture": "#0"}
			}
		},
		{
			"from": [8.425, -1.075, 8],
			"to": [9.125, 0.45, 8.5],
			"faces": {
				"north": {"uv": [6, 6.5, 6.375, 7.25], "texture": "#0"},
				"east": {"uv": [1, 9, 1.25, 9.75], "texture": "#0"},
				"south": {"uv": [6, 6.5, 6.375, 7.25], "texture": "#0"},
				"west": {"uv": [1.5, 9, 1.75, 9.75], "texture": "#0"},
				"up": {"uv": [3.875, 11.75, 3.5, 11.5], "texture": "#0"},
				"down": {"uv": [11.875, 3.5, 11.5, 3.75], "texture": "#0"}
			}
		},
		{
			"from": [8.55, -2.475, 8],
			"to": [9, -1.075, 8.5],
			"faces": {
				"north": {"uv": [9, 4.5, 9.25, 5.1875], "texture": "#0"},
				"east": {"uv": [4.5, 9, 4.75, 9.6875], "texture": "#0"},
				"south": {"uv": [9, 4.5, 9.25, 5.1875], "texture": "#0"},
				"west": {"uv": [5, 9, 5.25, 9.6875], "texture": "#0"},
				"up": {"uv": [12.75, 10.25, 12.5, 10], "texture": "#0"},
				"down": {"uv": [10.75, 12.5, 10.5, 12.75], "texture": "#0"}
			}
		},
		{
			"from": [8.65, -3.85, 8],
			"to": [8.9, -2.475, 8.5],
			"faces": {
				"north": {"uv": [11, 11.5, 11.125, 12.1875], "texture": "#0"},
				"east": {"uv": [5.5, 9, 5.75, 9.6875], "texture": "#0"},
				"south": {"uv": [11, 11.5, 11.125, 12.1875], "texture": "#0"},
				"west": {"uv": [9, 5.5, 9.25, 6.1875], "texture": "#0"},
				"up": {"uv": [14.125, 7.25, 14, 7], "texture": "#0"},
				"down": {"uv": [7.625, 14, 7.5, 14.25], "texture": "#0"}
			}
		},
		{
			"from": [15.925, 23.125, 7.985],
			"to": [16.175, 25.125, 8.51],
			"faces": {
				"north": {"uv": [0.125, 10.5, 0, 11.5], "texture": "#0"},
				"east": {"uv": [1.5, 7, 1.75, 8], "texture": "#0"},
				"south": {"uv": [0, 10.5, 0.125, 11.5], "texture": "#0"},
				"west": {"uv": [2, 7, 2.25, 8], "texture": "#0"},
				"up": {"uv": [14.125, 3.75, 14, 3.5], "texture": "#0"},
				"down": {"uv": [4.125, 14, 4, 14.25], "texture": "#0"}
			}
		},
		{
			"from": [16.675, 22.875, 8.085],
			"to": [16.925, 24.875, 8.41],
			"faces": {
				"north": {"uv": [10.5, 1, 10.625, 2], "texture": "#0"},
				"east": {"uv": [8, 8.5, 8.1875, 9.5], "texture": "#0"},
				"south": {"uv": [10.5, 1, 10.625, 2], "texture": "#0"},
				"west": {"uv": [8.5, 8.5, 8.6875, 9.5], "texture": "#0"},
				"up": {"uv": [14.125, 7.6875, 14, 7.5], "texture": "#0"},
				"down": {"uv": [8.125, 14, 8, 14.1875], "texture": "#0"}
			}
		},
		{
			"from": [7.2, 23.9, 7.935],
			"to": [7.45, 25.875, 8.56],
			"faces": {
				"north": {"uv": [3.625, 10.5, 3.5, 11.5], "texture": "#0"},
				"east": {"uv": [5.5, 1.5, 5.8125, 2.5], "texture": "#0"},
				"south": {"uv": [3.5, 10.5, 3.625, 11.5], "texture": "#0"},
				"west": {"uv": [1.6875, 1.5, 1.3125, 2.75], "texture": "#0"},
				"up": {"uv": [2.125, 13.8125, 2, 13.5], "texture": "#0"},
				"down": {"uv": [13.625, 2, 13.5, 2.3125], "texture": "#0"}
			}
		},
		{
			"from": [6.95, 24.35, 7.935],
			"to": [7.2, 25.875, 8.56],
			"faces": {
				"north": {"uv": [1.125, 11.5, 1, 12.25], "texture": "#0"},
				"east": {"uv": [2.5, 7, 2.8125, 7.75], "texture": "#0"},
				"south": {"uv": [1, 11.5, 1.125, 12.25], "texture": "#0"},
				"west": {"uv": [7, 2.5, 7.3125, 3.25], "texture": "#0"},
				"up": {"uv": [2.625, 13.8125, 2.5, 13.5], "texture": "#0"},
				"down": {"uv": [13.625, 2.5, 13.5, 2.8125], "texture": "#0"}
			}
		},
		{
			"from": [6.7, 24.525, 7.935],
			"to": [6.95, 25.875, 8.56],
			"faces": {
				"north": {"uv": [11.625, 5, 11.5, 5.6875], "texture": "#0"},
				"east": {"uv": [6.5, 7.5, 6.8125, 8.1875], "texture": "#0"},
				"south": {"uv": [11.5, 5, 11.625, 5.6875], "texture": "#0"},
				"west": {"uv": [7.5, 6.5, 7.8125, 7.1875], "texture": "#0"},
				"up": {"uv": [3.125, 13.8125, 3, 13.5], "texture": "#0"},
				"down": {"uv": [13.625, 3, 13.5, 3.3125], "texture": "#0"}
			}
		},
		{
			"from": [6.45, 24.625, 7.935],
			"to": [6.7, 25.875, 8.56],
			"faces": {
				"north": {"uv": [6.625, 12, 6.5, 12.625], "texture": "#0"},
				"east": {"uv": [6, 8.5, 6.3125, 9.125], "texture": "#0"},
				"south": {"uv": [6.5, 12, 6.625, 12.625], "texture": "#0"},
				"west": {"uv": [6.5, 8.5, 6.8125, 9.125], "texture": "#0"},
				"up": {"uv": [3.625, 13.8125, 3.5, 13.5], "texture": "#0"},
				"down": {"uv": [13.625, 3.5, 13.5, 3.8125], "texture": "#0"}
			}
		},
		{
			"from": [6.2, 24.525, 7.935],
			"to": [6.45, 25.875, 8.56],
			"faces": {
				"north": {"uv": [6.125, 11.5, 6, 12.1875], "texture": "#0"},
				"east": {"uv": [7, 7.5, 7.3125, 8.1875], "texture": "#0"},
				"south": {"uv": [6, 11.5, 6.125, 12.1875], "texture": "#0"},
				"west": {"uv": [7.5, 7.5, 7.8125, 8.1875], "texture": "#0"},
				"up": {"uv": [4.125, 13.8125, 4, 13.5], "texture": "#0"},
				"down": {"uv": [13.625, 4, 13.5, 4.3125], "texture": "#0"}
			}
		},
		{
			"from": [5.95, 24.35, 7.935],
			"to": [6.2, 25.875, 8.56],
			"faces": {
				"north": {"uv": [11.625, 1.5, 11.5, 2.25], "texture": "#0"},
				"east": {"uv": [3, 7, 3.3125, 7.75], "texture": "#0"},
				"south": {"uv": [11.5, 1.5, 11.625, 2.25], "texture": "#0"},
				"west": {"uv": [7, 4.5, 7.3125, 5.25], "texture": "#0"},
				"up": {"uv": [4.625, 13.8125, 4.5, 13.5], "texture": "#0"},
				"down": {"uv": [13.625, 4.5, 13.5, 4.8125], "texture": "#0"}
			}
		},
		{
			"from": [9.45, 23.9, 7.935],
			"to": [9.7, 25.875, 8.56],
			"rotation": {"angle": 0, "axis": "y", "origin": [16, 0, 0]},
			"faces": {
				"north": {"uv": [5.625, 10.5, 5.5, 11.5], "texture": "#0"},
				"east": {"uv": [1.6875, 1.5, 1.3125, 2.75], "texture": "#0"},
				"south": {"uv": [5.5, 10.5, 5.625, 11.5], "texture": "#0"},
				"west": {"uv": [6.5, 1, 6.8125, 2], "texture": "#0"},
				"up": {"uv": [9.125, 13.8125, 9, 13.5], "texture": "#0"},
				"down": {"uv": [13.625, 9, 13.5, 9.3125], "texture": "#0"}
			}
		},
		{
			"from": [9.7, 24.35, 7.935],
			"to": [9.95, 25.875, 8.56],
			"rotation": {"angle": 0, "axis": "y", "origin": [16, 0, 0]},
			"faces": {
				"north": {"uv": [3.125, 11.5, 3, 12.25], "texture": "#0"},
				"east": {"uv": [7.5, 0, 7.8125, 0.75], "texture": "#0"},
				"south": {"uv": [3, 11.5, 3.125, 12.25], "texture": "#0"},
				"west": {"uv": [7.5, 1, 7.8125, 1.75], "texture": "#0"},
				"up": {"uv": [8.625, 13.8125, 8.5, 13.5], "texture": "#0"},
				"down": {"uv": [13.625, 8.5, 13.5, 8.8125], "texture": "#0"}
			}
		},
		{
			"from": [9.95, 24.525, 7.935],
			"to": [10.2, 25.875, 8.56],
			"rotation": {"angle": 0, "axis": "y", "origin": [16, 0, 0]},
			"faces": {
				"north": {"uv": [11.625, 9, 11.5, 9.6875], "texture": "#0"},
				"east": {"uv": [0.5, 8, 0.8125, 8.6875], "texture": "#0"},
				"south": {"uv": [11.5, 9, 11.625, 9.6875], "texture": "#0"},
				"west": {"uv": [1, 8, 1.3125, 8.6875], "texture": "#0"},
				"up": {"uv": [8.125, 13.8125, 8, 13.5], "texture": "#0"},
				"down": {"uv": [13.625, 8, 13.5, 8.3125], "texture": "#0"}
			}
		},
		{
			"from": [10.2, 24.625, 7.935],
			"to": [10.45, 25.875, 8.56],
			"rotation": {"angle": 0, "axis": "y", "origin": [16, 0, 0]},
			"faces": {
				"north": {"uv": [7.625, 12, 7.5, 12.625], "texture": "#0"},
				"east": {"uv": [7, 8.5, 7.3125, 9.125], "texture": "#0"},
				"south": {"uv": [7.5, 12, 7.625, 12.625], "texture": "#0"},
				"west": {"uv": [7.5, 8.5, 7.8125, 9.125], "texture": "#0"},
				"up": {"uv": [7.625, 13.8125, 7.5, 13.5], "texture": "#0"},
				"down": {"uv": [13.625, 7.5, 13.5, 7.8125], "texture": "#0"}
			}
		},
		{
			"from": [10.45, 24.525, 7.935],
			"to": [10.7, 25.875, 8.56],
			"rotation": {"angle": 0, "axis": "y", "origin": [16, 0, 0]},
			"faces": {
				"north": {"uv": [11.625, 8, 11.5, 8.6875], "texture": "#0"},
				"east": {"uv": [0, 8, 0.3125, 8.6875], "texture": "#0"},
				"south": {"uv": [11.5, 8, 11.625, 8.6875], "texture": "#0"},
				"west": {"uv": [8, 0, 8.3125, 0.6875], "texture": "#0"},
				"up": {"uv": [7.125, 13.8125, 7, 13.5], "texture": "#0"},
				"down": {"uv": [13.625, 7, 13.5, 7.3125], "texture": "#0"}
			}
		},
		{
			"from": [10.7, 24.35, 7.935],
			"to": [10.95, 25.875, 8.56],
			"rotation": {"angle": 0, "axis": "y", "origin": [16, 0, 0]},
			"faces": {
				"north": {"uv": [2.625, 11.5, 2.5, 12.25], "texture": "#0"},
				"east": {"uv": [7, 5.5, 7.3125, 6.25], "texture": "#0"},
				"south": {"uv": [2.5, 11.5, 2.625, 12.25], "texture": "#0"},
				"west": {"uv": [7, 6.5, 7.3125, 7.25], "texture": "#0"},
				"up": {"uv": [6.625, 13.8125, 6.5, 13.5], "texture": "#0"},
				"down": {"uv": [13.625, 6.5, 13.5, 6.8125], "texture": "#0"}
			}
		},
		{
			"from": [10.95, 23.6, 7.935],
			"to": [11.2, 25.875, 8.56],
			"rotation": {"angle": 0, "axis": "y", "origin": [16, 0, 0]},
			"faces": {
				"north": {"uv": [1.625, 10, 1.5, 11.125], "texture": "#0"},
				"east": {"uv": [2.5, 5.5, 2.8125, 6.625], "texture": "#0"},
				"south": {"uv": [1.5, 10, 1.625, 11.125], "texture": "#0"},
				"west": {"uv": [5.5, 5, 5.8125, 6.125], "texture": "#0"},
				"up": {"uv": [9.625, 13.8125, 9.5, 13.5], "texture": "#0"},
				"down": {"uv": [13.625, 9.5, 13.5, 9.8125], "texture": "#0"}
			}
		},
		{
			"from": [11.2, 23.675, 7.935],
			"to": [11.425, 25.875, 8.56],
			"rotation": {"angle": 0, "axis": "y", "origin": [16, 0, 0]},
			"faces": {
				"north": {"uv": [10.125, 2, 10, 3.125], "texture": "#0"},
				"east": {"uv": [6, 0, 6.3125, 1.125], "texture": "#0"},
				"south": {"uv": [10, 2, 10.125, 3.125], "texture": "#0"},
				"west": {"uv": [6, 1.5, 6.3125, 2.625], "texture": "#0"},
				"up": {"uv": [10.125, 13.8125, 10, 13.5], "texture": "#0"},
				"down": {"uv": [13.625, 10, 13.5, 10.3125], "texture": "#0"}
			}
		},
		{
			"from": [4.45, 24.25, 8.06],
			"to": [4.7, 26.025, 8.435],
			"faces": {
				"north": {"uv": [11.125, 4, 11, 4.875], "texture": "#0"},
				"east": {"uv": [9.5, 1, 9.6875, 1.875], "texture": "#0"},
				"south": {"uv": [11, 4, 11.125, 4.875], "texture": "#0"},
				"west": {"uv": [9.5, 2, 9.6875, 2.875], "texture": "#0"},
				"up": {"uv": [14.125, 11.1875, 14, 11], "texture": "#0"},
				"down": {"uv": [11.625, 14, 11.5, 14.1875], "texture": "#0"}
			}
		},
		{
			"from": [4.7, 24.05, 8.06],
			"to": [4.95, 25.975, 8.435],
			"faces": {
				"north": {"uv": [9.125, 10.5, 9, 11.4375], "texture": "#0"},
				"east": {"uv": [2, 9, 2.1875, 9.9375], "texture": "#0"},
				"south": {"uv": [9, 10.5, 9.125, 11.4375], "texture": "#0"},
				"west": {"uv": [9, 2, 9.1875, 2.9375], "texture": "#0"},
				"up": {"uv": [14.125, 10.6875, 14, 10.5], "texture": "#0"},
				"down": {"uv": [11.125, 14, 11, 14.1875], "texture": "#0"}
			}
		},
		{
			"from": [4.95, 23.9, 8.06],
			"to": [5.2, 25.925, 8.435],
			"faces": {
				"north": {"uv": [10.625, 4, 10.5, 5], "texture": "#0"},
				"east": {"uv": [0, 9, 0.1875, 10], "texture": "#0"},
				"south": {"uv": [10.5, 4, 10.625, 5], "texture": "#0"},
				"west": {"uv": [0.5, 9, 0.6875, 10], "texture": "#0"},
				"up": {"uv": [14.125, 10.1875, 14, 10], "texture": "#0"},
				"down": {"uv": [10.625, 14, 10.5, 14.1875], "texture": "#0"}
			}
		},
		{
			"from": [5.2, 23.775, 7.935],
			"to": [5.45, 25.9, 8.56],
			"faces": {
				"north": {"uv": [10.125, 6, 10, 7.0625], "texture": "#0"},
				"east": {"uv": [6, 3, 6.3125, 4.0625], "texture": "#0"},
				"south": {"uv": [10, 6, 10.125, 7.0625], "texture": "#0"},
				"west": {"uv": [4.5, 6, 4.8125, 7.0625], "texture": "#0"},
				"up": {"uv": [6.125, 13.8125, 6, 13.5], "texture": "#0"},
				"down": {"uv": [13.625, 6, 13.5, 6.3125], "texture": "#0"}
			}
		},
		{
			"from": [3.45, 25.35, 8.06],
			"to": [3.7, 26.25, 8.435],
			"faces": {
				"north": {"uv": [12.625, 11.5, 12.5, 11.9375], "texture": "#0"},
				"east": {"uv": [12, 0, 12.1875, 0.4375], "texture": "#0"},
				"south": {"uv": [12.5, 11.5, 12.625, 11.9375], "texture": "#0"},
				"west": {"uv": [0.5, 12, 0.6875, 12.4375], "texture": "#0"},
				"up": {"uv": [14.125, 13.1875, 14, 13], "texture": "#0"},
				"down": {"uv": [13.625, 14, 13.5, 14.1875], "texture": "#0"}
			}
		},
		{
			"from": [3.7, 25.1, 8.06],
			"to": [3.95, 26.175, 8.435],
			"faces": {
				"north": {"uv": [11.625, 12, 11.5, 12.5625], "texture": "#0"},
				"east": {"uv": [11, 5, 11.1875, 5.5625], "texture": "#0"},
				"south": {"uv": [11.5, 12, 11.625, 12.5625], "texture": "#0"},
				"west": {"uv": [11, 6, 11.1875, 6.5625], "texture": "#0"},
				"up": {"uv": [14.125, 12.6875, 14, 12.5], "texture": "#0"},
				"down": {"uv": [13.125, 14, 13, 14.1875], "texture": "#0"}
			}
		},
		{
			"from": [3.95, 24.75, 8.06],
			"to": [4.2, 26.125, 8.435],
			"faces": {
				"north": {"uv": [11.625, 7, 11.5, 7.6875], "texture": "#0"},
				"east": {"uv": [10, 7.5, 10.1875, 8.1875], "texture": "#0"},
				"south": {"uv": [11.5, 7, 11.625, 7.6875], "texture": "#0"},
				"west": {"uv": [10, 8.5, 10.1875, 9.1875], "texture": "#0"},
				"up": {"uv": [14.125, 12.1875, 14, 12], "texture": "#0"},
				"down": {"uv": [12.625, 14, 12.5, 14.1875], "texture": "#0"}
			}
		},
		{
			"from": [4.2, 24.5, 8.06],
			"to": [4.45, 26.075, 8.435],
			"faces": {
				"north": {"uv": [7.125, 11, 7, 11.8125], "texture": "#0"},
				"east": {"uv": [7.5, 9.5, 7.6875, 10.3125], "texture": "#0"},
				"south": {"uv": [7, 11, 7.125, 11.8125], "texture": "#0"},
				"west": {"uv": [8, 9.5, 8.1875, 10.3125], "texture": "#0"},
				"up": {"uv": [14.125, 11.6875, 14, 11.5], "texture": "#0"},
				"down": {"uv": [12.125, 14, 12, 14.1875], "texture": "#0"}
			}
		},
		{
			"from": [5.7, 23.5, 7.935],
			"to": [5.95, 25.875, 8.56],
			"faces": {
				"north": {"uv": [8.625, 9.5, 8.5, 10.6875], "texture": "#0"},
				"east": {"uv": [5, 5, 5.3125, 6.1875], "texture": "#0"},
				"south": {"uv": [8.5, 9.5, 8.625, 10.6875], "texture": "#0"},
				"west": {"uv": [5.5, 0, 5.8125, 1.1875], "texture": "#0"},
				"up": {"uv": [5.625, 13.8125, 5.5, 13.5], "texture": "#0"},
				"down": {"uv": [13.625, 5.5, 13.5, 5.8125], "texture": "#0"}
			}
		},
		{
			"from": [5.95, 23.425, 7.96],
			"to": [6.075, 23.875, 8.535],
			"faces": {
				"north": {"uv": [4.0625, 14.5, 4, 14.75], "texture": "#0"},
				"east": {"uv": [12, 6.5, 12.3125, 6.75], "texture": "#0"},
				"south": {"uv": [4, 14.5, 4.0625, 14.75], "texture": "#0"},
				"west": {"uv": [7, 12, 7.3125, 12.25], "texture": "#0"},
				"up": {"uv": [2.0625, 14.8125, 2, 14.5], "texture": "#0"},
				"down": {"uv": [14.5625, 2, 14.5, 2.3125], "texture": "#0"}
			}
		},
		{
			"from": [3.325, 25.575, 8.06],
			"to": [3.45, 26.325, 8.435],
			"faces": {
				"north": {"uv": [14.5625, 0, 14.5, 0.375], "texture": "#0"},
				"east": {"uv": [12, 12, 12.1875, 12.375], "texture": "#0"},
				"south": {"uv": [14.5, 0, 14.5625, 0.375], "texture": "#0"},
				"west": {"uv": [0, 12.5, 0.1875, 12.875], "texture": "#0"},
				"up": {"uv": [14.5625, 7.6875, 14.5, 7.5], "texture": "#0"},
				"down": {"uv": [8.0625, 14.5, 8, 14.6875], "texture": "#0"}
			}
		},
		{
			"from": [3.2, 25.95, 8.06],
			"to": [3.325, 26.375, 8.435],
			"faces": {
				"north": {"uv": [8.5625, 14.5, 8.5, 14.6875], "texture": "#0"},
				"east": {"uv": [2, 14, 2.1875, 14.1875], "texture": "#0"},
				"south": {"uv": [8.5, 14.5, 8.5625, 14.6875], "texture": "#0"},
				"west": {"uv": [14, 2, 14.1875, 2.1875], "texture": "#0"},
				"up": {"uv": [14.5625, 8.6875, 14.5, 8.5], "texture": "#0"},
				"down": {"uv": [9.0625, 14.5, 9, 14.6875], "texture": "#0"}
			}
		},
		{
			"from": [3.45, 25.7, 7.935],
			"to": [3.7, 26.1, 8.56],
			"faces": {
				"north": {"uv": [14.625, 0.5, 14.5, 0.6875], "texture": "#0"},
				"east": {"uv": [12.5, 10.5, 12.8125, 10.6875], "texture": "#0"},
				"south": {"uv": [14.5, 0.5, 14.625, 0.6875], "texture": "#0"},
				"west": {"uv": [11, 12.5, 11.3125, 12.6875], "texture": "#0"},
				"up": {"uv": [1.625, 14.3125, 1.5, 14], "texture": "#0"},
				"down": {"uv": [14.125, 1.5, 14, 1.8125], "texture": "#0"}
			}
		},
		{
			"from": [3.7, 25.425, 7.935],
			"to": [3.95, 26, 8.56],
			"faces": {
				"north": {"uv": [14.125, 0.5, 14, 0.8125], "texture": "#0"},
				"east": {"uv": [8, 11, 8.3125, 11.3125], "texture": "#0"},
				"south": {"uv": [14, 0.5, 14.125, 0.8125], "texture": "#0"},
				"west": {"uv": [11, 8, 11.3125, 8.3125], "texture": "#0"},
				"up": {"uv": [1.125, 14.3125, 1, 14], "texture": "#0"},
				"down": {"uv": [14.125, 1, 14, 1.3125], "texture": "#0"}
			}
		},
		{
			"from": [3.95, 25.025, 7.935],
			"to": [4.2, 25.95, 8.56],
			"faces": {
				"north": {"uv": [12.625, 12, 12.5, 12.4375], "texture": "#0"},
				"east": {"uv": [5.5, 10, 5.8125, 10.4375], "texture": "#0"},
				"south": {"uv": [12.5, 12, 12.625, 12.4375], "texture": "#0"},
				"west": {"uv": [10, 5.5, 10.3125, 5.9375], "texture": "#0"},
				"up": {"uv": [0.125, 14.3125, 0, 14], "texture": "#0"},
				"down": {"uv": [14.125, 0, 14, 0.3125], "texture": "#0"}
			}
		},
		{
			"from": [4.2, 24.75, 7.935],
			"to": [4.45, 25.9, 8.56],
			"faces": {
				"north": {"uv": [0.625, 12.5, 0.5, 13.0625], "texture": "#0"},
				"east": {"uv": [2.5, 9, 2.8125, 9.5625], "texture": "#0"},
				"south": {"uv": [0.5, 12.5, 0.625, 13.0625], "texture": "#0"},
				"west": {"uv": [3, 9, 3.3125, 9.5625], "texture": "#0"},
				"up": {"uv": [13.625, 13.3125, 13.5, 13], "texture": "#0"},
				"down": {"uv": [13.625, 13.5, 13.5, 13.8125], "texture": "#0"}
			}
		},
		{
			"from": [4.45, 24.5, 7.935],
			"to": [4.7, 25.875, 8.56],
			"faces": {
				"north": {"uv": [11.625, 10, 11.5, 10.6875], "texture": "#0"},
				"east": {"uv": [8, 1, 8.3125, 1.6875], "texture": "#0"},
				"south": {"uv": [11.5, 10, 11.625, 10.6875], "texture": "#0"},
				"west": {"uv": [1.5, 8, 1.8125, 8.6875], "texture": "#0"},
				"up": {"uv": [12.625, 13.8125, 12.5, 13.5], "texture": "#0"},
				"down": {"uv": [13.625, 12.5, 13.5, 12.8125], "texture": "#0"}
			}
		},
		{
			"from": [4.95, 24.05, 7.935],
			"to": [5.2, 25.875, 8.56],
			"faces": {
				"north": {"uv": [9.625, 10.5, 9.5, 11.4375], "texture": "#0"},
				"east": {"uv": [3.5, 6.5, 3.8125, 7.4375], "texture": "#0"},
				"south": {"uv": [9.5, 10.5, 9.625, 11.4375], "texture": "#0"},
				"west": {"uv": [4, 6.5, 4.3125, 7.4375], "texture": "#0"},
				"up": {"uv": [13.625, 11.8125, 13.5, 11.5], "texture": "#0"},
				"down": {"uv": [13.625, 12, 13.5, 12.3125], "texture": "#0"}
			}
		},
		{
			"from": [4.7, 24.25, 7.935],
			"to": [4.95, 25.85, 8.56],
			"faces": {
				"north": {"uv": [7.625, 11, 7.5, 11.8125], "texture": "#0"},
				"east": {"uv": [1, 7, 1.3125, 7.8125], "texture": "#0"},
				"south": {"uv": [7.5, 11, 7.625, 11.8125], "texture": "#0"},
				"west": {"uv": [7, 1, 7.3125, 1.8125], "texture": "#0"},
				"up": {"uv": [11.125, 13.8125, 11, 13.5], "texture": "#0"},
				"down": {"uv": [13.625, 11, 13.5, 11.3125], "texture": "#0"}
			}
		},
		{
			"from": [6.075, 23.375, 8.01],
			"to": [6.2, 23.7, 8.485],
			"faces": {
				"north": {"uv": [7.0625, 14.5, 7, 14.6875], "texture": "#0"},
				"east": {"uv": [5.5, 13, 5.75, 13.1875], "texture": "#0"},
				"south": {"uv": [7, 14.5, 7.0625, 14.6875], "texture": "#0"},
				"west": {"uv": [13, 5.5, 13.25, 5.6875], "texture": "#0"},
				"up": {"uv": [14.5625, 4.25, 14.5, 4], "texture": "#0"},
				"down": {"uv": [4.5625, 14.5, 4.5, 14.75], "texture": "#0"}
			}
		},
		{
			"from": [6.2, 23.375, 8.06],
			"to": [6.325, 23.6, 8.435],
			"faces": {
				"north": {"uv": [12.0625, 14.5, 12, 14.625], "texture": "#0"},
				"east": {"uv": [14, 13.5, 14.1875, 13.625], "texture": "#0"},
				"south": {"uv": [12, 14.5, 12.0625, 14.625], "texture": "#0"},
				"west": {"uv": [14, 14, 14.1875, 14.125], "texture": "#0"},
				"up": {"uv": [14.5625, 7.1875, 14.5, 7], "texture": "#0"},
				"down": {"uv": [7.5625, 14.5, 7.5, 14.6875], "texture": "#0"}
			}
		},
		{
			"from": [10.825, 23.6, 7.935],
			"to": [10.95, 23.875, 8.56],
			"rotation": {"angle": 0, "axis": "y", "origin": [16, 0, 0]},
			"faces": {
				"north": {"uv": [12.5625, 14.5, 12.5, 14.625], "texture": "#0"},
				"east": {"uv": [10.5, 13.5, 10.8125, 13.625], "texture": "#0"},
				"south": {"uv": [12.5, 14.5, 12.5625, 14.625], "texture": "#0"},
				"west": {"uv": [13.5, 10.5, 13.8125, 10.625], "texture": "#0"},
				"up": {"uv": [14.5625, 2.8125, 14.5, 2.5], "texture": "#0"},
				"down": {"uv": [14.5625, 3, 14.5, 3.3125], "texture": "#0"}
			}
		},
		{
			"from": [5.45, 23.6, 7.935],
			"to": [5.7, 25.9, 8.56],
			"faces": {
				"north": {"uv": [10.125, 0.5, 10, 1.625], "texture": "#0"},
				"east": {"uv": [0.5, 5.5, 0.8125, 6.625], "texture": "#0"},
				"south": {"uv": [10, 0.5, 10.125, 1.625], "texture": "#0"},
				"west": {"uv": [2, 5.5, 2.3125, 6.625], "texture": "#0"},
				"up": {"uv": [5.125, 13.8125, 5, 13.5], "texture": "#0"},
				"down": {"uv": [13.625, 5, 13.5, 5.3125], "texture": "#0"}
			}
		},
		{
			"from": [18.675, 21.375, 8.185],
			"to": [18.925, 22.625, 8.31],
			"faces": {
				"north": {"uv": [3.625, 12, 3.5, 12.625], "texture": "#0"},
				"east": {"uv": [12, 13, 12.0625, 13.625], "texture": "#0"},
				"south": {"uv": [3.5, 12, 3.625, 12.625], "texture": "#0"},
				"west": {"uv": [13, 12, 13.0625, 12.625], "texture": "#0"},
				"up": {"uv": [14.625, 9.5625, 14.5, 9.5], "texture": "#0"},
				"down": {"uv": [10.125, 14.5, 10, 14.5625], "texture": "#0"}
			}
		},
		{
			"from": [18.425, 21.875, 8.185],
			"to": [18.675, 23.125, 8.31],
			"faces": {
				"north": {"uv": [4.125, 12, 4, 12.625], "texture": "#0"},
				"east": {"uv": [13, 13, 13.0625, 13.625], "texture": "#0"},
				"south": {"uv": [4, 12, 4.125, 12.625], "texture": "#0"},
				"west": {"uv": [13.5, 0, 13.5625, 0.625], "texture": "#0"},
				"up": {"uv": [14.625, 10.0625, 14.5, 10], "texture": "#0"},
				"down": {"uv": [10.625, 14.5, 10.5, 14.5625], "texture": "#0"}
			}
		},
		{
			"from": [18.175, 22.125, 8.185],
			"to": [18.425, 23.625, 8.31],
			"faces": {
				"north": {"uv": [11.125, 8.5, 11, 9.25], "texture": "#0"},
				"east": {"uv": [12.5, 12.5, 12.5625, 13.25], "texture": "#0"},
				"south": {"uv": [11, 8.5, 11.125, 9.25], "texture": "#0"},
				"west": {"uv": [0, 13, 0.0625, 13.75], "texture": "#0"},
				"up": {"uv": [14.625, 10.5625, 14.5, 10.5], "texture": "#0"},
				"down": {"uv": [11.125, 14.5, 11, 14.5625], "texture": "#0"}
			}
		},
		{
			"from": [17.925, 22.375, 8.185],
			"to": [18.175, 23.875, 8.31],
			"faces": {
				"north": {"uv": [10.125, 11, 10, 11.75], "texture": "#0"},
				"east": {"uv": [13, 0, 13.0625, 0.75], "texture": "#0"},
				"south": {"uv": [10, 11, 10.125, 11.75], "texture": "#0"},
				"west": {"uv": [1, 13, 1.0625, 13.75], "texture": "#0"},
				"up": {"uv": [14.625, 11.0625, 14.5, 11], "texture": "#0"},
				"down": {"uv": [11.625, 14.5, 11.5, 14.5625], "texture": "#0"}
			}
		},
		{
			"from": [17.675, 22.625, 8.085],
			"to": [17.925, 24.125, 8.41],
			"faces": {
				"north": {"uv": [0.125, 11.5, 0, 12.25], "texture": "#0"},
				"east": {"uv": [9, 9.5, 9.1875, 10.25], "texture": "#0"},
				"south": {"uv": [0, 11.5, 0.125, 12.25], "texture": "#0"},
				"west": {"uv": [9.5, 9.5, 9.6875, 10.25], "texture": "#0"},
				"up": {"uv": [14.125, 8.1875, 14, 8], "texture": "#0"},
				"down": {"uv": [8.625, 14, 8.5, 14.1875], "texture": "#0"}
			}
		},
		{
			"from": [18.175, 22.375, 8.085],
			"to": [18.425, 22.875, 8.41],
			"faces": {
				"north": {"uv": [4.625, 14, 4.5, 14.25], "texture": "#0"},
				"east": {"uv": [1.5, 13, 1.6875, 13.25], "texture": "#0"},
				"south": {"uv": [4.5, 14, 4.625, 14.25], "texture": "#0"},
				"west": {"uv": [2, 13, 2.1875, 13.25], "texture": "#0"},
				"up": {"uv": [14.125, 8.6875, 14, 8.5], "texture": "#0"},
				"down": {"uv": [9.125, 14, 9, 14.1875], "texture": "#0"}
			}
		},
		{
			"from": [17.925, 22.625, 8.085],
			"to": [18.175, 23.375, 8.41],
			"faces": {
				"north": {"uv": [3.125, 13, 3, 13.375], "texture": "#0"},
				"east": {"uv": [12, 10, 12.1875, 10.375], "texture": "#0"},
				"south": {"uv": [3, 13, 3.125, 13.375], "texture": "#0"},
				"west": {"uv": [12, 10.5, 12.1875, 10.875], "texture": "#0"},
				"up": {"uv": [14.125, 9.1875, 14, 9], "texture": "#0"},
				"down": {"uv": [9.625, 14, 9.5, 14.1875], "texture": "#0"}
			}
		},
		{
			"from": [17.425, 22.625, 8.085],
			"to": [17.675, 24.375, 8.41],
			"faces": {
				"north": {"uv": [11.125, 0, 11, 0.875], "texture": "#0"},
				"east": {"uv": [9, 6.5, 9.1875, 7.375], "texture": "#0"},
				"south": {"uv": [11, 0, 11.125, 0.875], "texture": "#0"},
				"west": {"uv": [9, 7.5, 9.1875, 8.375], "texture": "#0"},
				"up": {"uv": [14.125, 9.6875, 14, 9.5], "texture": "#0"},
				"down": {"uv": [10.125, 14, 10, 14.1875], "texture": "#0"}
			}
		},
		{
			"from": [16.925, 22.875, 8.085],
			"to": [17.425, 24.625, 8.41],
			"faces": {
				"north": {"uv": [4.25, 7.5, 4, 8.375], "texture": "#0"},
				"east": {"uv": [9, 8.5, 9.1875, 9.375], "texture": "#0"},
				"south": {"uv": [4, 7.5, 4.25, 8.375], "texture": "#0"},
				"west": {"uv": [9.5, 0, 9.6875, 0.875], "texture": "#0"},
				"up": {"uv": [3.75, 13.1875, 3.5, 13], "texture": "#0"},
				"down": {"uv": [4.25, 13, 4, 13.1875], "texture": "#0"}
			}
		},
		{
			"from": [17.425, 23.125, 7.985],
			"to": [17.675, 23.625, 8.51],
			"faces": {
				"north": {"uv": [5.125, 14, 5, 14.25], "texture": "#0"},
				"east": {"uv": [3, 12.5, 3.25, 12.75], "texture": "#0"},
				"south": {"uv": [5, 14, 5.125, 14.25], "texture": "#0"},
				"west": {"uv": [6, 12.5, 6.25, 12.75], "texture": "#0"},
				"up": {"uv": [14.125, 5.25, 14, 5], "texture": "#0"},
				"down": {"uv": [5.625, 14, 5.5, 14.25], "texture": "#0"}
			}
		},
		{
			"from": [17.175, 23.125, 7.985],
			"to": [17.425, 23.875, 8.51],
			"faces": {
				"north": {"uv": [13.125, 4.5, 13, 4.875], "texture": "#0"},
				"east": {"uv": [11.5, 0, 11.75, 0.375], "texture": "#0"},
				"south": {"uv": [13, 4.5, 13.125, 4.875], "texture": "#0"},
				"west": {"uv": [0.5, 11.5, 0.75, 11.875], "texture": "#0"},
				"up": {"uv": [14.125, 5.75, 14, 5.5], "texture": "#0"},
				"down": {"uv": [6.125, 14, 6, 14.25], "texture": "#0"}
			}
		},
		{
			"from": [16.675, 23.125, 7.985],
			"to": [17.175, 24.375, 8.51],
			"faces": {
				"north": {"uv": [4.25, 9.5, 4, 10.125], "texture": "#0"},
				"east": {"uv": [9.5, 3.5, 9.75, 4.125], "texture": "#0"},
				"south": {"uv": [4, 9.5, 4.25, 10.125], "texture": "#0"},
				"west": {"uv": [9.5, 4.5, 9.75, 5.125], "texture": "#0"},
				"up": {"uv": [7.25, 12.75, 7, 12.5], "texture": "#0"},
				"down": {"uv": [8.25, 12.5, 8, 12.75], "texture": "#0"}
			}
		},
		{
			"from": [16.175, 23.125, 7.985],
			"to": [16.675, 24.875, 8.51],
			"faces": {
				"north": {"uv": [5.25, 7.5, 5, 8.375], "texture": "#0"},
				"east": {"uv": [7.5, 4.5, 7.75, 5.375], "texture": "#0"},
				"south": {"uv": [5, 7.5, 5.25, 8.375], "texture": "#0"},
				"west": {"uv": [5.5, 7.5, 5.75, 8.375], "texture": "#0"},
				"up": {"uv": [12.75, 9.25, 12.5, 9], "texture": "#0"},
				"down": {"uv": [12.75, 9.5, 12.5, 9.75], "texture": "#0"}
			}
		},
		{
			"from": [14.925, 23.375, 7.985],
			"to": [15.925, 25.125, 8.51],
			"faces": {
				"north": {"uv": [5.5, 1.5, 5, 2.375], "texture": "#0"},
				"east": {"uv": [7.5, 5.5, 7.75, 6.375], "texture": "#0"},
				"south": {"uv": [5, 1.5, 5.5, 2.375], "texture": "#0"},
				"west": {"uv": [6, 7.5, 6.25, 8.375], "texture": "#0"},
				"up": {"uv": [11, 2.25, 10.5, 2], "texture": "#0"},
				"down": {"uv": [11, 2.5, 10.5, 2.75], "texture": "#0"}
			}
		},
		{
			"from": [14.925, 23.625, 7.935],
			"to": [15.675, 24.625, 8.56],
			"faces": {
				"north": {"uv": [3.375, 8, 3, 8.5], "texture": "#0"},
				"east": {"uv": [9.5, 5.5, 9.8125, 6], "texture": "#0"},
				"south": {"uv": [3, 8, 3.375, 8.5], "texture": "#0"},
				"west": {"uv": [6, 9.5, 6.3125, 10], "texture": "#0"},
				"up": {"uv": [10.875, 6.8125, 10.5, 6.5], "texture": "#0"},
				"down": {"uv": [7.375, 10.5, 7, 10.8125], "texture": "#0"}
			}
		},
		{
			"from": [15.675, 23.625, 7.935],
			"to": [16.425, 24.375, 8.56],
			"faces": {
				"north": {"uv": [10, 0, 10.375, 0.375], "texture": "#0"},
				"east": {"uv": [10.5, 7, 10.8125, 7.375], "texture": "#0"},
				"south": {"uv": [10, 0, 10.375, 0.375], "texture": "#0"},
				"west": {"uv": [7.5, 10.5, 7.8125, 10.875], "texture": "#0"},
				"up": {"uv": [10.875, 7.8125, 10.5, 7.5], "texture": "#0"},
				"down": {"uv": [8.375, 10.5, 8, 10.8125], "texture": "#0"}
			}
		},
		{
			"from": [13.425, 23.625, 7.935],
			"to": [14.925, 25.375, 8.56],
			"faces": {
				"north": {"uv": [4.75, 0, 4, 0.875], "texture": "#0"},
				"east": {"uv": [7, 0, 7.3125, 0.875], "texture": "#0"},
				"south": {"uv": [4, 0, 4.75, 0.875], "texture": "#0"},
				"west": {"uv": [0.5, 7, 0.8125, 7.875], "texture": "#0"},
				"up": {"uv": [7.25, 4.3125, 6.5, 4], "texture": "#0"},
				"down": {"uv": [7.75, 2, 7, 2.3125], "texture": "#0"}
			}
		},
		{
			"from": [7.45, 23.6, 7.835],
			"to": [9.45, 26.125, 8.66],
			"faces": {
				"north": {"uv": [2, 1.5, 1, 2.75], "texture": "#0"},
				"east": {"uv": [1.6875, 1.5, 1.3125, 2.75], "texture": "#0"},
				"south": {"uv": [1, 1.5, 2, 2.75], "texture": "#0"},
				"west": {"uv": [1.6875, 1.5, 1.3125, 2.75], "texture": "#0"},
				"up": {"uv": [3, 5.4375, 2, 5], "texture": "#0"},
				"down": {"uv": [6, 2.5, 5, 2.9375], "texture": "#0"}
			}
		},
		{
			"from": [7.825, 26.125, 7.91],
			"to": [9.075, 26.375, 8.585],
			"faces": {
				"north": {"uv": [12, 5, 12.625, 5.125], "texture": "#0"},
				"east": {"uv": [12, 5, 12.625, 5.125], "texture": "#0"},
				"south": {"uv": [12, 5, 12.625, 5.125], "texture": "#0"},
				"west": {"uv": [12, 5, 12.625, 5.125], "texture": "#0"},
				"up": {"uv": [2.625, 8.8125, 2, 8.5], "texture": "#0"},
				"down": {"uv": [3.625, 8.5, 3, 8.8125], "texture": "#0"}
			}
		},
		{
			"from": [7.825, 23.35, 7.91],
			"to": [9.075, 23.6, 8.585],
			"faces": {
				"north": {"uv": [12, 6, 12.625, 6.125], "texture": "#0"},
				"east": {"uv": [12, 6, 12.625, 6.125], "texture": "#0"},
				"south": {"uv": [12, 6, 12.625, 6.125], "texture": "#0"},
				"west": {"uv": [12, 6, 12.625, 6.125], "texture": "#0"},
				"up": {"uv": [4.625, 8.8125, 4, 8.5], "texture": "#0"},
				"down": {"uv": [5.625, 8.5, 5, 8.8125], "texture": "#0"}
			}
		},
		{
			"from": [11.425, 23.8, 7.935],
			"to": [13.425, 25.625, 8.56],
			"faces": {
				"north": {"uv": [2, 3, 1, 3.9375], "texture": "#0"},
				"east": {"uv": [6.5, 2, 6.8125, 2.9375], "texture": "#0"},
				"south": {"uv": [1, 3, 2, 3.9375], "texture": "#0"},
				"west": {"uv": [6.5, 3, 6.8125, 3.9375], "texture": "#0"},
				"up": {"uv": [7, 4.8125, 6, 4.5], "texture": "#0"},
				"down": {"uv": [7, 5, 6, 5.3125], "texture": "#0"}
			}
		}
	],
	"display": {
		"thirdperson_righthand": {
			"rotation": [0, 90, 0],
			"translation": [-0.25, -11, 0.75],
			"scale": [1.5, 1.5, 1.5]
		},
		"thirdperson_lefthand": {
			"rotation": [0, -90, 0],
			"translation": [0.5, -11, 0.75],
			"scale": [1.5, 1.5, 1.5]
		},
		"firstperson_righthand": {
			"rotation": [-11, 90, 0],
			"translation": [-3.25, 3.25, 6.5],
			"scale": [0.5, 0.5, 0.5]
		},
		"firstperson_lefthand": {
			"rotation": [-11, -90, 0],
			"translation": [-3.25, 3.25, 6.5],
			"scale": [0.5, 0.5, 0.5]
		},
		"ground": {
			"translation": [0, 15.5, 0],
			"scale": [1.5, 1.5, 1.5]
		},
		"gui": {
			"rotation": [-180, 1, -128],
			"translation": [-3, -4.25, 0],
			"scale": [0.8, 0.8, 0.8]
		},
		"head": {
			"rotation": [-1, 0, -49],
			"translation": [-10.25, -20.5, 4],
			"scale": [2, 2, 2]
		},
		"fixed": {
			"rotation": [1, -2, 47],
			"translation": [3.25, -5, -2.25]
		}
	}
}