{
	"credit": "Made with Blockbench",
	"textures": {
		"0": "item/axe",
		"1": "item/hoe",
		"particle": "item/axe"
	},
	"elements": [
		{
			"from": [8.175, 1.75, 8],
			"to": [8.925, 3.25, 8.5],
			"faces": {
				"north": {"uv": [4.5, 1, 4.875, 1.75], "texture": "#0"},
				"east": {"uv": [4.5, 1, 4.875, 1.75], "texture": "#0"},
				"south": {"uv": [4.5, 1, 4.875, 1.75], "texture": "#0"},
				"west": {"uv": [4.5, 1, 4.875, 1.75], "texture": "#0"},
				"up": {"uv": [7.875, 4.75, 7.5, 4.5], "texture": "#0"},
				"down": {"uv": [5.375, 7.5, 5, 7.75], "texture": "#0"}
			}
		},
		{
			"from": [8.175, 6.25, 8],
			"to": [8.925, 11.75, 8.5],
			"faces": {
				"north": {"uv": [0, 0, 0.375, 2.75], "texture": "#0"},
				"east": {"uv": [0, 0, 0.375, 2.75], "texture": "#0"},
				"south": {"uv": [0, 0, 0.375, 2.75], "texture": "#0"},
				"west": {"uv": [0, 0, 0.375, 2.75], "texture": "#0"},
				"up": {"uv": [7.875, 5.25, 7.5, 5], "texture": "#0"},
				"down": {"uv": [5.875, 7.5, 5.5, 7.75], "texture": "#0"}
			}
		},
		{
			"from": [8.175, 11.75, 8],
			"to": [8.925, 14.5, 8.5],
			"faces": {
				"north": {"uv": [1, 3, 1.375, 4.375], "texture": "#0"},
				"east": {"uv": [1, 3, 1.375, 4.375], "texture": "#0"},
				"south": {"uv": [1, 3, 1.375, 4.375], "texture": "#0"},
				"west": {"uv": [1, 3, 1.375, 4.375], "texture": "#0"},
				"up": {"uv": [7.875, 5.75, 7.5, 5.5], "texture": "#0"},
				"down": {"uv": [6.375, 7.5, 6, 7.75], "texture": "#0"}
			}
		},
		{
			"from": [8.175, 4, 8],
			"to": [8.925, 6.25, 8.5],
			"faces": {
				"north": {"uv": [3.5, 3, 3.875, 4.125], "texture": "#0"},
				"east": {"uv": [3.5, 3, 3.875, 4.125], "texture": "#0"},
				"south": {"uv": [3.5, 3, 3.875, 4.125], "texture": "#0"},
				"west": {"uv": [3.5, 3, 3.875, 4.125], "texture": "#0"},
				"up": {"uv": [7.875, 6.25, 7.5, 6], "texture": "#0"},
				"down": {"uv": [6.875, 7.5, 6.5, 7.75], "texture": "#0"}
			}
		},
		{
			"from": [8.175, 3.25, 8],
			"to": [8.925, 4, 8.5],
			"faces": {
				"north": {"uv": [3, 2.5, 3.375, 2.875], "texture": "#0"},
				"east": {"uv": [3, 2.5, 3.375, 2.875], "texture": "#0"},
				"south": {"uv": [3, 2.5, 3.375, 2.875], "texture": "#0"},
				"west": {"uv": [3, 2.5, 3.375, 2.875], "texture": "#0"},
				"up": {"uv": [7.875, 7.75, 7.5, 7.5], "texture": "#0"},
				"down": {"uv": [8.375, 0, 8, 0.25], "texture": "#0"}
			}
		},
		{
			"from": [8.175, 1.25, 8],
			"to": [8.925, 1.75, 8.5],
			"faces": {
				"north": {"uv": [8, 0.5, 8.375, 0.75], "texture": "#0"},
				"east": {"uv": [8, 0.5, 8.375, 0.75], "texture": "#0"},
				"south": {"uv": [8, 0.5, 8.375, 0.75], "texture": "#0"},
				"west": {"uv": [8, 0.5, 8.375, 0.75], "texture": "#0"},
				"up": {"uv": [8.375, 1.75, 8, 1.5], "texture": "#0"},
				"down": {"uv": [8.375, 2, 8, 2.25], "texture": "#0"}
			}
		},
		{
			"from": [8.025, -0.65, 7.86],
			"to": [9.075, 1.25, 8.635],
			"faces": {
				"north": {"uv": [0, 3, 0.625, 3.9375], "texture": "#0"},
				"east": {"uv": [0, 3, 0.625, 3.9375], "texture": "#0"},
				"south": {"uv": [0, 3, 0.625, 3.9375], "texture": "#0"},
				"west": {"uv": [0, 3, 0.625, 3.9375], "texture": "#0"},
				"up": {"uv": [5.625, 2, 5, 2.375], "texture": "#0"},
				"down": {"uv": [5.625, 0, 5, 0.375], "texture": "#0"}
			}
		},
		{
			"from": [7.9, 12.425, 7.785],
			"to": [9.15, 14.675, 8.71],
			"rotation": {"angle": 0, "axis": "y", "origin": [0, 16, 0]},
			"faces": {
				"north": {"uv": [1, 0, 1.625, 1.125], "texture": "#0"},
				"east": {"uv": [1, 0, 1.625, 1.125], "texture": "#0"},
				"south": {"uv": [1, 0, 1.625, 1.125], "texture": "#0"},
				"west": {"uv": [1, 0, 1.625, 1.125], "texture": "#0"},
				"up": {"uv": [5.625, 2, 5, 2.375], "texture": "#0"},
				"down": {"uv": [5.625, 2, 5, 2.375], "texture": "#0"}
			}
		},
		{
			"from": [10.275, 13.375, 7.06],
			"to": [11.525, 13.9, 9.435],
			"faces": {
				"north": {"uv": [10, 0, 11.25, 0.5], "texture": "#1"},
				"east": {"uv": [5, 4, 7.375, 4.5], "texture": "#1"},
				"south": {"uv": [10, 1, 11.25, 1.5], "texture": "#1"},
				"west": {"uv": [5, 5, 7.375, 5.5], "texture": "#1"},
				"up": {"uv": [1.25, 2.375, 0, 0], "texture": "#1"},
				"down": {"uv": [3.25, 0, 2, 2.375], "texture": "#1"}
			}
		},
		{
			"from": [9.8, 13.375, 7.335],
			"to": [10.275, 13.9, 9.16],
			"faces": {
				"north": {"uv": [5, 11, 5.5, 11.5], "texture": "#1"},
				"east": {"uv": [8, 0, 9.875, 0.5], "texture": "#1"},
				"south": {"uv": [6, 11, 6.5, 11.5], "texture": "#1"},
				"west": {"uv": [8, 1, 9.875, 1.5], "texture": "#1"},
				"up": {"uv": [2.5, 9.875, 2, 8], "texture": "#1"},
				"down": {"uv": [4.5, 8, 4, 9.875], "texture": "#1"}
			}
		},
		{
			"from": [11.525, 13.3, 7.06],
			"to": [12.625, 13.8, 9.435],
			"faces": {
				"north": {"uv": [2, 10, 3.125, 10.5], "texture": "#1"},
				"east": {"uv": [0, 6, 2.375, 6.5], "texture": "#1"},
				"south": {"uv": [10, 3, 11.125, 3.5], "texture": "#1"},
				"west": {"uv": [3, 6, 5.375, 6.5], "texture": "#1"},
				"up": {"uv": [1.125, 5.375, 0, 3], "texture": "#1"},
				"down": {"uv": [3.125, 3, 2, 5.375], "texture": "#1"}
			}
		},
		{
			"from": [12.625, 13.175, 7.06],
			"to": [13.3, 13.625, 9.435],
			"faces": {
				"north": {"uv": [2, 11, 2.625, 11.5], "texture": "#1"},
				"east": {"uv": [6, 6, 8.375, 6.5], "texture": "#1"},
				"south": {"uv": [11, 2, 11.625, 2.5], "texture": "#1"},
				"west": {"uv": [0, 7, 2.375, 7.5], "texture": "#1"},
				"up": {"uv": [4.625, 2.375, 4, 0], "texture": "#1"},
				"down": {"uv": [4.625, 3, 4, 5.375], "texture": "#1"}
			}
		},
		{
			"from": [13.3, 13, 7.06],
			"to": [13.775, 13.4, 9.435],
			"faces": {
				"north": {"uv": [11, 9, 11.5, 9.375], "texture": "#1"},
				"east": {"uv": [8, 2, 10.375, 2.375], "texture": "#1"},
				"south": {"uv": [10, 11, 10.5, 11.375], "texture": "#1"},
				"west": {"uv": [8, 4, 10.375, 4.375], "texture": "#1"},
				"up": {"uv": [7.5, 2.375, 7, 0], "texture": "#1"},
				"down": {"uv": [3.5, 7, 3, 9.375], "texture": "#1"}
			}
		},
		{
			"from": [9.15, 13.2, 7.735],
			"to": [10.5, 14.05, 8.76],
			"faces": {
				"north": {"uv": [5, 2, 6.375, 2.875], "texture": "#1"},
				"east": {"uv": [5, 8, 6, 8.875], "texture": "#1"},
				"south": {"uv": [5, 3, 6.375, 3.875], "texture": "#1"},
				"west": {"uv": [8, 5, 9, 5.875], "texture": "#1"},
				"up": {"uv": [6.375, 1, 5, 0], "texture": "#1"},
				"down": {"uv": [6.375, 1, 5, 2], "texture": "#1"}
			}
		},
		{
			"from": [9.15, 13.025, 7.935],
			"to": [9.55, 14.225, 8.56],
			"faces": {
				"north": {"uv": [4, 10, 4.375, 11.25], "texture": "#1"},
				"east": {"uv": [0, 9, 0.625, 10.25], "texture": "#1"},
				"south": {"uv": [8, 10, 8.375, 11.25], "texture": "#1"},
				"west": {"uv": [1, 9, 1.625, 10.25], "texture": "#1"},
				"up": {"uv": [11.375, 6.625, 11, 6], "texture": "#1"},
				"down": {"uv": [7.375, 11, 7, 11.625], "texture": "#1"}
			}
		},
		{
			"from": [7.5, 13.025, 7.935],
			"to": [7.9, 14.225, 8.56],
			"faces": {
				"north": {"uv": [10, 8, 10.375, 9.25], "texture": "#1"},
				"east": {"uv": [5, 9, 5.625, 10.25], "texture": "#1"},
				"south": {"uv": [9, 10, 9.375, 11.25], "texture": "#1"},
				"west": {"uv": [9, 5, 9.625, 6.25], "texture": "#1"},
				"up": {"uv": [11.375, 7.625, 11, 7], "texture": "#1"},
				"down": {"uv": [11.375, 8, 11, 8.625], "texture": "#1"}
			}
		}
	],
	"display": {
		"thirdperson_righthand": {
			"rotation": [0, 90, 0],
			"translation": [-0.5, 3, 0.75],
			"scale": [1.5, 1.5, 1.5]
		},
		"thirdperson_lefthand": {
			"rotation": [0, -90, 0],
			"translation": [0.5, 3, 0.75],
			"scale": [1.5, 1.5, 1.5]
		},
		"firstperson_righthand": {
			"rotation": [18, 88, 0],
			"translation": [-4, 4.5, 6.25],
			"scale": [0.5, 0.5, 0.5]
		},
		"firstperson_lefthand": {
			"rotation": [18, -88, 0],
			"translation": [-4, 4.5, 6.25],
			"scale": [0.5, 0.5, 0.5]
		},
		"ground": {
			"translation": [0, 10, 0],
			"scale": [1.5, 1.5, 1.5]
		},
		"gui": {
			"rotation": [-180, 1, -128],
			"translation": [0.25, -1, 0],
			"scale": [1.2, 1.2, 1.2]
		},
		"head": {
			"translation": [0, 19.75, 0],
			"scale": [1.5, 1.5, 1.5]
		},
		"fixed": {
			"rotation": [1, -2, 47],
			"translation": [0, -0.75, -2.25]
		}
	}
}