{
	"credit": "Made with Blockbench",
	"texture_size": [512, 512],
	"textures": {
		"1": "item/holy_sword_flames",
		"2": "item/holy_sword"
	},
	"elements": [
		{
			"from": [8, -0.95, 8.075],
			"to": [8.75, 5.475, 8.425],
			"faces": {
				"north": {"uv": [1.99998, 0, 2.18748, 1.59373], "texture": "#2"},
				"east": {"uv": [0.74999, 2.74997, 0.84374, 4.3437], "texture": "#2"},
				"south": {"uv": [1.99998, 1.74998, 2.18748, 3.34371], "texture": "#2"},
				"west": {"uv": [2.99997, 0.49999, 3.09371, 2.09373], "texture": "#2"},
				"up": {"uv": [4.43745, 6.09368, 4.24995, 5.99993], "texture": "#2"},
				"down": {"uv": [4.68745, 5.99993, 4.49995, 6.09368], "texture": "#2"}
			}
		},
		{
			"from": [7.8, 5, 8],
			"to": [8.95, 5.125, 8.5],
			"faces": {
				"north": {"uv": [3.24996, 6.99992, 3.53121, 7.03117], "texture": "#2"},
				"east": {"uv": [6.74992, 7.49991, 6.87492, 7.53116], "texture": "#2"},
				"south": {"uv": [3.24996, 6.99992, 3.53121, 7.03117], "texture": "#2"},
				"west": {"uv": [7.49991, 6.74992, 7.62491, 6.78117], "texture": "#2"},
				"up": {"uv": [5.03119, 0.375, 4.74995, 0.25], "texture": "#2"},
				"down": {"uv": [5.03119, 0.49999, 4.74995, 0.62499], "texture": "#2"}
			}
		},
		{
			"from": [7.95, 4.75, 8],
			"to": [8.8, 4.875, 8.5],
			"faces": {
				"north": {"uv": [4.24995, 7.49991, 4.4687, 7.53116], "texture": "#2"},
				"east": {"uv": [7.74991, 3.74996, 7.87491, 3.78121], "texture": "#2"},
				"south": {"uv": [4.24995, 7.49991, 4.4687, 7.53116], "texture": "#2"},
				"west": {"uv": [3.99995, 7.74991, 4.12495, 7.78116], "texture": "#2"},
				"up": {"uv": [5.71868, 3.37496, 5.49994, 3.24996], "texture": "#2"},
				"down": {"uv": [3.71871, 5.49994, 3.49996, 5.62494], "texture": "#2"}
			}
		},
		{
			"from": [7.875, 4.875, 8],
			"to": [8.875, 5, 8.5],
			"faces": {
				"north": {"uv": [1.24999, 7.49991, 1.49998, 7.53116], "texture": "#2"},
				"east": {"uv": [7.74991, 3.99995, 7.87491, 4.0312], "texture": "#2"},
				"south": {"uv": [1.24999, 7.49991, 1.49998, 7.53116], "texture": "#2"},
				"west": {"uv": [4.24995, 7.74991, 4.37495, 7.78116], "texture": "#2"},
				"up": {"uv": [5.24994, 3.62496, 4.99994, 3.49996], "texture": "#2"},
				"down": {"uv": [5.24994, 3.74996, 4.99994, 3.87496], "texture": "#2"}
			}
		},
		{
			"from": [7.95, 4.525, 8],
			"to": [8.8, 4.75, 8.5],
			"rotation": {"angle": 0, "axis": "y", "origin": [0, 16, 0]},
			"faces": {
				"north": {"uv": [6.24993, 3.74996, 6.46868, 3.81246], "texture": "#2"},
				"east": {"uv": [1.24999, 7.24992, 1.37498, 7.31242], "texture": "#2"},
				"south": {"uv": [6.24993, 3.74996, 6.46868, 3.81246], "texture": "#2"},
				"west": {"uv": [7.24992, 1.24999, 7.37492, 1.31249], "texture": "#2"},
				"up": {"uv": [5.46869, 3.37496, 5.24994, 3.24996], "texture": "#2"},
				"down": {"uv": [3.71871, 5.24994, 3.49996, 5.37494], "texture": "#2"}
			}
		},
		{
			"from": [7.95, 3.85, 8],
			"to": [8.8, 4.05, 8.5],
			"rotation": {"angle": 0, "axis": "y", "origin": [0, 16, 0]},
			"faces": {
				"north": {"uv": [4.24995, 6.24993, 4.4687, 6.31243], "texture": "#2"},
				"east": {"uv": [1.49998, 7.24992, 1.62498, 7.31242], "texture": "#2"},
				"south": {"uv": [6.24993, 4.24995, 6.46868, 4.31245], "texture": "#2"},
				"west": {"uv": [7.24992, 1.49998, 7.37492, 1.56248], "texture": "#2"},
				"up": {"uv": [5.46869, 3.62496, 5.24994, 3.49996], "texture": "#2"},
				"down": {"uv": [5.46869, 3.74996, 5.24994, 3.87496], "texture": "#2"}
			}
		},
		{
			"from": [7.95, 4.05, 8],
			"to": [8.8, 4.25, 8.5],
			"faces": {
				"north": {"uv": [4.74995, 6.24993, 4.96869, 6.31243], "texture": "#2"},
				"east": {"uv": [1.99998, 7.24992, 2.12498, 7.31242], "texture": "#2"},
				"south": {"uv": [4.99994, 6.24993, 5.21869, 6.31243], "texture": "#2"},
				"west": {"uv": [7.24992, 1.99998, 7.37492, 2.06248], "texture": "#2"},
				"up": {"uv": [4.4687, 5.37494, 4.24995, 5.24994], "texture": "#2"},
				"down": {"uv": [5.46869, 4.24995, 5.24994, 4.37495], "texture": "#2"}
			}
		},
		{
			"from": [7.95, 3.6, 8],
			"to": [8.8, 3.8, 8.5],
			"faces": {
				"north": {"uv": [4.74995, 6.24993, 4.96869, 6.31243], "texture": "#2"},
				"east": {"uv": [1.99998, 7.24992, 2.12498, 7.31242], "texture": "#2"},
				"south": {"uv": [4.99994, 6.24993, 5.21869, 6.31243], "texture": "#2"},
				"west": {"uv": [7.24992, 1.99998, 7.37492, 2.06248], "texture": "#2"},
				"up": {"uv": [4.4687, 5.37494, 4.24995, 5.24994], "texture": "#2"},
				"down": {"uv": [5.46869, 4.24995, 5.24994, 4.37495], "texture": "#2"}
			}
		},
		{
			"from": [7.95, 3.4, 8],
			"to": [8.8, 3.6, 8.5],
			"rotation": {"angle": 0, "axis": "y", "origin": [0, 16, 0]},
			"faces": {
				"north": {"uv": [4.24995, 6.24993, 4.4687, 6.31243], "texture": "#2"},
				"east": {"uv": [1.49998, 7.24992, 1.62498, 7.31242], "texture": "#2"},
				"south": {"uv": [6.24993, 4.24995, 6.46868, 4.31245], "texture": "#2"},
				"west": {"uv": [7.24992, 1.49998, 7.37492, 1.56248], "texture": "#2"},
				"up": {"uv": [5.46869, 3.62496, 5.24994, 3.49996], "texture": "#2"},
				"down": {"uv": [5.46869, 3.74996, 5.24994, 3.87496], "texture": "#2"}
			}
		},
		{
			"from": [7.95, 2.7, 8],
			"to": [8.8, 2.9, 8.5],
			"faces": {
				"north": {"uv": [4.74995, 6.24993, 4.96869, 6.31243], "texture": "#2"},
				"east": {"uv": [1.99998, 7.24992, 2.12498, 7.31242], "texture": "#2"},
				"south": {"uv": [4.99994, 6.24993, 5.21869, 6.31243], "texture": "#2"},
				"west": {"uv": [7.24992, 1.99998, 7.37492, 2.06248], "texture": "#2"},
				"up": {"uv": [4.4687, 5.37494, 4.24995, 5.24994], "texture": "#2"},
				"down": {"uv": [5.46869, 4.24995, 5.24994, 4.37495], "texture": "#2"}
			}
		},
		{
			"from": [7.95, 2.5, 8],
			"to": [8.8, 2.7, 8.5],
			"rotation": {"angle": 0, "axis": "y", "origin": [0, 16, 0]},
			"faces": {
				"north": {"uv": [4.24995, 6.24993, 4.4687, 6.31243], "texture": "#2"},
				"east": {"uv": [1.49998, 7.24992, 1.62498, 7.31242], "texture": "#2"},
				"south": {"uv": [6.24993, 4.24995, 6.46868, 4.31245], "texture": "#2"},
				"west": {"uv": [7.24992, 1.49998, 7.37492, 1.56248], "texture": "#2"},
				"up": {"uv": [5.46869, 3.62496, 5.24994, 3.49996], "texture": "#2"},
				"down": {"uv": [5.46869, 3.74996, 5.24994, 3.87496], "texture": "#2"}
			}
		},
		{
			"from": [7.95, 2.95, 8],
			"to": [8.8, 3.15, 8.5],
			"rotation": {"angle": 0, "axis": "y", "origin": [0, 16, 0]},
			"faces": {
				"north": {"uv": [4.24995, 6.24993, 4.4687, 6.31243], "texture": "#2"},
				"east": {"uv": [1.49998, 7.24992, 1.62498, 7.31242], "texture": "#2"},
				"south": {"uv": [6.24993, 4.24995, 6.46868, 4.31245], "texture": "#2"},
				"west": {"uv": [7.24992, 1.49998, 7.37492, 1.56248], "texture": "#2"},
				"up": {"uv": [5.46869, 3.62496, 5.24994, 3.49996], "texture": "#2"},
				"down": {"uv": [5.46869, 3.74996, 5.24994, 3.87496], "texture": "#2"}
			}
		},
		{
			"from": [7.95, 3.15, 8],
			"to": [8.8, 3.35, 8.5],
			"faces": {
				"north": {"uv": [4.74995, 6.24993, 4.96869, 6.31243], "texture": "#2"},
				"east": {"uv": [1.99998, 7.24992, 2.12498, 7.31242], "texture": "#2"},
				"south": {"uv": [4.99994, 6.24993, 5.21869, 6.31243], "texture": "#2"},
				"west": {"uv": [7.24992, 1.99998, 7.37492, 2.06248], "texture": "#2"},
				"up": {"uv": [4.4687, 5.37494, 4.24995, 5.24994], "texture": "#2"},
				"down": {"uv": [5.46869, 4.24995, 5.24994, 4.37495], "texture": "#2"}
			}
		},
		{
			"from": [7.95, 0.9, 8],
			"to": [8.8, 1.1, 8.5],
			"faces": {
				"north": {"uv": [4.74995, 6.24993, 4.96869, 6.31243], "texture": "#2"},
				"east": {"uv": [1.99998, 7.24992, 2.12498, 7.31242], "texture": "#2"},
				"south": {"uv": [4.99994, 6.24993, 5.21869, 6.31243], "texture": "#2"},
				"west": {"uv": [7.24992, 1.99998, 7.37492, 2.06248], "texture": "#2"},
				"up": {"uv": [4.4687, 5.37494, 4.24995, 5.24994], "texture": "#2"},
				"down": {"uv": [5.46869, 4.24995, 5.24994, 4.37495], "texture": "#2"}
			}
		},
		{
			"from": [7.95, 0.7, 8],
			"to": [8.8, 0.9, 8.5],
			"rotation": {"angle": 0, "axis": "y", "origin": [0, 16, 0]},
			"faces": {
				"north": {"uv": [4.24995, 6.24993, 4.4687, 6.31243], "texture": "#2"},
				"east": {"uv": [1.49998, 7.24992, 1.62498, 7.31242], "texture": "#2"},
				"south": {"uv": [6.24993, 4.24995, 6.46868, 4.31245], "texture": "#2"},
				"west": {"uv": [7.24992, 1.49998, 7.37492, 1.56248], "texture": "#2"},
				"up": {"uv": [5.46869, 3.62496, 5.24994, 3.49996], "texture": "#2"},
				"down": {"uv": [5.46869, 3.74996, 5.24994, 3.87496], "texture": "#2"}
			}
		},
		{
			"from": [7.95, 1.15, 8],
			"to": [8.8, 1.35, 8.5],
			"rotation": {"angle": 0, "axis": "y", "origin": [0, 16, 0]},
			"faces": {
				"north": {"uv": [4.24995, 6.24993, 4.4687, 6.31243], "texture": "#2"},
				"east": {"uv": [1.49998, 7.24992, 1.62498, 7.31242], "texture": "#2"},
				"south": {"uv": [6.24993, 4.24995, 6.46868, 4.31245], "texture": "#2"},
				"west": {"uv": [7.24992, 1.49998, 7.37492, 1.56248], "texture": "#2"},
				"up": {"uv": [5.46869, 3.62496, 5.24994, 3.49996], "texture": "#2"},
				"down": {"uv": [5.46869, 3.74996, 5.24994, 3.87496], "texture": "#2"}
			}
		},
		{
			"from": [7.95, 1.35, 8],
			"to": [8.8, 1.55, 8.5],
			"faces": {
				"north": {"uv": [4.74995, 6.24993, 4.96869, 6.31243], "texture": "#2"},
				"east": {"uv": [1.99998, 7.24992, 2.12498, 7.31242], "texture": "#2"},
				"south": {"uv": [4.99994, 6.24993, 5.21869, 6.31243], "texture": "#2"},
				"west": {"uv": [7.24992, 1.99998, 7.37492, 2.06248], "texture": "#2"},
				"up": {"uv": [4.4687, 5.37494, 4.24995, 5.24994], "texture": "#2"},
				"down": {"uv": [5.46869, 4.24995, 5.24994, 4.37495], "texture": "#2"}
			}
		},
		{
			"from": [7.95, 1.6, 8],
			"to": [8.8, 1.8, 8.5],
			"rotation": {"angle": 0, "axis": "y", "origin": [0, 16, 0]},
			"faces": {
				"north": {"uv": [4.24995, 6.24993, 4.4687, 6.31243], "texture": "#2"},
				"east": {"uv": [1.49998, 7.24992, 1.62498, 7.31242], "texture": "#2"},
				"south": {"uv": [6.24993, 4.24995, 6.46868, 4.31245], "texture": "#2"},
				"west": {"uv": [7.24992, 1.49998, 7.37492, 1.56248], "texture": "#2"},
				"up": {"uv": [5.46869, 3.62496, 5.24994, 3.49996], "texture": "#2"},
				"down": {"uv": [5.46869, 3.74996, 5.24994, 3.87496], "texture": "#2"}
			}
		},
		{
			"from": [7.95, 1.8, 8],
			"to": [8.8, 2, 8.5],
			"faces": {
				"north": {"uv": [4.74995, 6.24993, 4.96869, 6.31243], "texture": "#2"},
				"east": {"uv": [1.99998, 7.24992, 2.12498, 7.31242], "texture": "#2"},
				"south": {"uv": [4.99994, 6.24993, 5.21869, 6.31243], "texture": "#2"},
				"west": {"uv": [7.24992, 1.99998, 7.37492, 2.06248], "texture": "#2"},
				"up": {"uv": [4.4687, 5.37494, 4.24995, 5.24994], "texture": "#2"},
				"down": {"uv": [5.46869, 4.24995, 5.24994, 4.37495], "texture": "#2"}
			}
		},
		{
			"from": [7.95, -0.45, 8],
			"to": [8.8, -0.25, 8.5],
			"faces": {
				"north": {"uv": [4.74995, 6.24993, 4.96869, 6.31243], "texture": "#2"},
				"east": {"uv": [1.99998, 7.24992, 2.12498, 7.31242], "texture": "#2"},
				"south": {"uv": [4.99994, 6.24993, 5.21869, 6.31243], "texture": "#2"},
				"west": {"uv": [7.24992, 1.99998, 7.37492, 2.06248], "texture": "#2"},
				"up": {"uv": [4.4687, 5.37494, 4.24995, 5.24994], "texture": "#2"},
				"down": {"uv": [5.46869, 4.24995, 5.24994, 4.37495], "texture": "#2"}
			}
		},
		{
			"from": [7.95, -0.65, 8],
			"to": [8.8, -0.45, 8.5],
			"rotation": {"angle": 0, "axis": "y", "origin": [0, 16, 0]},
			"faces": {
				"north": {"uv": [4.24995, 6.24993, 4.4687, 6.31243], "texture": "#2"},
				"east": {"uv": [1.49998, 7.24992, 1.62498, 7.31242], "texture": "#2"},
				"south": {"uv": [6.24993, 4.24995, 6.46868, 4.31245], "texture": "#2"},
				"west": {"uv": [7.24992, 1.49998, 7.37492, 1.56248], "texture": "#2"},
				"up": {"uv": [5.46869, 3.62496, 5.24994, 3.49996], "texture": "#2"},
				"down": {"uv": [5.46869, 3.74996, 5.24994, 3.87496], "texture": "#2"}
			}
		},
		{
			"from": [7.95, -0.2, 8],
			"to": [8.8, 0, 8.5],
			"rotation": {"angle": 0, "axis": "y", "origin": [0, 16, 0]},
			"faces": {
				"north": {"uv": [4.24995, 6.24993, 4.4687, 6.31243], "texture": "#2"},
				"east": {"uv": [1.49998, 7.24992, 1.62498, 7.31242], "texture": "#2"},
				"south": {"uv": [6.24993, 4.24995, 6.46868, 4.31245], "texture": "#2"},
				"west": {"uv": [7.24992, 1.49998, 7.37492, 1.56248], "texture": "#2"},
				"up": {"uv": [5.46869, 3.62496, 5.24994, 3.49996], "texture": "#2"},
				"down": {"uv": [5.46869, 3.74996, 5.24994, 3.87496], "texture": "#2"}
			}
		},
		{
			"from": [7.95, 0, 8],
			"to": [8.8, 0.2, 8.5],
			"faces": {
				"north": {"uv": [4.74995, 6.24993, 4.96869, 6.31243], "texture": "#2"},
				"east": {"uv": [1.99998, 7.24992, 2.12498, 7.31242], "texture": "#2"},
				"south": {"uv": [4.99994, 6.24993, 5.21869, 6.31243], "texture": "#2"},
				"west": {"uv": [7.24992, 1.99998, 7.37492, 2.06248], "texture": "#2"},
				"up": {"uv": [4.4687, 5.37494, 4.24995, 5.24994], "texture": "#2"},
				"down": {"uv": [5.46869, 4.24995, 5.24994, 4.37495], "texture": "#2"}
			}
		},
		{
			"from": [7.95, 0.25, 8],
			"to": [8.8, 0.45, 8.5],
			"rotation": {"angle": 0, "axis": "y", "origin": [0, 16, 0]},
			"faces": {
				"north": {"uv": [4.24995, 6.24993, 4.4687, 6.31243], "texture": "#2"},
				"east": {"uv": [1.49998, 7.24992, 1.62498, 7.31242], "texture": "#2"},
				"south": {"uv": [6.24993, 4.24995, 6.46868, 4.31245], "texture": "#2"},
				"west": {"uv": [7.24992, 1.49998, 7.37492, 1.56248], "texture": "#2"},
				"up": {"uv": [5.46869, 3.62496, 5.24994, 3.49996], "texture": "#2"},
				"down": {"uv": [5.46869, 3.74996, 5.24994, 3.87496], "texture": "#2"}
			}
		},
		{
			"from": [7.95, 0.45, 8],
			"to": [8.8, 0.65, 8.5],
			"faces": {
				"north": {"uv": [4.74995, 6.24993, 4.96869, 6.31243], "texture": "#2"},
				"east": {"uv": [1.99998, 7.24992, 2.12498, 7.31242], "texture": "#2"},
				"south": {"uv": [4.99994, 6.24993, 5.21869, 6.31243], "texture": "#2"},
				"west": {"uv": [7.24992, 1.99998, 7.37492, 2.06248], "texture": "#2"},
				"up": {"uv": [4.4687, 5.37494, 4.24995, 5.24994], "texture": "#2"},
				"down": {"uv": [5.46869, 4.24995, 5.24994, 4.37495], "texture": "#2"}
			}
		},
		{
			"from": [7.95, 2.05, 8],
			"to": [8.8, 2.25, 8.5],
			"rotation": {"angle": 0, "axis": "y", "origin": [0, 16, 0]},
			"faces": {
				"north": {"uv": [4.24995, 6.24993, 4.4687, 6.31243], "texture": "#2"},
				"east": {"uv": [1.49998, 7.24992, 1.62498, 7.31242], "texture": "#2"},
				"south": {"uv": [6.24993, 4.24995, 6.46868, 4.31245], "texture": "#2"},
				"west": {"uv": [7.24992, 1.49998, 7.37492, 1.56248], "texture": "#2"},
				"up": {"uv": [5.46869, 3.62496, 5.24994, 3.49996], "texture": "#2"},
				"down": {"uv": [5.46869, 3.74996, 5.24994, 3.87496], "texture": "#2"}
			}
		},
		{
			"from": [7.95, 2.25, 8],
			"to": [8.8, 2.45, 8.5],
			"faces": {
				"north": {"uv": [4.74995, 6.24993, 4.96869, 6.31243], "texture": "#2"},
				"east": {"uv": [1.99998, 7.24992, 2.12498, 7.31242], "texture": "#2"},
				"south": {"uv": [4.99994, 6.24993, 5.21869, 6.31243], "texture": "#2"},
				"west": {"uv": [7.24992, 1.99998, 7.37492, 2.06248], "texture": "#2"},
				"up": {"uv": [4.4687, 5.37494, 4.24995, 5.24994], "texture": "#2"},
				"down": {"uv": [5.46869, 4.24995, 5.24994, 4.37495], "texture": "#2"}
			}
		},
		{
			"from": [7.95, 4.3, 8],
			"to": [8.8, 4.525, 8.5],
			"faces": {
				"north": {"uv": [6.24993, 4.99994, 6.46868, 5.06244], "texture": "#2"},
				"east": {"uv": [2.24997, 7.24992, 2.37497, 7.31242], "texture": "#2"},
				"south": {"uv": [6.24993, 4.99994, 6.46868, 5.06244], "texture": "#2"},
				"west": {"uv": [7.24992, 2.24997, 7.37492, 2.31247], "texture": "#2"},
				"up": {"uv": [4.7187, 5.37494, 4.49995, 5.24994], "texture": "#2"},
				"down": {"uv": [5.46869, 4.49995, 5.24994, 4.62495], "texture": "#2"}
			}
		},
		{
			"from": [7.8, -1.2, 8],
			"to": [8.95, -1.025, 8.5],
			"rotation": {"angle": 0, "axis": "y", "origin": [0, 16, 0]},
			"faces": {
				"north": {"uv": [3.74996, 6.99992, 4.0312, 7.03117], "texture": "#2"},
				"east": {"uv": [6.99992, 7.49991, 7.12492, 7.53116], "texture": "#2"},
				"south": {"uv": [3.74996, 6.99992, 4.0312, 7.03117], "texture": "#2"},
				"west": {"uv": [7.49991, 6.99992, 7.62491, 7.03117], "texture": "#2"},
				"up": {"uv": [1.53123, 4.87494, 1.24999, 4.74995], "texture": "#2"},
				"down": {"uv": [5.03119, 1.74998, 4.74995, 1.87498], "texture": "#2"}
			}
		},
		{
			"from": [7.725, -1.425, 8],
			"to": [9.025, -1.2, 8.5],
			"rotation": {"angle": 0, "axis": "y", "origin": [0, 16, 0]},
			"faces": {
				"north": {"uv": [5.99993, 2.96872, 6.31243, 3.06247], "texture": "#2"},
				"east": {"uv": [3.49996, 7.49991, 3.62496, 7.56241], "texture": "#2"},
				"south": {"uv": [5.99993, 2.96872, 6.31243, 3.06247], "texture": "#2"},
				"west": {"uv": [7.49991, 3.49996, 7.62491, 3.56246], "texture": "#2"},
				"up": {"uv": [4.81245, 4.62495, 4.49995, 4.49995], "texture": "#2"},
				"down": {"uv": [5.06244, 0, 4.74995, 0.125], "texture": "#2"}
			}
		},
		{
			"from": [7.8, -1.6, 8],
			"to": [8.95, -1.425, 8.5],
			"rotation": {"angle": 0, "axis": "y", "origin": [0, 16, 0]},
			"faces": {
				"north": {"uv": [6.24993, 6.99992, 6.53118, 7.03117], "texture": "#2"},
				"east": {"uv": [7.74991, 5.24994, 7.87491, 5.28119], "texture": "#2"},
				"south": {"uv": [6.24993, 6.99992, 6.53118, 7.03117], "texture": "#2"},
				"west": {"uv": [5.49994, 7.74991, 5.62494, 7.78116], "texture": "#2"},
				"up": {"uv": [5.03119, 4.87494, 4.74995, 4.74995], "texture": "#2"},
				"down": {"uv": [5.28119, 0.74999, 4.99994, 0.87499], "texture": "#2"}
			}
		},
		{
			"from": [7.875, -1.775, 8],
			"to": [8.875, -1.6, 8.5],
			"rotation": {"angle": 0, "axis": "y", "origin": [0, 16, 0]},
			"faces": {
				"north": {"uv": [7.24992, 2.49997, 7.49991, 2.53122], "texture": "#2"},
				"east": {"uv": [7.24992, 7.49991, 7.37492, 7.53116], "texture": "#2"},
				"south": {"uv": [7.24992, 2.49997, 7.49991, 2.53122], "texture": "#2"},
				"west": {"uv": [7.49991, 7.24992, 7.62491, 7.28117], "texture": "#2"},
				"up": {"uv": [5.24994, 1.12499, 4.99994, 0.99999], "texture": "#2"},
				"down": {"uv": [5.24994, 1.24999, 4.99994, 1.37498], "texture": "#2"}
			}
		},
		{
			"from": [7.9, -1.025, 8],
			"to": [8.85, -0.65, 8.5],
			"rotation": {"angle": 0, "axis": "y", "origin": [0, 16, 0]},
			"faces": {
				"north": {"uv": [4.49995, 5.68744, 4.74995, 5.84368], "texture": "#2"},
				"east": {"uv": [6.74992, 3.49996, 6.87492, 3.59371], "texture": "#2"},
				"south": {"uv": [4.49995, 5.68744, 4.74995, 5.84368], "texture": "#2"},
				"west": {"uv": [6.74992, 3.74996, 6.87492, 3.84371], "texture": "#2"},
				"up": {"uv": [4.99994, 5.12494, 4.74995, 4.99994], "texture": "#2"},
				"down": {"uv": [5.24994, 4.99994, 4.99994, 5.12494], "texture": "#2"}
			}
		},
		{
			"from": [7.825, -2.025, 8],
			"to": [8.925, -1.775, 8.5],
			"rotation": {"angle": 0, "axis": "y", "origin": [0, 16, 0]},
			"faces": {
				"north": {"uv": [4.74995, 5.99993, 5.03119, 6.06243], "texture": "#2"},
				"east": {"uv": [7.24992, 2.99997, 7.37492, 3.06247], "texture": "#2"},
				"south": {"uv": [4.74995, 5.99993, 5.03119, 6.06243], "texture": "#2"},
				"west": {"uv": [3.24996, 7.24992, 3.37496, 7.31242], "texture": "#2"},
				"up": {"uv": [2.28122, 4.87494, 1.99998, 4.74995], "texture": "#2"},
				"down": {"uv": [5.03119, 1.99998, 4.74995, 2.12498], "texture": "#2"}
			}
		},
		{
			"from": [7.925, -2.275, 8],
			"to": [8.825, -2.025, 8.5],
			"rotation": {"angle": 0, "axis": "y", "origin": [0, 16, 0]},
			"faces": {
				"north": {"uv": [0.49999, 6.74992, 0.71874, 6.81242], "texture": "#2"},
				"east": {"uv": [3.74996, 7.49991, 3.87496, 7.56241], "texture": "#2"},
				"south": {"uv": [0.49999, 6.74992, 0.71874, 6.81242], "texture": "#2"},
				"west": {"uv": [7.49991, 3.74996, 7.62491, 3.81246], "texture": "#2"},
				"up": {"uv": [0.46874, 5.87493, 0.25, 5.74993], "texture": "#2"},
				"down": {"uv": [5.96868, 0.25, 5.74993, 0.375], "texture": "#2"}
			}
		},
		{
			"from": [8.025, -2.525, 8],
			"to": [8.725, -2.275, 8.5],
			"rotation": {"angle": 0, "axis": "y", "origin": [0, 16, 0]},
			"faces": {
				"north": {"uv": [3.99995, 6.74992, 4.18745, 6.81242], "texture": "#2"},
				"east": {"uv": [3.99995, 7.49991, 4.12495, 7.56241], "texture": "#2"},
				"south": {"uv": [3.99995, 6.74992, 4.18745, 6.81242], "texture": "#2"},
				"west": {"uv": [7.49991, 3.99995, 7.62491, 4.06245], "texture": "#2"},
				"up": {"uv": [4.93744, 5.87493, 4.74995, 5.74993], "texture": "#2"},
				"down": {"uv": [5.93743, 4.74995, 5.74993, 4.87494], "texture": "#2"}
			}
		},
		{
			"from": [8.3, 21.05, 8.05],
			"to": [8.45, 22.2, 8.45],
			"faces": {
				"north": {"uv": [4.24995, 6.99992, 4.2812, 7.28117], "texture": "#2"},
				"east": {"uv": [4.74995, 2.24997, 4.87494, 2.53122], "texture": "#2"},
				"south": {"uv": [4.24995, 6.99992, 4.2812, 7.28117], "texture": "#2"},
				"west": {"uv": [3.24996, 4.74995, 3.37496, 5.03119], "texture": "#2"},
				"up": {"uv": [7.53116, 7.62491, 7.49991, 7.49991], "texture": "#2"},
				"down": {"uv": [0.03125, 7.74991, 0, 7.87491], "texture": "#2"}
			}
		},
		{
			"from": [8.15, 8.125, 8.05],
			"to": [8.6, 8.85, 8.45],
			"faces": {
				"north": {"uv": [3.24996, 5.74993, 3.37496, 5.93743], "texture": "#2"},
				"east": {"uv": [3.49996, 5.74993, 3.62496, 5.93743], "texture": "#2"},
				"south": {"uv": [3.24996, 5.74993, 3.37496, 5.93743], "texture": "#2"},
				"west": {"uv": [3.74996, 5.74993, 3.87496, 5.93743], "texture": "#2"},
				"up": {"uv": [6.37493, 0.375, 6.24993, 0.25], "texture": "#2"},
				"down": {"uv": [6.37493, 0.49999, 6.24993, 0.62499], "texture": "#2"}
			}
		},
		{
			"from": [8.1, 7.525, 8.05],
			"to": [8.65, 8.125, 8.45],
			"faces": {
				"north": {"uv": [4.99994, 5.74993, 5.15619, 5.90618], "texture": "#2"},
				"east": {"uv": [5.74993, 4.99994, 5.87493, 5.15619], "texture": "#2"},
				"south": {"uv": [4.99994, 5.74993, 5.15619, 5.90618], "texture": "#2"},
				"west": {"uv": [5.74993, 5.24994, 5.87493, 5.40619], "texture": "#2"},
				"up": {"uv": [6.37493, 0.87499, 6.24993, 0.74999], "texture": "#2"},
				"down": {"uv": [6.37493, 0.99999, 6.24993, 1.12499], "texture": "#2"}
			}
		},
		{
			"from": [7.9, 7.375, 8],
			"to": [8.85, 7.45, 8.5],
			"faces": {
				"north": {"uv": [7.18742, 3.24996, 7.56241, 3.28121], "texture": "#2"},
				"east": {"uv": [7.74991, 0, 7.87491, 0.03125], "texture": "#2"},
				"south": {"uv": [7.18742, 3.24996, 7.56241, 3.28121], "texture": "#2"},
				"west": {"uv": [0.25, 7.74991, 0.375, 7.78116], "texture": "#2"},
				"up": {"uv": [5.24994, 1.62498, 4.99994, 1.49998], "texture": "#2"},
				"down": {"uv": [5.24994, 2.24997, 4.99994, 2.37497], "texture": "#2"}
			}
		},
		{
			"from": [7.825, 7.25, 8],
			"to": [8.925, 7.375, 8.5],
			"faces": {
				"north": {"uv": [7.18742, 3.28121, 7.56241, 3.31246], "texture": "#2"},
				"east": {"uv": [7.74991, 0, 7.87491, 0.03125], "texture": "#2"},
				"south": {"uv": [7.18742, 3.28121, 7.56241, 3.31246], "texture": "#2"},
				"west": {"uv": [0.25, 7.74991, 0.375, 7.78116], "texture": "#2"},
				"up": {"uv": [5.24994, 1.62498, 4.99994, 1.49998], "texture": "#2"},
				"down": {"uv": [5.24994, 2.24997, 4.99994, 2.37497], "texture": "#2"}
			}
		},
		{
			"from": [8, 7.45, 8.025],
			"to": [8.75, 7.525, 8.475],
			"faces": {
				"north": {"uv": [5.74993, 7.49991, 5.93743, 7.53116], "texture": "#2"},
				"east": {"uv": [7.74991, 3.24996, 7.87491, 3.28121], "texture": "#2"},
				"south": {"uv": [5.74993, 7.49991, 5.93743, 7.53116], "texture": "#2"},
				"west": {"uv": [3.49996, 7.74991, 3.62496, 7.78116], "texture": "#2"},
				"up": {"uv": [5.93743, 4.12495, 5.74993, 3.99995], "texture": "#2"},
				"down": {"uv": [5.93743, 4.24995, 5.74993, 4.37495], "texture": "#2"}
			}
		},
		{
			"from": [7.8, 6.625, 8],
			"to": [8.95, 6.75, 8.5],
			"faces": {
				"north": {"uv": [6.99992, 3.99995, 7.28117, 4.0312], "texture": "#2"},
				"east": {"uv": [7.74991, 0.25, 7.87491, 0.28125], "texture": "#2"},
				"south": {"uv": [6.99992, 3.99995, 7.28117, 4.0312], "texture": "#2"},
				"west": {"uv": [0.49999, 7.74991, 0.62499, 7.78116], "texture": "#2"},
				"up": {"uv": [5.03119, 4.12495, 4.74995, 3.99995], "texture": "#2"},
				"down": {"uv": [5.03119, 4.24995, 4.74995, 4.37495], "texture": "#2"}
			}
		},
		{
			"from": [7.775, 7.125, 8],
			"to": [8.975, 7.25, 8.5],
			"faces": {
				"north": {"uv": [0.99999, 6.99992, 1.31249, 7.03117], "texture": "#2"},
				"east": {"uv": [7.74991, 2.99997, 7.87491, 3.03122], "texture": "#2"},
				"south": {"uv": [0.99999, 6.99992, 1.31249, 7.03117], "texture": "#2"},
				"west": {"uv": [3.24996, 7.74991, 3.37496, 7.78116], "texture": "#2"},
				"up": {"uv": [4.81245, 3.12496, 4.49995, 2.99997], "texture": "#2"},
				"down": {"uv": [4.81245, 3.24996, 4.49995, 3.37496], "texture": "#2"}
			}
		},
		{
			"from": [7.725, 5.375, 8],
			"to": [9.025, 5.5, 8.5],
			"faces": {
				"north": {"uv": [0.49999, 6.99992, 0.81249, 7.03117], "texture": "#2"},
				"east": {"uv": [7.74991, 2.24997, 7.87491, 2.28122], "texture": "#2"},
				"south": {"uv": [0.49999, 6.99992, 0.81249, 7.03117], "texture": "#2"},
				"west": {"uv": [2.49997, 7.74991, 2.62497, 7.78116], "texture": "#2"},
				"up": {"uv": [4.81245, 0.87499, 4.49995, 0.74999], "texture": "#2"},
				"down": {"uv": [4.81245, 2.74997, 4.49995, 2.87497], "texture": "#2"}
			}
		},
		{
			"from": [7.75, 5.125, 8],
			"to": [9, 5.25, 8.5],
			"faces": {
				"north": {"uv": [1.49998, 6.99992, 1.81248, 7.03117], "texture": "#2"},
				"east": {"uv": [7.74991, 3.49996, 7.87491, 3.53121], "texture": "#2"},
				"south": {"uv": [1.49998, 6.99992, 1.81248, 7.03117], "texture": "#2"},
				"west": {"uv": [3.74996, 7.74991, 3.87496, 7.78116], "texture": "#2"},
				"up": {"uv": [4.81245, 3.62496, 4.49995, 3.49996], "texture": "#2"},
				"down": {"uv": [4.81245, 3.74996, 4.49995, 3.87496], "texture": "#2"}
			}
		},
		{
			"from": [7.65, 5.25, 8],
			"to": [9.1, 5.375, 8.5],
			"faces": {
				"north": {"uv": [2.99997, 6.74992, 3.37496, 6.78117], "texture": "#2"},
				"east": {"uv": [7.74991, 2.49997, 7.87491, 2.53122], "texture": "#2"},
				"south": {"uv": [2.99997, 6.74992, 3.37496, 6.78117], "texture": "#2"},
				"west": {"uv": [2.74997, 7.74991, 2.87497, 7.78116], "texture": "#2"},
				"up": {"uv": [4.37495, 0.125, 3.99995, 0], "texture": "#2"},
				"down": {"uv": [4.37495, 0.25, 3.99995, 0.375], "texture": "#2"}
			}
		},
		{
			"from": [7.6, 6.875, 8],
			"to": [9.15, 7, 8.5],
			"faces": {
				"north": {"uv": [6.74992, 3.24996, 7.12492, 3.28121], "texture": "#2"},
				"east": {"uv": [7.74991, 4.49995, 7.87491, 4.5312], "texture": "#2"},
				"south": {"uv": [6.74992, 3.24996, 7.12492, 3.28121], "texture": "#2"},
				"west": {"uv": [4.74995, 7.74991, 4.87494, 7.78116], "texture": "#2"},
				"up": {"uv": [4.37495, 0.62499, 3.99995, 0.49999], "texture": "#2"},
				"down": {"uv": [4.37495, 0.74999, 3.99995, 0.87499], "texture": "#2"}
			}
		},
		{
			"from": [7.675, 7, 8],
			"to": [9.075, 7.125, 8.5],
			"faces": {
				"north": {"uv": [6.74992, 5.49994, 7.09367, 5.53119], "texture": "#2"},
				"east": {"uv": [7.74991, 2.74997, 7.87491, 2.78122], "texture": "#2"},
				"south": {"uv": [6.74992, 5.49994, 7.09367, 5.53119], "texture": "#2"},
				"west": {"uv": [2.99997, 7.74991, 3.12496, 7.78116], "texture": "#2"},
				"up": {"uv": [4.3437, 2.62497, 3.99995, 2.49997], "texture": "#2"},
				"down": {"uv": [4.5937, 0.99999, 4.24995, 1.12499], "texture": "#2"}
			}
		},
		{
			"from": [7.675, 6.75, 8],
			"to": [9.075, 6.875, 8.5],
			"faces": {
				"north": {"uv": [6.74992, 5.74993, 7.09367, 5.78118], "texture": "#2"},
				"east": {"uv": [7.74991, 4.24995, 7.87491, 4.2812], "texture": "#2"},
				"south": {"uv": [6.74992, 5.74993, 7.09367, 5.78118], "texture": "#2"},
				"west": {"uv": [4.49995, 7.74991, 4.62495, 7.78116], "texture": "#2"},
				"up": {"uv": [4.5937, 1.37498, 4.24995, 1.24999], "texture": "#2"},
				"down": {"uv": [4.5937, 1.49998, 4.24995, 1.62498], "texture": "#2"}
			}
		},
		{
			"from": [8.2, 8.85, 8.05],
			"to": [8.55, 9.55, 8.45],
			"faces": {
				"north": {"uv": [5.99993, 4.99994, 6.09368, 5.18744], "texture": "#2"},
				"east": {"uv": [5.74993, 3.74996, 5.87493, 3.93746], "texture": "#2"},
				"south": {"uv": [5.99993, 4.99994, 6.09368, 5.18744], "texture": "#2"},
				"west": {"uv": [3.99995, 5.74993, 4.12495, 5.93743], "texture": "#2"},
				"up": {"uv": [6.84367, 1.12499, 6.74992, 0.99999], "texture": "#2"},
				"down": {"uv": [1.34373, 6.74992, 1.24999, 6.87492], "texture": "#2"}
			}
		},
		{
			"from": [8.25, 9.55, 8.05],
			"to": [8.5, 21.05, 8.45],
			"faces": {
				"north": {"uv": [0, 2.75, 0.0625, 5.625], "texture": "#2"},
				"east": {"uv": [1.49998, 0, 1.62498, 2.87497], "texture": "#2"},
				"south": {"uv": [0, 2.74997, 0.0625, 5.62494], "texture": "#2"},
				"west": {"uv": [1.74998, 0, 1.87498, 2.87497], "texture": "#2"},
				"up": {"uv": [3.81246, 7.37492, 3.74996, 7.24992], "texture": "#2"},
				"down": {"uv": [4.06245, 7.24992, 3.99995, 7.37492], "texture": "#2"}
			}
		},
		{
			"from": [7.875, 5.5, 8],
			"to": [8.875, 6.625, 8.5],
			"faces": {
				"north": {"uv": [1.74998, 3.74996, 1.99998, 4.0312], "texture": "#2"},
				"east": {"uv": [3.49996, 4.74995, 3.62496, 5.03119], "texture": "#2"},
				"south": {"uv": [1.74998, 3.74996, 1.99998, 4.0312], "texture": "#2"},
				"west": {"uv": [4.49995, 4.74995, 4.62495, 5.03119], "texture": "#2"},
				"up": {"uv": [5.24994, 2.62497, 4.99994, 2.49997], "texture": "#2"},
				"down": {"uv": [5.24994, 2.74997, 4.99994, 2.87497], "texture": "#2"}
			}
		},
		{
			"from": [10.45, 6.025, 8.175],
			"to": [10.6, 6.725, 8.325],
			"faces": {
				"north": {"uv": [5.99993, 7.49991, 6.03118, 7.68741], "texture": "#2"},
				"east": {"uv": [7.49991, 5.99993, 7.53116, 6.18743], "texture": "#2"},
				"south": {"uv": [5.99993, 7.49991, 6.03118, 7.68741], "texture": "#2"},
				"west": {"uv": [7.49991, 6.24993, 7.53116, 6.43743], "texture": "#2"},
				"up": {"uv": [7.03117, 8.03116, 6.99992, 7.99991], "texture": "#2"},
				"down": {"uv": [8.03116, 6.99992, 7.99991, 7.03117], "texture": "#2"}
			}
		},
		{
			"from": [10.3, 5.95, 8.15],
			"to": [10.45, 7.15, 8.35],
			"faces": {
				"north": {"uv": [2.74997, 6.99992, 2.78122, 7.31242], "texture": "#2"},
				"east": {"uv": [5.99993, 1.99998, 6.06243, 2.31247], "texture": "#2"},
				"south": {"uv": [2.74997, 6.99992, 2.78122, 7.31242], "texture": "#2"},
				"west": {"uv": [5.99993, 2.49997, 6.06243, 2.81247], "texture": "#2"},
				"up": {"uv": [4.5312, 8.06241, 4.49995, 7.99991], "texture": "#2"},
				"down": {"uv": [8.03116, 4.49995, 7.99991, 4.56245], "texture": "#2"}
			}
		},
		{
			"from": [10.15, 5.875, 8.125],
			"to": [10.3, 7.6, 8.375],
			"faces": {
				"north": {"uv": [4.74995, 6.49993, 4.7812, 6.93742], "texture": "#2"},
				"east": {"uv": [5.49994, 3.99995, 5.56244, 4.43745], "texture": "#2"},
				"south": {"uv": [4.74995, 6.49993, 4.7812, 6.93742], "texture": "#2"},
				"west": {"uv": [4.24995, 5.49994, 4.31245, 5.93743], "texture": "#2"},
				"up": {"uv": [4.2812, 8.06241, 4.24995, 7.99991], "texture": "#2"},
				"down": {"uv": [8.03116, 4.24995, 7.99991, 4.31245], "texture": "#2"}
			}
		},
		{
			"from": [10, 5.75, 8.1],
			"to": [10.15, 8.125, 8.4],
			"faces": {
				"north": {"uv": [3.99995, 5.99993, 4.0312, 6.59367], "texture": "#2"},
				"east": {"uv": [0.99999, 4.74995, 1.06249, 5.34369], "texture": "#2"},
				"south": {"uv": [3.99995, 5.99993, 4.0312, 6.59367], "texture": "#2"},
				"west": {"uv": [4.74995, 0.99999, 4.81245, 1.59373], "texture": "#2"},
				"up": {"uv": [4.0312, 8.06241, 3.99995, 7.99991], "texture": "#2"},
				"down": {"uv": [8.03116, 3.99995, 7.99991, 4.06245], "texture": "#2"}
			}
		},
		{
			"from": [9.85, 5.575, 8.075],
			"to": [10, 9, 8.425],
			"faces": {
				"north": {"uv": [0.74999, 5.74993, 0.78124, 6.59367], "texture": "#2"},
				"east": {"uv": [1.24999, 3.74996, 1.34373, 4.5937], "texture": "#2"},
				"south": {"uv": [0.74999, 5.74993, 0.78124, 6.59367], "texture": "#2"},
				"west": {"uv": [1.49998, 3.74996, 1.59373, 4.5937], "texture": "#2"},
				"up": {"uv": [0.03125, 8.09366, 0, 7.99991], "texture": "#2"},
				"down": {"uv": [8.03116, 0, 7.99991, 0.09375], "texture": "#2"}
			}
		},
		{
			"from": [9.7, 5.4, 8.05],
			"to": [9.85, 9.775, 8.45],
			"faces": {
				"north": {"uv": [1.99998, 4.99994, 2.03123, 6.09368], "texture": "#2"},
				"east": {"uv": [3.49996, 1.24999, 3.59371, 2.34372], "texture": "#2"},
				"south": {"uv": [1.99998, 4.99994, 2.03123, 6.09368], "texture": "#2"},
				"west": {"uv": [1.99998, 3.49996, 2.09373, 4.5937], "texture": "#2"},
				"up": {"uv": [7.78116, 7.59366, 7.74991, 7.49991], "texture": "#2"},
				"down": {"uv": [7.78116, 7.74991, 7.74991, 7.84366], "texture": "#2"}
			}
		},
		{
			"from": [9.55, 5.225, 8.075],
			"to": [9.7, 10.725, 8.425],
			"faces": {
				"north": {"uv": [3.74996, 3.99995, 3.78121, 5.37494], "texture": "#2"},
				"east": {"uv": [3.24996, 0.49999, 3.34371, 1.87498], "texture": "#2"},
				"south": {"uv": [3.74996, 3.99995, 3.78121, 5.37494], "texture": "#2"},
				"west": {"uv": [0.99999, 3.24996, 1.09374, 4.62495], "texture": "#2"},
				"up": {"uv": [7.78116, 7.34367, 7.74991, 7.24992], "texture": "#2"},
				"down": {"uv": [7.53116, 7.74991, 7.49991, 7.84366], "texture": "#2"}
			}
		},
		{
			"from": [9.4, 5.45, 8.05],
			"to": [9.55, 7.15, 8.45],
			"faces": {
				"north": {"uv": [4.49995, 6.49993, 4.5312, 6.93742], "texture": "#2"},
				"east": {"uv": [4.24995, 3.24996, 4.3437, 3.68746], "texture": "#2"},
				"south": {"uv": [4.49995, 6.49993, 4.5312, 6.93742], "texture": "#2"},
				"west": {"uv": [4.24995, 3.74996, 4.3437, 4.18745], "texture": "#2"},
				"up": {"uv": [7.78116, 7.09367, 7.74991, 6.99992], "texture": "#2"},
				"down": {"uv": [7.28117, 7.74991, 7.24992, 7.84366], "texture": "#2"}
			}
		},
		{
			"from": [9.25, 5.575, 8.025],
			"to": [9.4, 6.8, 8.475],
			"faces": {
				"north": {"uv": [2.49997, 6.99992, 2.53122, 7.31242], "texture": "#2"},
				"east": {"uv": [4.49995, 3.99995, 4.62495, 4.31245], "texture": "#2"},
				"south": {"uv": [2.49997, 6.99992, 2.53122, 7.31242], "texture": "#2"},
				"west": {"uv": [4.24995, 4.49995, 4.37495, 4.81245], "texture": "#2"},
				"up": {"uv": [7.78116, 5.12494, 7.74991, 4.99994], "texture": "#2"},
				"down": {"uv": [5.28119, 7.74991, 5.24994, 7.87491], "texture": "#2"}
			}
		},
		{
			"from": [9.1, 5.65, 8],
			"to": [9.25, 6.6, 8.5],
			"faces": {
				"north": {"uv": [1.99998, 7.49991, 2.03123, 7.74991], "texture": "#2"},
				"east": {"uv": [4.24995, 4.99994, 4.37495, 5.24994], "texture": "#2"},
				"south": {"uv": [1.99998, 7.49991, 2.03123, 7.74991], "texture": "#2"},
				"west": {"uv": [4.99994, 4.49995, 5.12494, 4.74995], "texture": "#2"},
				"up": {"uv": [7.78116, 4.87494, 7.74991, 4.74995], "texture": "#2"},
				"down": {"uv": [5.03119, 7.74991, 4.99994, 7.87491], "texture": "#2"}
			}
		},
		{
			"from": [10.6, 6.125, 8.175],
			"to": [10.75, 6.4, 8.325],
			"faces": {
				"north": {"uv": [3.49996, 7.99991, 3.53121, 8.06241], "texture": "#2"},
				"east": {"uv": [7.99991, 3.49996, 8.03116, 3.56246], "texture": "#2"},
				"south": {"uv": [3.49996, 7.99991, 3.53121, 8.06241], "texture": "#2"},
				"west": {"uv": [7.99991, 3.74996, 8.03116, 3.81246], "texture": "#2"},
				"up": {"uv": [6.78117, 8.03116, 6.74992, 7.99991], "texture": "#2"},
				"down": {"uv": [8.03116, 6.74992, 7.99991, 6.78117], "texture": "#2"}
			}
		},
		{
			"from": [8.875, 5.7, 8],
			"to": [9.1, 6.55, 8.5],
			"faces": {
				"north": {"uv": [4.24995, 6.49993, 4.31245, 6.71867], "texture": "#2"},
				"east": {"uv": [5.49994, 3.74996, 5.62494, 3.9687], "texture": "#2"},
				"south": {"uv": [4.24995, 6.49993, 4.31245, 6.71867], "texture": "#2"},
				"west": {"uv": [3.99995, 5.49994, 4.12495, 5.71868], "texture": "#2"},
				"up": {"uv": [1.81248, 7.62491, 1.74998, 7.49991], "texture": "#2"},
				"down": {"uv": [7.56241, 1.74998, 7.49991, 1.87498], "texture": "#2"}
			}
		},
		{
			"from": [9.4, 8.425, 8.1],
			"to": [9.55, 11.55, 8.4],
			"faces": {
				"north": {"uv": [2.49997, 5.74993, 2.53122, 6.53118], "texture": "#2"},
				"east": {"uv": [3.24996, 3.74996, 3.31246, 4.5312], "texture": "#2"},
				"south": {"uv": [2.49997, 5.74993, 2.53122, 6.53118], "texture": "#2"},
				"west": {"uv": [3.49996, 3.74996, 3.56246, 4.5312], "texture": "#2"},
				"up": {"uv": [3.28121, 8.06241, 3.24996, 7.99991], "texture": "#2"},
				"down": {"uv": [8.03116, 3.24996, 7.99991, 3.31246], "texture": "#2"}
			}
		},
		{
			"from": [7.65, 5.7, 8],
			"to": [7.875, 6.55, 8.5],
			"rotation": {"angle": 0, "axis": "y", "origin": [16, 0, 0]},
			"faces": {
				"north": {"uv": [4.31245, 6.49993, 4.24995, 6.71867], "texture": "#2"},
				"east": {"uv": [4.12495, 5.49994, 3.99995, 5.71868], "texture": "#2"},
				"south": {"uv": [4.31245, 6.49993, 4.24995, 6.71867], "texture": "#2"},
				"west": {"uv": [5.62494, 3.74996, 5.49994, 3.9687], "texture": "#2"},
				"up": {"uv": [1.74998, 7.62491, 1.81248, 7.49991], "texture": "#2"},
				"down": {"uv": [7.49991, 1.74998, 7.56241, 1.87498], "texture": "#2"}
			}
		},
		{
			"from": [6, 6.125, 8.175],
			"to": [6.15, 6.4, 8.325],
			"rotation": {"angle": 0, "axis": "y", "origin": [16, 0, 0]},
			"faces": {
				"north": {"uv": [3.53121, 7.99991, 3.49996, 8.06241], "texture": "#2"},
				"east": {"uv": [8.03116, 3.74996, 7.99991, 3.81246], "texture": "#2"},
				"south": {"uv": [3.53121, 7.99991, 3.49996, 8.06241], "texture": "#2"},
				"west": {"uv": [8.03116, 3.49996, 7.99991, 3.56246], "texture": "#2"},
				"up": {"uv": [6.74992, 8.03116, 6.78117, 7.99991], "texture": "#2"},
				"down": {"uv": [7.99991, 6.74992, 8.03116, 6.78117], "texture": "#2"}
			}
		},
		{
			"from": [7.5, 5.65, 8],
			"to": [7.65, 6.6, 8.5],
			"rotation": {"angle": 0, "axis": "y", "origin": [16, 0, 0]},
			"faces": {
				"north": {"uv": [2.03123, 7.49991, 1.99998, 7.74991], "texture": "#2"},
				"east": {"uv": [5.12494, 4.49995, 4.99994, 4.74995], "texture": "#2"},
				"south": {"uv": [2.03123, 7.49991, 1.99998, 7.74991], "texture": "#2"},
				"west": {"uv": [4.37495, 4.99994, 4.24995, 5.24994], "texture": "#2"},
				"up": {"uv": [7.74991, 4.87494, 7.78116, 4.74995], "texture": "#2"},
				"down": {"uv": [4.99994, 7.74991, 5.03119, 7.87491], "texture": "#2"}
			}
		},
		{
			"from": [7.35, 5.575, 8.025],
			"to": [7.5, 6.8, 8.475],
			"rotation": {"angle": 0, "axis": "y", "origin": [16, 0, 0]},
			"faces": {
				"north": {"uv": [2.53122, 6.99992, 2.49997, 7.31242], "texture": "#2"},
				"east": {"uv": [4.37495, 4.49995, 4.24995, 4.81245], "texture": "#2"},
				"south": {"uv": [2.53122, 6.99992, 2.49997, 7.31242], "texture": "#2"},
				"west": {"uv": [4.62495, 3.99995, 4.49995, 4.31245], "texture": "#2"},
				"up": {"uv": [7.74991, 5.12494, 7.78116, 4.99994], "texture": "#2"},
				"down": {"uv": [5.24994, 7.74991, 5.28119, 7.87491], "texture": "#2"}
			}
		},
		{
			"from": [7.2, 5.45, 8.05],
			"to": [7.35, 7.15, 8.45],
			"rotation": {"angle": 0, "axis": "y", "origin": [16, 0, 0]},
			"faces": {
				"north": {"uv": [4.5312, 6.49993, 4.49995, 6.93742], "texture": "#2"},
				"east": {"uv": [4.3437, 3.74996, 4.24995, 4.18745], "texture": "#2"},
				"south": {"uv": [4.5312, 6.49993, 4.49995, 6.93742], "texture": "#2"},
				"west": {"uv": [4.3437, 3.24996, 4.24995, 3.68746], "texture": "#2"},
				"up": {"uv": [7.74991, 7.09367, 7.78116, 6.99992], "texture": "#2"},
				"down": {"uv": [7.24992, 7.74991, 7.28117, 7.84366], "texture": "#2"}
			}
		},
		{
			"from": [7.05, 5.225, 8.075],
			"to": [7.2, 10.725, 8.425],
			"rotation": {"angle": 0, "axis": "y", "origin": [16, 0, 0]},
			"faces": {
				"north": {"uv": [3.78121, 3.99995, 3.74996, 5.37494], "texture": "#2"},
				"east": {"uv": [1.09374, 3.24996, 0.99999, 4.62495], "texture": "#2"},
				"south": {"uv": [3.78121, 3.99995, 3.74996, 5.37494], "texture": "#2"},
				"west": {"uv": [3.34371, 0.49999, 3.24996, 1.87498], "texture": "#2"},
				"up": {"uv": [7.74991, 7.34367, 7.78116, 7.24992], "texture": "#2"},
				"down": {"uv": [7.49991, 7.74991, 7.53116, 7.84366], "texture": "#2"}
			}
		},
		{
			"from": [6.9, 5.4, 8.05],
			"to": [7.05, 9.775, 8.45],
			"rotation": {"angle": 0, "axis": "y", "origin": [16, 0, 0]},
			"faces": {
				"north": {"uv": [2.03123, 4.99994, 1.99998, 6.09368], "texture": "#2"},
				"east": {"uv": [2.09373, 3.49996, 1.99998, 4.5937], "texture": "#2"},
				"south": {"uv": [2.03123, 4.99994, 1.99998, 6.09368], "texture": "#2"},
				"west": {"uv": [3.59371, 1.24999, 3.49996, 2.34372], "texture": "#2"},
				"up": {"uv": [7.74991, 7.59366, 7.78116, 7.49991], "texture": "#2"},
				"down": {"uv": [7.74991, 7.74991, 7.78116, 7.84366], "texture": "#2"}
			}
		},
		{
			"from": [6.75, 5.575, 8.075],
			"to": [6.9, 9, 8.425],
			"rotation": {"angle": 0, "axis": "y", "origin": [16, 0, 0]},
			"faces": {
				"north": {"uv": [0.78124, 5.74993, 0.74999, 6.59367], "texture": "#2"},
				"east": {"uv": [1.59373, 3.74996, 1.49998, 4.5937], "texture": "#2"},
				"south": {"uv": [0.78124, 5.74993, 0.74999, 6.59367], "texture": "#2"},
				"west": {"uv": [1.34373, 3.74996, 1.24999, 4.5937], "texture": "#2"},
				"up": {"uv": [0, 8.09366, 0.03125, 7.99991], "texture": "#2"},
				"down": {"uv": [7.99991, 0, 8.03116, 0.09375], "texture": "#2"}
			}
		},
		{
			"from": [6.6, 5.75, 8.1],
			"to": [6.75, 8.125, 8.4],
			"rotation": {"angle": 0, "axis": "y", "origin": [16, 0, 0]},
			"faces": {
				"north": {"uv": [4.0312, 5.99993, 3.99995, 6.59367], "texture": "#2"},
				"east": {"uv": [4.81245, 0.99999, 4.74995, 1.59373], "texture": "#2"},
				"south": {"uv": [4.0312, 5.99993, 3.99995, 6.59367], "texture": "#2"},
				"west": {"uv": [1.06249, 4.74995, 0.99999, 5.34369], "texture": "#2"},
				"up": {"uv": [3.99995, 8.06241, 4.0312, 7.99991], "texture": "#2"},
				"down": {"uv": [7.99991, 3.99995, 8.03116, 4.06245], "texture": "#2"}
			}
		},
		{
			"from": [6.45, 5.875, 8.125],
			"to": [6.6, 7.6, 8.375],
			"rotation": {"angle": 0, "axis": "y", "origin": [16, 0, 0]},
			"faces": {
				"north": {"uv": [4.7812, 6.49993, 4.74995, 6.93742], "texture": "#2"},
				"east": {"uv": [4.31245, 5.49994, 4.24995, 5.93743], "texture": "#2"},
				"south": {"uv": [4.7812, 6.49993, 4.74995, 6.93742], "texture": "#2"},
				"west": {"uv": [5.56244, 3.99995, 5.49994, 4.43745], "texture": "#2"},
				"up": {"uv": [4.24995, 8.06241, 4.2812, 7.99991], "texture": "#2"},
				"down": {"uv": [7.99991, 4.24995, 8.03116, 4.31245], "texture": "#2"}
			}
		},
		{
			"from": [6.3, 5.95, 8.15],
			"to": [6.45, 7.15, 8.35],
			"rotation": {"angle": 0, "axis": "y", "origin": [16, 0, 0]},
			"faces": {
				"north": {"uv": [2.78122, 6.99992, 2.74997, 7.31242], "texture": "#2"},
				"east": {"uv": [6.06243, 2.49997, 5.99993, 2.81247], "texture": "#2"},
				"south": {"uv": [2.78122, 6.99992, 2.74997, 7.31242], "texture": "#2"},
				"west": {"uv": [6.06243, 1.99998, 5.99993, 2.31247], "texture": "#2"},
				"up": {"uv": [4.49995, 8.06241, 4.5312, 7.99991], "texture": "#2"},
				"down": {"uv": [7.99991, 4.49995, 8.03116, 4.56245], "texture": "#2"}
			}
		},
		{
			"from": [6.15, 6.025, 8.175],
			"to": [6.3, 6.725, 8.325],
			"rotation": {"angle": 0, "axis": "y", "origin": [16, 0, 0]},
			"faces": {
				"north": {"uv": [6.03118, 7.49991, 5.99993, 7.68741], "texture": "#2"},
				"east": {"uv": [7.53116, 6.24993, 7.49991, 6.43743], "texture": "#2"},
				"south": {"uv": [6.03118, 7.49991, 5.99993, 7.68741], "texture": "#2"},
				"west": {"uv": [7.53116, 5.99993, 7.49991, 6.18743], "texture": "#2"},
				"up": {"uv": [6.99992, 8.03116, 7.03117, 7.99991], "texture": "#2"},
				"down": {"uv": [7.99991, 6.99992, 8.03116, 7.03117], "texture": "#2"}
			}
		},
		{
			"from": [7.2, 8.425, 8.1],
			"to": [7.35, 11.55, 8.4],
			"rotation": {"angle": 0, "axis": "y", "origin": [16, 0, 0]},
			"faces": {
				"north": {"uv": [2.53122, 5.74993, 2.49997, 6.53118], "texture": "#2"},
				"east": {"uv": [3.56246, 3.74996, 3.49996, 4.5312], "texture": "#2"},
				"south": {"uv": [2.53122, 5.74993, 2.49997, 6.53118], "texture": "#2"},
				"west": {"uv": [3.31246, 3.74996, 3.24996, 4.5312], "texture": "#2"},
				"up": {"uv": [3.24996, 8.06241, 3.28121, 7.99991], "texture": "#2"},
				"down": {"uv": [7.99991, 3.24996, 8.03116, 3.31246], "texture": "#2"}
			}
		},
		{
			"from": [8.3, 25.1, 8.125],
			"to": [8.45, 25.3, 8.375],
			"faces": {
				"north": {"uv": [0.74999, 7.99991, 0.78124, 8.06241], "texture": "#2"},
				"east": {"uv": [7.74991, 1.49998, 7.81241, 1.56248], "texture": "#2"},
				"south": {"uv": [7.99991, 0.74999, 8.03116, 0.81249], "texture": "#2"},
				"west": {"uv": [1.74998, 7.74991, 1.81248, 7.81241], "texture": "#2"},
				"up": {"uv": [1.03124, 8.06241, 0.99999, 7.99991], "texture": "#2"},
				"down": {"uv": [8.03116, 0.99999, 7.99991, 1.06249], "texture": "#2"}
			}
		},
		{
			"from": [8.25, 24.775, 8.125],
			"to": [8.5, 25.1, 8.375],
			"faces": {
				"north": {"uv": [4.74995, 7.49991, 4.81245, 7.59366], "texture": "#2"},
				"east": {"uv": [7.49991, 4.74995, 7.56241, 4.84369], "texture": "#2"},
				"south": {"uv": [4.99994, 7.49991, 5.06244, 7.59366], "texture": "#2"},
				"west": {"uv": [7.49991, 4.99994, 7.56241, 5.09369], "texture": "#2"},
				"up": {"uv": [7.81241, 1.31249, 7.74991, 1.24999], "texture": "#2"},
				"down": {"uv": [1.56248, 7.74991, 1.49998, 7.81241], "texture": "#2"}
			}
		},
		{
			"from": [8.3, 25.3, 8.19],
			"to": [8.45, 25.425, 8.315],
			"faces": {
				"north": {"uv": [5.49994, 7.99991, 5.53119, 8.03116], "texture": "#2"},
				"east": {"uv": [7.99991, 5.49994, 8.03116, 5.53119], "texture": "#2"},
				"south": {"uv": [5.74993, 7.99991, 5.78118, 8.03116], "texture": "#2"},
				"west": {"uv": [7.99991, 5.74993, 8.03116, 5.78118], "texture": "#2"},
				"up": {"uv": [6.03118, 8.03116, 5.99993, 7.99991], "texture": "#2"},
				"down": {"uv": [8.03116, 5.99993, 7.99991, 6.03118], "texture": "#2"}
			}
		},
		{
			"from": [8.325, 25.425, 8.19],
			"to": [8.425, 25.5, 8.315],
			"faces": {
				"north": {"uv": [5.49994, 7.99991, 5.53119, 8.03116], "texture": "#2"},
				"east": {"uv": [7.99991, 5.49994, 8.03116, 5.53119], "texture": "#2"},
				"south": {"uv": [5.74993, 7.99991, 5.78118, 8.03116], "texture": "#2"},
				"west": {"uv": [7.99991, 5.74993, 8.03116, 5.78118], "texture": "#2"},
				"up": {"uv": [6.03118, 8.03116, 5.99993, 7.99991], "texture": "#2"},
				"down": {"uv": [8.03116, 5.99993, 7.99991, 6.03118], "texture": "#2"}
			}
		},
		{
			"from": [8.25, 25.1, 8.19],
			"to": [8.5, 25.3, 8.315],
			"faces": {
				"north": {"uv": [7.74991, 0.99999, 7.81241, 1.06249], "texture": "#2"},
				"east": {"uv": [0.25, 7.99991, 0.28125, 8.06241], "texture": "#2"},
				"south": {"uv": [1.24999, 7.74991, 1.31249, 7.81241], "texture": "#2"},
				"west": {"uv": [7.99991, 0.25, 8.03116, 0.3125], "texture": "#2"},
				"up": {"uv": [0.56249, 8.03116, 0.49999, 7.99991], "texture": "#2"},
				"down": {"uv": [8.06241, 0.49999, 7.99991, 0.53124], "texture": "#2"}
			}
		},
		{
			"from": [8.175, 24.775, 8.19],
			"to": [8.575, 25.1, 8.315],
			"faces": {
				"north": {"uv": [5.74993, 6.99992, 5.84368, 7.09367], "texture": "#2"},
				"east": {"uv": [7.74991, 5.49994, 7.78116, 5.59369], "texture": "#2"},
				"south": {"uv": [5.99993, 6.99992, 6.09368, 7.09367], "texture": "#2"},
				"west": {"uv": [5.74993, 7.74991, 5.78118, 7.84366], "texture": "#2"},
				"up": {"uv": [7.84366, 5.78118, 7.74991, 5.74993], "texture": "#2"},
				"down": {"uv": [6.09368, 7.74991, 5.99993, 7.78116], "texture": "#2"}
			}
		},
		{
			"from": [8.075, 24.275, 8.19],
			"to": [8.675, 24.775, 8.315],
			"faces": {
				"north": {"uv": [5.49994, 5.74993, 5.65619, 5.87493], "texture": "#2"},
				"east": {"uv": [7.74991, 0.74999, 7.78116, 0.87499], "texture": "#2"},
				"south": {"uv": [5.74993, 5.49994, 5.90618, 5.62494], "texture": "#2"},
				"west": {"uv": [0.99999, 7.74991, 1.03124, 7.87491], "texture": "#2"},
				"up": {"uv": [6.65617, 7.53116, 6.49993, 7.49991], "texture": "#2"},
				"down": {"uv": [7.65616, 6.49993, 7.49991, 6.53118], "texture": "#2"}
			}
		},
		{
			"from": [8, 23.275, 8.19],
			"to": [8.75, 24.275, 8.315],
			"faces": {
				"north": {"uv": [2.99997, 2.74997, 3.18746, 2.99997], "texture": "#2"},
				"east": {"uv": [7.24992, 5.24994, 7.28117, 5.49994], "texture": "#2"},
				"south": {"uv": [3.24996, 1.99998, 3.43746, 2.24997], "texture": "#2"},
				"west": {"uv": [7.24992, 5.49994, 7.28117, 5.74993], "texture": "#2"},
				"up": {"uv": [4.68745, 7.53116, 4.49995, 7.49991], "texture": "#2"},
				"down": {"uv": [7.68741, 4.49995, 7.49991, 4.5312], "texture": "#2"}
			}
		},
		{
			"from": [8.15, 24.275, 8.125],
			"to": [8.6, 24.775, 8.375],
			"faces": {
				"north": {"uv": [6.24993, 1.74998, 6.37493, 1.87498], "texture": "#2"},
				"east": {"uv": [4.74995, 7.24992, 4.81245, 7.37492], "texture": "#2"},
				"south": {"uv": [1.99998, 6.24993, 2.12498, 6.37493], "texture": "#2"},
				"west": {"uv": [7.24992, 4.74995, 7.31242, 4.87494], "texture": "#2"},
				"up": {"uv": [5.12494, 7.31242, 4.99994, 7.24992], "texture": "#2"},
				"down": {"uv": [7.37492, 4.99994, 7.24992, 5.06244], "texture": "#2"}
			}
		},
		{
			"from": [8.075, 23.275, 8.125],
			"to": [8.675, 24.275, 8.375],
			"faces": {
				"north": {"uv": [4.24995, 2.24997, 4.4062, 2.49997], "texture": "#2"},
				"east": {"uv": [1.49998, 6.24993, 1.56248, 6.49993], "texture": "#2"},
				"south": {"uv": [4.24995, 4.24995, 4.4062, 4.49995], "texture": "#2"},
				"west": {"uv": [6.24993, 1.49998, 6.31243, 1.74998], "texture": "#2"},
				"up": {"uv": [4.4062, 6.81242, 4.24995, 6.74992], "texture": "#2"},
				"down": {"uv": [6.90617, 6.49993, 6.74992, 6.56243], "texture": "#2"}
			}
		},
		{
			"from": [7.8, 7, 8.125],
			"to": [8.95, 8.925, 8.375],
			"faces": {
				"north": {"uv": [2.99997, 2.24997, 3.28121, 2.71872], "texture": "#2"},
				"east": {"uv": [5.24994, 0.99999, 5.31244, 1.46873], "texture": "#2"},
				"south": {"uv": [2.99997, 2.24997, 3.28121, 2.71872], "texture": "#2"},
				"west": {"uv": [5.24994, 1.49998, 5.31244, 1.96873], "texture": "#2"},
				"up": {"uv": [6.28118, 6.06243, 5.99993, 5.99993], "texture": "#2"},
				"down": {"uv": [6.53118, 0, 6.24993, 0.0625], "texture": "#2"}
			}
		},
		{
			"from": [7.9, 8.925, 8.125],
			"to": [8.85, 10.85, 8.375],
			"faces": {
				"north": {"uv": [1.24999, 3.24996, 1.49998, 3.71871], "texture": "#2"},
				"east": {"uv": [5.24994, 0, 5.31244, 0.46874], "texture": "#2"},
				"south": {"uv": [1.24999, 3.24996, 1.49998, 3.71871], "texture": "#2"},
				"west": {"uv": [0.74999, 5.24994, 0.81249, 5.71868], "texture": "#2"},
				"up": {"uv": [1.49998, 6.31243, 1.24999, 6.24993], "texture": "#2"},
				"down": {"uv": [6.49993, 1.24999, 6.24993, 1.31249], "texture": "#2"}
			}
		},
		{
			"from": [8, 10.85, 8.125],
			"to": [8.75, 23.275, 8.375],
			"faces": {
				"north": {"uv": [0.99999, 0, 1.18749, 3.09371], "texture": "#2"},
				"east": {"uv": [2.24997, 0, 2.31247, 3.09371], "texture": "#2"},
				"south": {"uv": [0.99999, 0, 1.18749, 3.09371], "texture": "#2"},
				"west": {"uv": [2.49997, 0, 2.56247, 3.09371], "texture": "#2"},
				"up": {"uv": [6.93742, 2.56247, 6.74992, 2.49997], "texture": "#2"},
				"down": {"uv": [6.93742, 2.74997, 6.74992, 2.81247], "texture": "#2"}
			}
		},
		{
			"from": [7.775, 10.95, 8.19],
			"to": [8.975, 21.025, 8.315],
			"faces": {
				"north": {"uv": [0, 0, 0.3125, 2.53122], "texture": "#2"},
				"east": {"uv": [2.74997, 3.49996, 2.78122, 6.03118], "texture": "#2"},
				"south": {"uv": [0, 0, 0.3125, 2.53122], "texture": "#2"},
				"west": {"uv": [2.99997, 3.49996, 3.03122, 6.03118], "texture": "#2"},
				"up": {"uv": [6.56243, 6.78117, 6.24993, 6.74992], "texture": "#2"},
				"down": {"uv": [7.06242, 6.24993, 6.74992, 6.28118], "texture": "#2"}
			}
		},
		{
			"from": [7.7, 7.25, 8.19],
			"to": [9.05, 7.325, 8.315],
			"faces": {
				"north": {"uv": [6.74992, 4.74995, 7.09367, 4.7812], "texture": "#2"},
				"east": {"uv": [5.24994, 7.99991, 5.28119, 8.03116], "texture": "#2"},
				"south": {"uv": [6.74992, 4.99994, 7.09367, 5.03119], "texture": "#2"},
				"west": {"uv": [7.99991, 5.24994, 8.03116, 5.28119], "texture": "#2"},
				"up": {"uv": [5.59369, 6.78117, 5.24994, 6.74992], "texture": "#2"},
				"down": {"uv": [7.09367, 5.24994, 6.74992, 5.28119], "texture": "#2"}
			}
		},
		{
			"from": [7.625, 7.325, 8.19],
			"to": [9.125, 7.425, 8.315],
			"faces": {
				"north": {"uv": [1.99998, 6.74992, 2.37497, 6.78117], "texture": "#2"},
				"east": {"uv": [4.99994, 7.99991, 5.03119, 8.03116], "texture": "#2"},
				"south": {"uv": [6.74992, 1.99998, 7.12492, 2.03123], "texture": "#2"},
				"west": {"uv": [7.99991, 4.99994, 8.03116, 5.03119], "texture": "#2"},
				"up": {"uv": [7.12492, 2.28122, 6.74992, 2.24997], "texture": "#2"},
				"down": {"uv": [2.87497, 6.74992, 2.49997, 6.78117], "texture": "#2"}
			}
		},
		{
			"from": [7.625, 7.325, 8.19],
			"to": [9.125, 7.425, 8.315],
			"faces": {
				"north": {"uv": [6.74992, 1.24999, 7.12492, 1.28124], "texture": "#2"},
				"east": {"uv": [4.74995, 7.99991, 4.7812, 8.03116], "texture": "#2"},
				"south": {"uv": [1.49998, 6.74992, 1.87498, 6.78117], "texture": "#2"},
				"west": {"uv": [7.99991, 4.74995, 8.03116, 4.7812], "texture": "#2"},
				"up": {"uv": [7.12492, 1.53123, 6.74992, 1.49998], "texture": "#2"},
				"down": {"uv": [7.12492, 1.74998, 6.74992, 1.78123], "texture": "#2"}
			}
		},
		{
			"from": [7.5, 7.425, 8.19],
			"to": [9.25, 7.9, 8.315],
			"faces": {
				"north": {"uv": [3.49996, 2.49997, 3.93746, 2.62497], "texture": "#2"},
				"east": {"uv": [7.74991, 0.49999, 7.78116, 0.62499], "texture": "#2"},
				"south": {"uv": [3.74996, 2.74997, 4.18745, 2.87497], "texture": "#2"},
				"west": {"uv": [0.74999, 7.74991, 0.78124, 7.87491], "texture": "#2"},
				"up": {"uv": [6.68742, 5.28119, 6.24993, 5.24994], "texture": "#2"},
				"down": {"uv": [6.68742, 5.49994, 6.24993, 5.53119], "texture": "#2"}
			}
		},
		{
			"from": [7.575, 7.9, 8.19],
			"to": [9.175, 9.075, 8.315],
			"faces": {
				"north": {"uv": [3.24996, 2.74997, 3.65621, 3.03122], "texture": "#2"},
				"east": {"uv": [5.24994, 6.99992, 5.28119, 7.28117], "texture": "#2"},
				"south": {"uv": [3.24996, 3.24996, 3.65621, 3.53121], "texture": "#2"},
				"west": {"uv": [5.49994, 6.99992, 5.53119, 7.28117], "texture": "#2"},
				"up": {"uv": [1.15624, 6.78117, 0.74999, 6.74992], "texture": "#2"},
				"down": {"uv": [7.15617, 0.74999, 6.74992, 0.78124], "texture": "#2"}
			}
		},
		{
			"from": [7.675, 9.075, 8.19],
			"to": [9.075, 10.95, 8.315],
			"faces": {
				"north": {"uv": [0.25, 2.74997, 0.59374, 3.21871], "texture": "#2"},
				"east": {"uv": [6.24993, 1.99998, 6.28118, 2.46872], "texture": "#2"},
				"south": {"uv": [0.25, 2.74997, 0.59374, 3.21871], "texture": "#2"},
				"west": {"uv": [2.24997, 6.24993, 2.28122, 6.71867], "texture": "#2"},
				"up": {"uv": [7.09367, 4.2812, 6.74992, 4.24995], "texture": "#2"},
				"down": {"uv": [7.09367, 4.49995, 6.74992, 4.5312], "texture": "#2"}
			}
		},
		{
			"from": [7.9, 21.025, 8.19],
			"to": [8.85, 23.275, 8.315],
			"faces": {
				"north": {"uv": [1.49998, 2.99997, 1.74998, 3.56246], "texture": "#2"},
				"east": {"uv": [5.99993, 5.24994, 6.03118, 5.81243], "texture": "#2"},
				"south": {"uv": [1.74998, 2.99997, 1.99998, 3.56246], "texture": "#2"},
				"west": {"uv": [5.49994, 5.99993, 5.53119, 6.56243], "texture": "#2"},
				"up": {"uv": [7.49991, 4.2812, 7.24992, 4.24995], "texture": "#2"},
				"down": {"uv": [7.49991, 4.49995, 7.24992, 4.5312], "texture": "#2"}
			}
		},
		{
			"from": [8.35, 5.6, 9.25],
			"to": [16.35, 21.6, 9.25],
			"rotation": {"angle": 22.5, "axis": "y", "origin": [8.35, 13.6, 9.25]},
			"faces": {
				"south": {"uv": [8.12316, 0, 15.65257, 15.60882], "texture": "#1"}
			}
		},
		{
			"from": [0.35, 5.6, 7.325],
			"to": [8.35, 21.6, 7.325],
			"rotation": {"angle": 22.5, "axis": "y", "origin": [8.35, 13.6, 7.325]},
			"faces": {
				"north": {"uv": [8.11691, 0, 0.5875, 15.55882], "texture": "#1"}
			}
		},
		{
			"from": [0.35, 5.6, 9.25],
			"to": [8.35, 21.6, 9.25],
			"rotation": {"angle": -22.5, "axis": "y", "origin": [8.35, 13.6, 9.25]},
			"faces": {
				"south": {"uv": [0.59375, 0, 8.12316, 15.60882], "texture": "#1"}
			}
		},
		{
			"from": [8.35, 5.6, 7.325],
			"to": [16.35, 21.6, 7.325],
			"rotation": {"angle": -22.5, "axis": "y", "origin": [8.35, 13.6, 7.325]},
			"faces": {
				"north": {"uv": [15.64632, 0, 8.11691, 15.55882], "texture": "#1"}
			}
		}
	],
	"display": {
		"thirdperson_righthand": {
			"rotation": [0, -90, 0],
			"translation": [0.4, 5.086, -0.5],
			"scale": [1.5, 1.5, 1.5]
		},
		"thirdperson_lefthand": {
			"rotation": [0, 90, 0],
			"translation": [-0.4, 4.086, -0.5],
			"scale": [1.5, 1.5, 1.5]
		},
		"firstperson_righthand": {
			"rotation": [-11, 104, 0],
			"translation": [3.85, 3, -0.758],
			"scale": [0.9, 0.9, 0.9]
		},
		"firstperson_lefthand": {
			"rotation": [-11, -76, 0],
			"translation": [3.85, 3, -0.75],
			"scale": [0.9, 0.9, 0.9]
		},
		"ground": {
			"translation": [0, 15, 0],
			"scale": [1.5, 1.5, 1.5]
		},
		"gui": {
			"rotation": [0, 0, -45],
			"translation": [-2.75, -2.25, 0]
		},
		"head": {
			"translation": [0, 24.75, 0],
			"scale": [1.5, 1.5, 1.5]
		},
		"fixed": {
			"rotation": [0, 0, 45],
			"translation": [2.25, -2.75, -1.5]
		}
	}
}