{
	"credit": "Made with Blockbench",
	"texture_size": [64, 64],
	"textures": {
		"0": "item/infinity_blade",
		"particle": "item/infinity_blade"
	},
	"elements": [
		{
			"from": [7.9, 4.725, 8.075],
			"to": [8.85, 6.55, 8.425],
			"rotation": {"angle": 0, "axis": "y", "origin": [8.375, 13.00625, 8.25]},
			"faces": {
				"north": {"uv": [1.75, 2.25, 2, 2.71875], "texture": "#0"},
				"east": {"uv": [1.25, 3.75, 1.34375, 4.21875], "texture": "#0"},
				"south": {"uv": [1.75, 2.25, 2, 2.71875], "texture": "#0"},
				"west": {"uv": [1.5, 3.75, 1.59375, 4.21875], "texture": "#0"},
				"up": {"uv": [1.5, 5.09375, 1.25, 5], "texture": "#0"},
				"down": {"uv": [1.75, 5, 1.5, 5.09375], "texture": "#0"}
			}
		},
		{
			"from": [7.9, 1.2, 8.075],
			"to": [8.85, 2.9, 8.425],
			"rotation": {"angle": 0, "axis": "y", "origin": [8.375, 13.00625, 8.25]},
			"faces": {
				"north": {"uv": [0.25, 2.5, 0.5, 2.9375], "texture": "#0"},
				"east": {"uv": [1, 4, 1.09375, 4.4375], "texture": "#0"},
				"south": {"uv": [0.25, 2.5, 0.5, 2.9375], "texture": "#0"},
				"west": {"uv": [4, 1.75, 4.09375, 2.1875], "texture": "#0"},
				"up": {"uv": [4.75, 5.09375, 4.5, 5], "texture": "#0"},
				"down": {"uv": [5, 5, 4.75, 5.09375], "texture": "#0"}
			}
		},
		{
			"from": [7.975, 2.9, 8.075],
			"to": [8.775, 4.725, 8.425],
			"rotation": {"angle": 0, "axis": "y", "origin": [8.375, 13.00625, 8.25]},
			"faces": {
				"north": {"uv": [0.25, 3, 0.4375, 3.46875], "texture": "#0"},
				"east": {"uv": [2.5, 3.75, 2.59375, 4.21875], "texture": "#0"},
				"south": {"uv": [0.25, 3, 0.4375, 3.46875], "texture": "#0"},
				"west": {"uv": [2.75, 3.75, 2.84375, 4.21875], "texture": "#0"},
				"up": {"uv": [5.9375, 5.34375, 5.75, 5.25], "texture": "#0"},
				"down": {"uv": [5.9375, 5.5, 5.75, 5.59375], "texture": "#0"}
			}
		},
		{
			"from": [7.875, 1, 8],
			"to": [8.875, 1.2, 8.5],
			"rotation": {"angle": 0, "axis": "y", "origin": [8.375, 13.00625, 8.25]},
			"faces": {
				"north": {"uv": [6, 1.5, 6.25, 1.5625], "texture": "#0"},
				"east": {"uv": [6.75, 6, 6.875, 6.0625], "texture": "#0"},
				"south": {"uv": [6, 1.75, 6.25, 1.8125], "texture": "#0"},
				"west": {"uv": [6.25, 6.75, 6.375, 6.8125], "texture": "#0"},
				"up": {"uv": [4.75, 0.625, 4.5, 0.5], "texture": "#0"},
				"down": {"uv": [4.75, 0.75, 4.5, 0.875], "texture": "#0"}
			}
		},
		{
			"from": [6.175, 8.1, 7.875],
			"to": [6.875, 8.7, 8.625],
			"rotation": {"angle": 0, "axis": "y", "origin": [8.375, 13.00625, 8.25]},
			"faces": {
				"north": {"uv": [4.75, 2, 4.9375, 2.15625], "texture": "#0"},
				"east": {"uv": [4.5, 3.5, 4.6875, 3.65625], "texture": "#0"},
				"south": {"uv": [4.5, 3.75, 4.6875, 3.90625], "texture": "#0"},
				"west": {"uv": [4, 4.5, 4.1875, 4.65625], "texture": "#0"},
				"up": {"uv": [4.1875, 3.6875, 4, 3.5], "texture": "#0"},
				"down": {"uv": [4.1875, 4, 4, 4.1875], "texture": "#0"}
			}
		},
		{
			"from": [6.325, 8.7, 7.925],
			"to": [7.025, 9.2, 8.575],
			"rotation": {"angle": 0, "axis": "y", "origin": [8.375, 13.00625, 8.25]},
			"faces": {
				"north": {"uv": [5.25, 0, 5.4375, 0.125], "texture": "#0"},
				"east": {"uv": [4.25, 5.25, 4.40625, 5.375], "texture": "#0"},
				"south": {"uv": [2, 5, 2.1875, 5.125], "texture": "#0"},
				"west": {"uv": [5.25, 4.25, 5.40625, 4.375], "texture": "#0"},
				"up": {"uv": [4.4375, 4.65625, 4.25, 4.5], "texture": "#0"},
				"down": {"uv": [4.6875, 4.5, 4.5, 4.65625], "texture": "#0"}
			}
		},
		{
			"from": [5.9, 7.75, 8.025],
			"to": [6.5, 7.925, 8.475],
			"rotation": {"angle": 0, "axis": "y", "origin": [8.375, 13.00625, 8.25]},
			"faces": {
				"north": {"uv": [7.25, 6, 7.40625, 6.03125], "texture": "#0"},
				"east": {"uv": [6, 7.5, 6.125, 7.53125], "texture": "#0"},
				"south": {"uv": [6.25, 7.25, 6.40625, 7.28125], "texture": "#0"},
				"west": {"uv": [7.5, 6, 7.625, 6.03125], "texture": "#0"},
				"up": {"uv": [1.90625, 5.625, 1.75, 5.5], "texture": "#0"},
				"down": {"uv": [5.65625, 2, 5.5, 2.125], "texture": "#0"}
			}
		},
		{
			"from": [5.95, 8.1, 8.025],
			"to": [6.575, 8.15, 8.475],
			"rotation": {"angle": 0, "axis": "y", "origin": [8.375, 13.00625, 8.25]},
			"faces": {
				"north": {"uv": [7.25, 6.5, 7.40625, 6.53125], "texture": "#0"},
				"east": {"uv": [6.5, 7.5, 6.625, 7.53125], "texture": "#0"},
				"south": {"uv": [6.75, 7.25, 6.90625, 7.28125], "texture": "#0"},
				"west": {"uv": [7.5, 6.5, 7.625, 6.53125], "texture": "#0"},
				"up": {"uv": [5.65625, 2.875, 5.5, 2.75], "texture": "#0"},
				"down": {"uv": [3.15625, 5.5, 3, 5.625], "texture": "#0"}
			}
		},
		{
			"from": [6.075, 8.15, 8.025],
			"to": [6.575, 8.2, 8.475],
			"rotation": {"angle": 0, "axis": "y", "origin": [8.375, 13.00625, 8.25]},
			"faces": {
				"north": {"uv": [7, 7.5, 7.125, 7.53125], "texture": "#0"},
				"east": {"uv": [7.5, 7, 7.625, 7.03125], "texture": "#0"},
				"south": {"uv": [7.25, 7.5, 7.375, 7.53125], "texture": "#0"},
				"west": {"uv": [7.5, 7.25, 7.625, 7.28125], "texture": "#0"},
				"up": {"uv": [5.625, 6.125, 5.5, 6], "texture": "#0"},
				"down": {"uv": [6.125, 5.5, 6, 5.625], "texture": "#0"}
			}
		},
		{
			"from": [5.75, 7.925, 8.025],
			"to": [6.35, 8.1, 8.475],
			"rotation": {"angle": 0, "axis": "y", "origin": [8.375, 13.00625, 8.25]},
			"faces": {
				"north": {"uv": [7.25, 6.25, 7.40625, 6.28125], "texture": "#0"},
				"east": {"uv": [6.25, 7.5, 6.375, 7.53125], "texture": "#0"},
				"south": {"uv": [6.5, 7.25, 6.65625, 7.28125], "texture": "#0"},
				"west": {"uv": [7.5, 6.25, 7.625, 6.28125], "texture": "#0"},
				"up": {"uv": [2.65625, 5.625, 2.5, 5.5], "texture": "#0"},
				"down": {"uv": [2.90625, 5.5, 2.75, 5.625], "texture": "#0"}
			}
		},
		{
			"from": [6.075, 7.575, 8.025],
			"to": [6.5, 7.75, 8.475],
			"rotation": {"angle": 0, "axis": "y", "origin": [8.375, 13.00625, 8.25]},
			"faces": {
				"north": {"uv": [7, 8, 7.09375, 8.03125], "texture": "#0"},
				"east": {"uv": [5.75, 7.5, 5.875, 7.53125], "texture": "#0"},
				"south": {"uv": [8, 7, 8.09375, 7.03125], "texture": "#0"},
				"west": {"uv": [7.5, 5.75, 7.625, 5.78125], "texture": "#0"},
				"up": {"uv": [5.09375, 6.625, 5, 6.5], "texture": "#0"},
				"down": {"uv": [6.59375, 5, 6.5, 5.125], "texture": "#0"}
			}
		},
		{
			"from": [6.275, 7.4, 8.025],
			"to": [6.7, 7.575, 8.475],
			"rotation": {"angle": 0, "axis": "y", "origin": [8.375, 13.00625, 8.25]},
			"faces": {
				"north": {"uv": [7.25, 8, 7.34375, 8.03125], "texture": "#0"},
				"east": {"uv": [6.75, 7.5, 6.875, 7.53125], "texture": "#0"},
				"south": {"uv": [8, 7.25, 8.09375, 7.28125], "texture": "#0"},
				"west": {"uv": [7.5, 6.75, 7.625, 6.78125], "texture": "#0"},
				"up": {"uv": [5.34375, 6.625, 5.25, 6.5], "texture": "#0"},
				"down": {"uv": [6.59375, 5.25, 6.5, 5.375], "texture": "#0"}
			}
		},
		{
			"from": [6.375, 9, 8.025],
			"to": [6.8, 9.175, 8.475],
			"rotation": {"angle": 0, "axis": "y", "origin": [8.375, 13.00625, 8.25]},
			"faces": {
				"north": {"uv": [7.75, 8, 7.84375, 8.03125], "texture": "#0"},
				"east": {"uv": [7.75, 0.75, 7.875, 0.78125], "texture": "#0"},
				"south": {"uv": [8, 7.75, 8.09375, 7.78125], "texture": "#0"},
				"west": {"uv": [1, 7.75, 1.125, 7.78125], "texture": "#0"},
				"up": {"uv": [5.84375, 6.625, 5.75, 6.5], "texture": "#0"},
				"down": {"uv": [6.59375, 5.75, 6.5, 5.875], "texture": "#0"}
			}
		},
		{
			"from": [6.275, 9.175, 8.025],
			"to": [6.875, 9.35, 8.475],
			"rotation": {"angle": 0, "axis": "y", "origin": [8.375, 13.00625, 8.25]},
			"faces": {
				"north": {"uv": [0, 7.5, 0.15625, 7.53125], "texture": "#0"},
				"east": {"uv": [7.75, 0.5, 7.875, 0.53125], "texture": "#0"},
				"south": {"uv": [7.5, 0, 7.65625, 0.03125], "texture": "#0"},
				"west": {"uv": [0.75, 7.75, 0.875, 7.78125], "texture": "#0"},
				"up": {"uv": [4.15625, 5.625, 4, 5.5], "texture": "#0"},
				"down": {"uv": [4.40625, 5.5, 4.25, 5.625], "texture": "#0"}
			}
		},
		{
			"from": [6.125, 9.35, 8.025],
			"to": [6.725, 9.525, 8.475],
			"rotation": {"angle": 0, "axis": "y", "origin": [8.375, 13.00625, 8.25]},
			"faces": {
				"north": {"uv": [7.25, 7, 7.40625, 7.03125], "texture": "#0"},
				"east": {"uv": [7.75, 0.25, 7.875, 0.28125], "texture": "#0"},
				"south": {"uv": [7.25, 7.25, 7.40625, 7.28125], "texture": "#0"},
				"west": {"uv": [0.5, 7.75, 0.625, 7.78125], "texture": "#0"},
				"up": {"uv": [3.65625, 5.625, 3.5, 5.5], "texture": "#0"},
				"down": {"uv": [3.90625, 5.5, 3.75, 5.625], "texture": "#0"}
			}
		},
		{
			"from": [6.275, 9.525, 8.025],
			"to": [6.95, 9.575, 8.475],
			"rotation": {"angle": 0, "axis": "y", "origin": [8.375, 13.00625, 8.25]},
			"faces": {
				"north": {"uv": [7.25, 6.75, 7.40625, 6.78125], "texture": "#0"},
				"east": {"uv": [7.75, 0, 7.875, 0.03125], "texture": "#0"},
				"south": {"uv": [7, 7.25, 7.15625, 7.28125], "texture": "#0"},
				"west": {"uv": [0.25, 7.75, 0.375, 7.78125], "texture": "#0"},
				"up": {"uv": [5.65625, 3.125, 5.5, 3], "texture": "#0"},
				"down": {"uv": [3.40625, 5.5, 3.25, 5.625], "texture": "#0"}
			}
		},
		{
			"from": [6.025, 9.475, 8.025],
			"to": [6.35, 9.625, 8.475],
			"rotation": {"angle": 0, "axis": "y", "origin": [8.375, 13.00625, 8.25]},
			"faces": {
				"north": {"uv": [7.5, 8, 7.59375, 8.03125], "texture": "#0"},
				"east": {"uv": [7.5, 7.5, 7.625, 7.53125], "texture": "#0"},
				"south": {"uv": [8, 7.5, 8.09375, 7.53125], "texture": "#0"},
				"west": {"uv": [0, 7.75, 0.125, 7.78125], "texture": "#0"},
				"up": {"uv": [5.59375, 6.625, 5.5, 6.5], "texture": "#0"},
				"down": {"uv": [6.59375, 5.5, 6.5, 5.625], "texture": "#0"}
			}
		},
		{
			"from": [6.65, 9.45, 7.975],
			"to": [7.675, 9.7, 8.525],
			"rotation": {"angle": 0, "axis": "y", "origin": [8.375, 13.00625, 8.25]},
			"faces": {
				"north": {"uv": [6.25, 0.25, 6.5, 0.3125], "texture": "#0"},
				"east": {"uv": [6.75, 6.25, 6.875, 6.3125], "texture": "#0"},
				"south": {"uv": [2.25, 6, 2.5, 6.0625], "texture": "#0"},
				"west": {"uv": [6.5, 6.75, 6.625, 6.8125], "texture": "#0"},
				"up": {"uv": [1.25, 4.625, 1, 4.5], "texture": "#0"},
				"down": {"uv": [4.75, 1, 4.5, 1.125], "texture": "#0"}
			}
		},
		{
			"from": [6.95, 9.7, 8],
			"to": [9.8, 9.9, 8.5],
			"rotation": {"angle": 0, "axis": "y", "origin": [8.375, 13.00625, 8.25]},
			"faces": {
				"north": {"uv": [3.75, 0.5, 4.46875, 0.5625], "texture": "#0"},
				"east": {"uv": [2.25, 7, 2.375, 7.0625], "texture": "#0"},
				"south": {"uv": [3.75, 0.5, 4.46875, 0.5625], "texture": "#0"},
				"west": {"uv": [7, 2.25, 7.125, 2.3125], "texture": "#0"},
				"up": {"uv": [3.21875, 2.125, 2.5, 2], "texture": "#0"},
				"down": {"uv": [3.21875, 2.25, 2.5, 2.375], "texture": "#0"}
			}
		},
		{
			"from": [7.675, 9.575, 8],
			"to": [9.075, 9.7, 8.5],
			"rotation": {"angle": 0, "axis": "y", "origin": [8.375, 13.00625, 8.25]},
			"faces": {
				"north": {"uv": [3.25, 6.75, 3.59375, 6.78125], "texture": "#0"},
				"east": {"uv": [5.5, 7.5, 5.625, 7.53125], "texture": "#0"},
				"south": {"uv": [6.75, 3.25, 7.09375, 3.28125], "texture": "#0"},
				"west": {"uv": [7.5, 5.5, 7.625, 5.53125], "texture": "#0"},
				"up": {"uv": [4.09375, 2.375, 3.75, 2.25], "texture": "#0"},
				"down": {"uv": [4.09375, 3, 3.75, 3.125], "texture": "#0"}
			}
		},
		{
			"from": [7.575, 9.9, 8],
			"to": [9.175, 10.05, 8.5],
			"rotation": {"angle": 0, "axis": "y", "origin": [8.375, 13.00625, 8.25]},
			"faces": {
				"north": {"uv": [0, 6.5, 0.40625, 6.53125], "texture": "#0"},
				"east": {"uv": [5, 7.5, 5.125, 7.53125], "texture": "#0"},
				"south": {"uv": [0, 6.5, 0.40625, 6.53125], "texture": "#0"},
				"west": {"uv": [7.5, 5, 7.625, 5.03125], "texture": "#0"},
				"up": {"uv": [1.65625, 3.625, 1.25, 3.5], "texture": "#0"},
				"down": {"uv": [3.90625, 1.75, 3.5, 1.875], "texture": "#0"}
			}
		},
		{
			"from": [6.95, 6.85, 8],
			"to": [9.8, 7.1, 8.5],
			"rotation": {"angle": 0, "axis": "y", "origin": [8.375, 13.00625, 8.25]},
			"faces": {
				"north": {"uv": [3.75, 1, 4.46875, 1.0625], "texture": "#0"},
				"east": {"uv": [2.5, 7, 2.625, 7.0625], "texture": "#0"},
				"south": {"uv": [3.75, 1, 4.46875, 1.0625], "texture": "#0"},
				"west": {"uv": [7, 2.5, 7.125, 2.5625], "texture": "#0"},
				"up": {"uv": [3.21875, 2.625, 2.5, 2.5], "texture": "#0"},
				"down": {"uv": [2.21875, 2.75, 1.5, 2.875], "texture": "#0"}
			}
		},
		{
			"from": [7.425, 6.55, 8],
			"to": [9.325, 6.85, 8.5],
			"rotation": {"angle": 0, "axis": "y", "origin": [7.625, 2.99375, 8.25]},
			"faces": {
				"north": {"uv": [4.75, 0.5, 5.21875, 0.5625], "texture": "#0"},
				"east": {"uv": [0.75, 7, 0.875, 7.0625], "texture": "#0"},
				"south": {"uv": [4.75, 0.5, 5.21875, 0.5625], "texture": "#0"},
				"west": {"uv": [7, 0.75, 7.125, 0.8125], "texture": "#0"},
				"up": {"uv": [3.46875, 3.375, 3, 3.25], "texture": "#0"},
				"down": {"uv": [3.71875, 3, 3.25, 3.125], "texture": "#0"}
			}
		},
		{
			"from": [7.825, 10.05, 8],
			"to": [8.925, 10.25, 8.5],
			"rotation": {"angle": 0, "axis": "y", "origin": [7.625, 2.99375, 8.25]},
			"faces": {
				"north": {"uv": [5.75, 4.75, 6.03125, 4.8125], "texture": "#0"},
				"east": {"uv": [1, 7, 1.125, 7.0625], "texture": "#0"},
				"south": {"uv": [5.75, 4.75, 6.03125, 4.8125], "texture": "#0"},
				"west": {"uv": [7, 1, 7.125, 1.0625], "texture": "#0"},
				"up": {"uv": [4.53125, 2.125, 4.25, 2], "texture": "#0"},
				"down": {"uv": [4.53125, 2.25, 4.25, 2.375], "texture": "#0"}
			}
		},
		{
			"from": [8.025, 10.25, 8],
			"to": [8.725, 10.55, 8.5],
			"rotation": {"angle": 0, "axis": "y", "origin": [7.625, 2.99375, 8.25]},
			"faces": {
				"north": {"uv": [2.5, 6.5, 2.6875, 6.5625], "texture": "#0"},
				"east": {"uv": [1.25, 7, 1.375, 7.0625], "texture": "#0"},
				"south": {"uv": [2.5, 6.5, 2.6875, 6.5625], "texture": "#0"},
				"west": {"uv": [7, 1.25, 7.125, 1.3125], "texture": "#0"},
				"up": {"uv": [5.1875, 3.375, 5, 3.25], "texture": "#0"},
				"down": {"uv": [5.1875, 3.5, 5, 3.625], "texture": "#0"}
			}
		},
		{
			"from": [8.175, 10.55, 8],
			"to": [8.575, 11.05, 8.5],
			"rotation": {"angle": 0, "axis": "y", "origin": [7.625, 2.99375, 8.25]},
			"faces": {
				"north": {"uv": [2.75, 6.5, 2.84375, 6.625], "texture": "#0"},
				"east": {"uv": [6, 3.5, 6.125, 3.625], "texture": "#0"},
				"south": {"uv": [2.75, 6.5, 2.84375, 6.625], "texture": "#0"},
				"west": {"uv": [3.75, 6, 3.875, 6.125], "texture": "#0"},
				"up": {"uv": [3.09375, 6.625, 3, 6.5], "texture": "#0"},
				"down": {"uv": [6.59375, 3, 6.5, 3.125], "texture": "#0"}
			}
		},
		{
			"from": [7.8, 6.25, 8],
			"to": [8.95, 6.55, 8.5],
			"rotation": {"angle": 0, "axis": "y", "origin": [7.625, 2.99375, 8.25]},
			"faces": {
				"north": {"uv": [5.25, 5.75, 5.53125, 5.8125], "texture": "#0"},
				"east": {"uv": [3, 7, 3.125, 7.0625], "texture": "#0"},
				"south": {"uv": [5.25, 5.75, 5.53125, 5.8125], "texture": "#0"},
				"west": {"uv": [7, 3, 7.125, 3.0625], "texture": "#0"},
				"up": {"uv": [2.78125, 4.375, 2.5, 4.25], "texture": "#0"},
				"down": {"uv": [4.53125, 3, 4.25, 3.125], "texture": "#0"}
			}
		},
		{
			"from": [8, 5.95, 8],
			"to": [8.75, 6.25, 8.5],
			"rotation": {"angle": 0, "axis": "y", "origin": [7.625, 2.99375, 8.25]},
			"faces": {
				"north": {"uv": [4, 6.5, 4.1875, 6.5625], "texture": "#0"},
				"east": {"uv": [2.75, 7, 2.875, 7.0625], "texture": "#0"},
				"south": {"uv": [4, 6.5, 4.1875, 6.5625], "texture": "#0"},
				"west": {"uv": [7, 2.75, 7.125, 2.8125], "texture": "#0"},
				"up": {"uv": [5.1875, 4.125, 5, 4], "texture": "#0"},
				"down": {"uv": [4.4375, 5, 4.25, 5.125], "texture": "#0"}
			}
		},
		{
			"from": [8.175, 5.45, 8],
			"to": [8.575, 5.95, 8.5],
			"rotation": {"angle": 0, "axis": "y", "origin": [7.625, 2.99375, 8.25]},
			"faces": {
				"north": {"uv": [3.5, 6.5, 3.59375, 6.625], "texture": "#0"},
				"east": {"uv": [6, 4, 6.125, 4.125], "texture": "#0"},
				"south": {"uv": [3.5, 6.5, 3.59375, 6.625], "texture": "#0"},
				"west": {"uv": [4.25, 6, 4.375, 6.125], "texture": "#0"},
				"up": {"uv": [6.59375, 3.625, 6.5, 3.5], "texture": "#0"},
				"down": {"uv": [3.84375, 6.5, 3.75, 6.625], "texture": "#0"}
			}
		},
		{
			"from": [6.5, 9.2, 7.975],
			"to": [7.375, 9.45, 8.525],
			"rotation": {"angle": 0, "axis": "y", "origin": [8.375, 13.00625, 8.25]},
			"faces": {
				"north": {"uv": [6.25, 5.5, 6.46875, 5.5625], "texture": "#0"},
				"east": {"uv": [1.5, 7, 1.625, 7.0625], "texture": "#0"},
				"south": {"uv": [4.75, 6.25, 4.96875, 6.3125], "texture": "#0"},
				"west": {"uv": [7, 1.5, 7.125, 1.5625], "texture": "#0"},
				"up": {"uv": [4.96875, 2.625, 4.75, 2.5], "texture": "#0"},
				"down": {"uv": [4.96875, 2.75, 4.75, 2.875], "texture": "#0"}
			}
		},
		{
			"from": [6.325, 7.6, 7.925],
			"to": [7.025, 8.1, 8.575],
			"rotation": {"angle": 0, "axis": "y", "origin": [8.375, 2.99375, 8.25]},
			"faces": {
				"north": {"uv": [5, 5, 5.1875, 5.125], "texture": "#0"},
				"east": {"uv": [0.5, 5.5, 0.65625, 5.625], "texture": "#0"},
				"south": {"uv": [4, 5, 4.1875, 5.125], "texture": "#0"},
				"west": {"uv": [0.75, 5.5, 0.90625, 5.625], "texture": "#0"},
				"up": {"uv": [4.9375, 0.90625, 4.75, 0.75], "texture": "#0"},
				"down": {"uv": [1.1875, 4.75, 1, 4.90625], "texture": "#0"}
			}
		},
		{
			"from": [6.5, 7.35, 7.975],
			"to": [7.375, 7.6, 8.525],
			"rotation": {"angle": 0, "axis": "y", "origin": [8.375, 2.99375, 8.25]},
			"faces": {
				"north": {"uv": [5.21875, 6.25, 5, 6.3125], "texture": "#0"},
				"east": {"uv": [2, 7, 2.125, 7.0625], "texture": "#0"},
				"south": {"uv": [5, 6.25, 5.21875, 6.3125], "texture": "#0"},
				"west": {"uv": [7, 2, 7.125, 2.0625], "texture": "#0"},
				"up": {"uv": [3.21875, 4.875, 3, 4.75], "texture": "#0"},
				"down": {"uv": [4.96875, 3, 4.75, 3.125], "texture": "#0"}
			}
		},
		{
			"from": [7.5, -0.325, 8.025],
			"to": [8.125, -0.225, 8.475],
			"rotation": {"angle": 0, "axis": "y", "origin": [8.375, 13.00625, 8.25]},
			"faces": {
				"north": {"uv": [1.75, 7.5, 1.90625, 7.53125], "texture": "#0"},
				"east": {"uv": [7.75, 7, 7.875, 7.03125], "texture": "#0"},
				"south": {"uv": [7.5, 1.75, 7.65625, 1.78125], "texture": "#0"},
				"west": {"uv": [7.25, 7.75, 7.375, 7.78125], "texture": "#0"},
				"up": {"uv": [5.90625, 2.875, 5.75, 2.75], "texture": "#0"},
				"down": {"uv": [5.90625, 3, 5.75, 3.125], "texture": "#0"}
			}
		},
		{
			"from": [7.325, -0.225, 8.025],
			"to": [8.05, -0.1, 8.475],
			"rotation": {"angle": 0, "axis": "y", "origin": [8.375, 13.00625, 8.25]},
			"faces": {
				"north": {"uv": [7.25, 5, 7.4375, 5.03125], "texture": "#0"},
				"east": {"uv": [7.75, 6.75, 7.875, 6.78125], "texture": "#0"},
				"south": {"uv": [5.25, 7.25, 5.4375, 7.28125], "texture": "#0"},
				"west": {"uv": [7, 7.75, 7.125, 7.78125], "texture": "#0"},
				"up": {"uv": [0.9375, 5.375, 0.75, 5.25], "texture": "#0"},
				"down": {"uv": [5.4375, 1, 5.25, 1.125], "texture": "#0"}
			}
		},
		{
			"from": [7.175, -0.1, 8.025],
			"to": [7.9, 0.075, 8.475],
			"rotation": {"angle": 0, "axis": "y", "origin": [8.375, 13.00625, 8.25]},
			"faces": {
				"north": {"uv": [7.25, 4.75, 7.4375, 4.78125], "texture": "#0"},
				"east": {"uv": [7.75, 6.5, 7.875, 6.53125], "texture": "#0"},
				"south": {"uv": [5, 7.25, 5.1875, 7.28125], "texture": "#0"},
				"west": {"uv": [6.75, 7.75, 6.875, 7.78125], "texture": "#0"},
				"up": {"uv": [0.6875, 5.375, 0.5, 5.25], "texture": "#0"},
				"down": {"uv": [5.4375, 0.5, 5.25, 0.625], "texture": "#0"}
			}
		},
		{
			"from": [7.375, 0.075, 8.025],
			"to": [7.85, 0.125, 8.475],
			"rotation": {"angle": 0, "axis": "y", "origin": [8.375, 13.00625, 8.25]},
			"faces": {
				"north": {"uv": [7.75, 6, 7.875, 6.03125], "texture": "#0"},
				"east": {"uv": [6.25, 7.75, 6.375, 7.78125], "texture": "#0"},
				"south": {"uv": [7.75, 6.25, 7.875, 6.28125], "texture": "#0"},
				"west": {"uv": [6.5, 7.75, 6.625, 7.78125], "texture": "#0"},
				"up": {"uv": [6.375, 1.125, 6.25, 1], "texture": "#0"},
				"down": {"uv": [1.375, 6.25, 1.25, 6.375], "texture": "#0"}
			}
		},
		{
			"from": [7.7, -0.5, 8.025],
			"to": [8.2, -0.325, 8.475],
			"rotation": {"angle": 0, "axis": "y", "origin": [8.375, 13.00625, 8.25]},
			"faces": {
				"north": {"uv": [7.75, 5.5, 7.875, 5.53125], "texture": "#0"},
				"east": {"uv": [5.75, 7.75, 5.875, 7.78125], "texture": "#0"},
				"south": {"uv": [7.75, 5.75, 7.875, 5.78125], "texture": "#0"},
				"west": {"uv": [6, 7.75, 6.125, 7.78125], "texture": "#0"},
				"up": {"uv": [0.875, 6.375, 0.75, 6.25], "texture": "#0"},
				"down": {"uv": [1.125, 6.25, 1, 6.375], "texture": "#0"}
			}
		},
		{
			"from": [7.85, -0.625, 8.025],
			"to": [8.375, -0.275, 8.475],
			"rotation": {"angle": 0, "axis": "y", "origin": [8.375, 13.00625, 8.25]},
			"faces": {
				"north": {"uv": [6.75, 1, 6.875, 1.09375], "texture": "#0"},
				"east": {"uv": [1.25, 6.75, 1.375, 6.84375], "texture": "#0"},
				"south": {"uv": [6.75, 1.25, 6.875, 1.34375], "texture": "#0"},
				"west": {"uv": [1.5, 6.75, 1.625, 6.84375], "texture": "#0"},
				"up": {"uv": [1.625, 6.375, 1.5, 6.25], "texture": "#0"},
				"down": {"uv": [6.375, 1.5, 6.25, 1.625], "texture": "#0"}
			}
		},
		{
			"from": [7.975, -0.8, 8.025],
			"to": [8.375, -0.625, 8.475],
			"rotation": {"angle": 0, "axis": "y", "origin": [8.375, 13.00625, 8.25]},
			"faces": {
				"north": {"uv": [8.25, 1.25, 8.34375, 1.28125], "texture": "#0"},
				"east": {"uv": [0, 8, 0.125, 8.03125], "texture": "#0"},
				"south": {"uv": [1.5, 8.25, 1.59375, 8.28125], "texture": "#0"},
				"west": {"uv": [8, 0, 8.125, 0.03125], "texture": "#0"},
				"up": {"uv": [1.84375, 6.875, 1.75, 6.75], "texture": "#0"},
				"down": {"uv": [6.84375, 1.75, 6.75, 1.875], "texture": "#0"}
			}
		},
		{
			"from": [7.5, 0.125, 8.025],
			"to": [7.85, 0.175, 8.475],
			"rotation": {"angle": 0, "axis": "y", "origin": [8.375, 13.00625, 8.25]},
			"faces": {
				"north": {"uv": [8.25, 1, 8.34375, 1.03125], "texture": "#0"},
				"east": {"uv": [7.75, 5.25, 7.875, 5.28125], "texture": "#0"},
				"south": {"uv": [1.25, 8.25, 1.34375, 8.28125], "texture": "#0"},
				"west": {"uv": [5.5, 7.75, 5.625, 7.78125], "texture": "#0"},
				"up": {"uv": [6.84375, 0.875, 6.75, 0.75], "texture": "#0"},
				"down": {"uv": [1.09375, 6.75, 1, 6.875], "texture": "#0"}
			}
		},
		{
			"from": [7.45, 0.65, 8.025],
			"to": [8.2, 0.8, 8.475],
			"rotation": {"angle": 0, "axis": "y", "origin": [8.375, 13.00625, 8.25]},
			"faces": {
				"north": {"uv": [7.25, 4.5, 7.4375, 4.53125], "texture": "#0"},
				"east": {"uv": [7.75, 5, 7.875, 5.03125], "texture": "#0"},
				"south": {"uv": [4.75, 7.25, 4.9375, 7.28125], "texture": "#0"},
				"west": {"uv": [5.25, 7.75, 5.375, 7.78125], "texture": "#0"},
				"up": {"uv": [0.4375, 5.375, 0.25, 5.25], "texture": "#0"},
				"down": {"uv": [5.4375, 0.25, 5.25, 0.375], "texture": "#0"}
			}
		},
		{
			"from": [7.775, 0.7, 8.025],
			"to": [8.975, 1, 8.475],
			"rotation": {"angle": 0, "axis": "y", "origin": [8.375, 13.00625, 8.25]},
			"faces": {
				"north": {"uv": [5.75, 2.5, 6.0625, 2.5625], "texture": "#0"},
				"east": {"uv": [6.5, 7, 6.625, 7.0625], "texture": "#0"},
				"south": {"uv": [2.75, 5.75, 3.0625, 5.8125], "texture": "#0"},
				"west": {"uv": [7, 6.5, 7.125, 6.5625], "texture": "#0"},
				"up": {"uv": [4.3125, 0.375, 4, 0.25], "texture": "#0"},
				"down": {"uv": [4.3125, 1.25, 4, 1.375], "texture": "#0"}
			}
		},
		{
			"from": [7.55, 0.525, 8.025],
			"to": [8.075, 0.7, 8.475],
			"rotation": {"angle": 0, "axis": "y", "origin": [8.375, 13.00625, 8.25]},
			"faces": {
				"north": {"uv": [7.75, 4.5, 7.875, 4.53125], "texture": "#0"},
				"east": {"uv": [4.75, 7.75, 4.875, 7.78125], "texture": "#0"},
				"south": {"uv": [7.75, 4.75, 7.875, 4.78125], "texture": "#0"},
				"west": {"uv": [5, 7.75, 5.125, 7.78125], "texture": "#0"},
				"up": {"uv": [0.625, 6.375, 0.5, 6.25], "texture": "#0"},
				"down": {"uv": [6.375, 0.5, 6.25, 0.625], "texture": "#0"}
			}
		},
		{
			"from": [7.6, 0.35, 8.025],
			"to": [7.925, 0.525, 8.475],
			"rotation": {"angle": 0, "axis": "y", "origin": [8.375, 13.00625, 8.25]},
			"faces": {
				"north": {"uv": [8.25, 0.75, 8.34375, 0.78125], "texture": "#0"},
				"east": {"uv": [7.75, 4.25, 7.875, 4.28125], "texture": "#0"},
				"south": {"uv": [1, 8.25, 1.09375, 8.28125], "texture": "#0"},
				"west": {"uv": [4.5, 7.75, 4.625, 7.78125], "texture": "#0"},
				"up": {"uv": [6.84375, 0.625, 6.75, 0.5], "texture": "#0"},
				"down": {"uv": [0.84375, 6.75, 0.75, 6.875], "texture": "#0"}
			}
		},
		{
			"from": [7.575, 0.175, 8.025],
			"to": [7.85, 0.35, 8.475],
			"rotation": {"angle": 0, "axis": "y", "origin": [8.375, 13.00625, 8.25]},
			"faces": {
				"north": {"uv": [8.25, 5.75, 8.3125, 5.78125], "texture": "#0"},
				"east": {"uv": [7.75, 4, 7.875, 4.03125], "texture": "#0"},
				"south": {"uv": [6, 8.25, 6.0625, 8.28125], "texture": "#0"},
				"west": {"uv": [4.25, 7.75, 4.375, 7.78125], "texture": "#0"},
				"up": {"uv": [6.3125, 7.125, 6.25, 7], "texture": "#0"},
				"down": {"uv": [7.0625, 6.25, 7, 6.375], "texture": "#0"}
			}
		},
		{
			"from": [8.125, -0.975, 8.025],
			"to": [8.375, -0.8, 8.475],
			"rotation": {"angle": 0, "axis": "y", "origin": [8.375, 13.00625, 8.25]},
			"faces": {
				"north": {"uv": [8.25, 6, 8.3125, 6.03125], "texture": "#0"},
				"east": {"uv": [0.75, 8, 0.875, 8.03125], "texture": "#0"},
				"south": {"uv": [6.25, 8.25, 6.3125, 8.28125], "texture": "#0"},
				"west": {"uv": [8, 0.75, 8.125, 0.78125], "texture": "#0"},
				"up": {"uv": [6.8125, 7.125, 6.75, 7], "texture": "#0"},
				"down": {"uv": [7.0625, 6.75, 7, 6.875], "texture": "#0"}
			}
		},
		{
			"from": [8.9, 0.175, 8.025],
			"to": [9.175, 0.35, 8.475],
			"rotation": {"angle": 0, "axis": "y", "origin": [7.625, 13.00625, 8.25]},
			"faces": {
				"north": {"uv": [8.25, 6.5, 8.3125, 6.53125], "texture": "#0"},
				"east": {"uv": [4.5, 8, 4.625, 8.03125], "texture": "#0"},
				"south": {"uv": [6.75, 8.25, 6.8125, 8.28125], "texture": "#0"},
				"west": {"uv": [8, 4.5, 8.125, 4.53125], "texture": "#0"},
				"up": {"uv": [7.3125, 0.125, 7.25, 0], "texture": "#0"},
				"down": {"uv": [0.3125, 7.25, 0.25, 7.375], "texture": "#0"}
			}
		},
		{
			"from": [8.825, 0.35, 8.025],
			"to": [9.15, 0.525, 8.475],
			"rotation": {"angle": 0, "axis": "y", "origin": [7.625, 13.00625, 8.25]},
			"faces": {
				"north": {"uv": [8.25, 2, 8.34375, 2.03125], "texture": "#0"},
				"east": {"uv": [4.25, 8, 4.375, 8.03125], "texture": "#0"},
				"south": {"uv": [2.25, 8.25, 2.34375, 8.28125], "texture": "#0"},
				"west": {"uv": [8, 4.25, 8.125, 4.28125], "texture": "#0"},
				"up": {"uv": [3.09375, 6.875, 3, 6.75], "texture": "#0"},
				"down": {"uv": [6.84375, 3, 6.75, 3.125], "texture": "#0"}
			}
		},
		{
			"from": [8.675, 0.525, 8.025],
			"to": [9.2, 0.7, 8.475],
			"rotation": {"angle": 0, "axis": "y", "origin": [7.625, 13.00625, 8.25]},
			"faces": {
				"north": {"uv": [3.75, 8, 3.875, 8.03125], "texture": "#0"},
				"east": {"uv": [8, 3.75, 8.125, 3.78125], "texture": "#0"},
				"south": {"uv": [4, 8, 4.125, 8.03125], "texture": "#0"},
				"west": {"uv": [8, 4, 8.125, 4.03125], "texture": "#0"},
				"up": {"uv": [2.625, 6.375, 2.5, 6.25], "texture": "#0"},
				"down": {"uv": [6.375, 2.5, 6.25, 2.625], "texture": "#0"}
			}
		},
		{
			"from": [8.55, 0.65, 8.025],
			"to": [9.3, 0.8, 8.475],
			"rotation": {"angle": 0, "axis": "y", "origin": [7.625, 13.00625, 8.25]},
			"faces": {
				"north": {"uv": [7.25, 5.75, 7.4375, 5.78125], "texture": "#0"},
				"east": {"uv": [3.5, 8, 3.625, 8.03125], "texture": "#0"},
				"south": {"uv": [6, 7.25, 6.1875, 7.28125], "texture": "#0"},
				"west": {"uv": [8, 3.5, 8.125, 3.53125], "texture": "#0"},
				"up": {"uv": [1.9375, 5.375, 1.75, 5.25], "texture": "#0"},
				"down": {"uv": [5.4375, 1.75, 5.25, 1.875], "texture": "#0"}
			}
		},
		{
			"from": [8.9, 0.125, 8.025],
			"to": [9.25, 0.175, 8.475],
			"rotation": {"angle": 0, "axis": "y", "origin": [7.625, 13.00625, 8.25]},
			"faces": {
				"north": {"uv": [8.25, 1.75, 8.34375, 1.78125], "texture": "#0"},
				"east": {"uv": [3.25, 8, 3.375, 8.03125], "texture": "#0"},
				"south": {"uv": [2, 8.25, 2.09375, 8.28125], "texture": "#0"},
				"west": {"uv": [8, 3.25, 8.125, 3.28125], "texture": "#0"},
				"up": {"uv": [2.84375, 6.875, 2.75, 6.75], "texture": "#0"},
				"down": {"uv": [6.84375, 2.75, 6.75, 2.875], "texture": "#0"}
			}
		},
		{
			"from": [8.55, -0.5, 8.025],
			"to": [9.05, -0.325, 8.475],
			"rotation": {"angle": 0, "axis": "y", "origin": [7.625, 13.00625, 8.25]},
			"faces": {
				"north": {"uv": [2.75, 8, 2.875, 8.03125], "texture": "#0"},
				"east": {"uv": [8, 2.75, 8.125, 2.78125], "texture": "#0"},
				"south": {"uv": [3, 8, 3.125, 8.03125], "texture": "#0"},
				"west": {"uv": [8, 3, 8.125, 3.03125], "texture": "#0"},
				"up": {"uv": [2.375, 6.375, 2.25, 6.25], "texture": "#0"},
				"down": {"uv": [6.375, 2.25, 6.25, 2.375], "texture": "#0"}
			}
		},
		{
			"from": [8.9, 0.075, 8.025],
			"to": [9.375, 0.125, 8.475],
			"rotation": {"angle": 0, "axis": "y", "origin": [7.625, 13.00625, 8.25]},
			"faces": {
				"north": {"uv": [2.25, 8, 2.375, 8.03125], "texture": "#0"},
				"east": {"uv": [8, 2.25, 8.125, 2.28125], "texture": "#0"},
				"south": {"uv": [2.5, 8, 2.625, 8.03125], "texture": "#0"},
				"west": {"uv": [8, 2.5, 8.125, 2.53125], "texture": "#0"},
				"up": {"uv": [2.125, 6.375, 2, 6.25], "texture": "#0"},
				"down": {"uv": [6.375, 2, 6.25, 2.125], "texture": "#0"}
			}
		},
		{
			"from": [8.85, -0.1, 8.025],
			"to": [9.575, 0.075, 8.475],
			"rotation": {"angle": 0, "axis": "y", "origin": [7.625, 13.00625, 8.25]},
			"faces": {
				"north": {"uv": [7.25, 5.5, 7.4375, 5.53125], "texture": "#0"},
				"east": {"uv": [2, 8, 2.125, 8.03125], "texture": "#0"},
				"south": {"uv": [5.75, 7.25, 5.9375, 7.28125], "texture": "#0"},
				"west": {"uv": [8, 2, 8.125, 2.03125], "texture": "#0"},
				"up": {"uv": [1.6875, 5.375, 1.5, 5.25], "texture": "#0"},
				"down": {"uv": [5.4375, 1.5, 5.25, 1.625], "texture": "#0"}
			}
		},
		{
			"from": [8.7, -0.225, 8.025],
			"to": [9.425, -0.1, 8.475],
			"rotation": {"angle": 0, "axis": "y", "origin": [7.625, 13.00625, 8.25]},
			"faces": {
				"north": {"uv": [7.25, 5.25, 7.4375, 5.28125], "texture": "#0"},
				"east": {"uv": [1.75, 8, 1.875, 8.03125], "texture": "#0"},
				"south": {"uv": [5.5, 7.25, 5.6875, 7.28125], "texture": "#0"},
				"west": {"uv": [8, 1.75, 8.125, 1.78125], "texture": "#0"},
				"up": {"uv": [1.4375, 5.375, 1.25, 5.25], "texture": "#0"},
				"down": {"uv": [5.4375, 1.25, 5.25, 1.375], "texture": "#0"}
			}
		},
		{
			"from": [8.625, -0.325, 8.025],
			"to": [9.25, -0.225, 8.475],
			"rotation": {"angle": 0, "axis": "y", "origin": [7.625, 13.00625, 8.25]},
			"faces": {
				"north": {"uv": [2, 7.5, 2.15625, 7.53125], "texture": "#0"},
				"east": {"uv": [1.5, 8, 1.625, 8.03125], "texture": "#0"},
				"south": {"uv": [7.5, 2, 7.65625, 2.03125], "texture": "#0"},
				"west": {"uv": [8, 1.5, 8.125, 1.53125], "texture": "#0"},
				"up": {"uv": [3.40625, 5.875, 3.25, 5.75], "texture": "#0"},
				"down": {"uv": [5.90625, 3.25, 5.75, 3.375], "texture": "#0"}
			}
		},
		{
			"from": [8.375, -0.625, 8.025],
			"to": [8.9, -0.275, 8.475],
			"rotation": {"angle": 0, "axis": "y", "origin": [7.625, 13.00625, 8.25]},
			"faces": {
				"north": {"uv": [2.25, 6.75, 2.375, 6.84375], "texture": "#0"},
				"east": {"uv": [6.75, 2.25, 6.875, 2.34375], "texture": "#0"},
				"south": {"uv": [2.5, 6.75, 2.625, 6.84375], "texture": "#0"},
				"west": {"uv": [6.75, 2.5, 6.875, 2.59375], "texture": "#0"},
				"up": {"uv": [1.875, 6.375, 1.75, 6.25], "texture": "#0"},
				"down": {"uv": [6.375, 1.75, 6.25, 1.875], "texture": "#0"}
			}
		},
		{
			"from": [8.375, -0.8, 8.025],
			"to": [8.775, -0.625, 8.475],
			"rotation": {"angle": 0, "axis": "y", "origin": [7.625, 13.00625, 8.25]},
			"faces": {
				"north": {"uv": [8.25, 1.5, 8.34375, 1.53125], "texture": "#0"},
				"east": {"uv": [1.25, 8, 1.375, 8.03125], "texture": "#0"},
				"south": {"uv": [1.75, 8.25, 1.84375, 8.28125], "texture": "#0"},
				"west": {"uv": [8, 1.25, 8.125, 1.28125], "texture": "#0"},
				"up": {"uv": [2.09375, 6.875, 2, 6.75], "texture": "#0"},
				"down": {"uv": [6.84375, 2, 6.75, 2.125], "texture": "#0"}
			}
		},
		{
			"from": [8.375, -0.975, 8.025],
			"to": [8.625, -0.8, 8.475],
			"rotation": {"angle": 0, "axis": "y", "origin": [7.625, 13.00625, 8.25]},
			"faces": {
				"north": {"uv": [8.25, 6.25, 8.3125, 6.28125], "texture": "#0"},
				"east": {"uv": [1, 8, 1.125, 8.03125], "texture": "#0"},
				"south": {"uv": [6.5, 8.25, 6.5625, 8.28125], "texture": "#0"},
				"west": {"uv": [8, 1, 8.125, 1.03125], "texture": "#0"},
				"up": {"uv": [7.0625, 7.125, 7, 7], "texture": "#0"},
				"down": {"uv": [0.0625, 7.25, 0, 7.375], "texture": "#0"}
			}
		},
		{
			"from": [8.25, -1.125, 8.025],
			"to": [8.5, -0.975, 8.475],
			"rotation": {"angle": 0, "axis": "y", "origin": [7.625, 13.00625, 8.25]},
			"faces": {
				"north": {"uv": [8.25, 6.75, 8.3125, 6.78125], "texture": "#0"},
				"east": {"uv": [4.75, 8, 4.875, 8.03125], "texture": "#0"},
				"south": {"uv": [7, 8.25, 7.0625, 8.28125], "texture": "#0"},
				"west": {"uv": [8, 4.75, 8.125, 4.78125], "texture": "#0"},
				"up": {"uv": [7.3125, 0.375, 7.25, 0.25], "texture": "#0"},
				"down": {"uv": [0.5625, 7.25, 0.5, 7.375], "texture": "#0"}
			}
		},
		{
			"from": [8.325, -1.275, 8.025],
			"to": [8.425, -1.125, 8.475],
			"rotation": {"angle": 0, "axis": "y", "origin": [7.625, 13.00625, 8.25]},
			"faces": {
				"north": {"uv": [1, 8.5, 1.03125, 8.53125], "texture": "#0"},
				"east": {"uv": [5, 8, 5.125, 8.03125], "texture": "#0"},
				"south": {"uv": [8.5, 1, 8.53125, 1.03125], "texture": "#0"},
				"west": {"uv": [8, 5, 8.125, 5.03125], "texture": "#0"},
				"up": {"uv": [5.28125, 8.125, 5.25, 8], "texture": "#0"},
				"down": {"uv": [8.03125, 5.25, 8, 5.375], "texture": "#0"}
			}
		},
		{
			"from": [6.65, 7.1, 7.975],
			"to": [7.675, 7.35, 8.525],
			"rotation": {"angle": 0, "axis": "y", "origin": [8.375, 2.99375, 8.25]},
			"faces": {
				"north": {"uv": [4.25, 6, 4, 6.0625], "texture": "#0"},
				"east": {"uv": [1.75, 7, 1.875, 7.0625], "texture": "#0"},
				"south": {"uv": [4, 6, 4.25, 6.0625], "texture": "#0"},
				"west": {"uv": [7, 1.75, 7.125, 1.8125], "texture": "#0"},
				"up": {"uv": [4.75, 1.625, 4.5, 1.5], "texture": "#0"},
				"down": {"uv": [2, 4.5, 1.75, 4.625], "texture": "#0"}
			}
		},
		{
			"from": [9.875, 8.1, 7.875],
			"to": [10.575, 8.7, 8.625],
			"rotation": {"angle": 0, "axis": "y", "origin": [7.625, 13.00625, 8.25]},
			"faces": {
				"north": {"uv": [4.5, 3.75, 4.6875, 3.90625], "texture": "#0"},
				"east": {"uv": [2, 4.75, 2.1875, 4.90625], "texture": "#0"},
				"south": {"uv": [4.75, 2, 4.9375, 2.15625], "texture": "#0"},
				"west": {"uv": [2.25, 4.75, 2.4375, 4.90625], "texture": "#0"},
				"up": {"uv": [4.4375, 3.6875, 4.25, 3.5], "texture": "#0"},
				"down": {"uv": [4.4375, 3.75, 4.25, 3.9375], "texture": "#0"}
			}
		},
		{
			"from": [9.725, 8.7, 7.925],
			"to": [10.425, 9.2, 8.575],
			"rotation": {"angle": 0, "axis": "y", "origin": [7.625, 13.00625, 8.25]},
			"faces": {
				"north": {"uv": [2, 5, 2.1875, 5.125], "texture": "#0"},
				"east": {"uv": [5.75, 2, 5.90625, 2.125], "texture": "#0"},
				"south": {"uv": [5.25, 0, 5.4375, 0.125], "texture": "#0"},
				"west": {"uv": [2.5, 5.75, 2.65625, 5.875], "texture": "#0"},
				"up": {"uv": [1.6875, 4.90625, 1.5, 4.75], "texture": "#0"},
				"down": {"uv": [4.9375, 1.5, 4.75, 1.65625], "texture": "#0"}
			}
		},
		{
			"from": [9.075, 9.45, 7.975],
			"to": [10.1, 9.7, 8.525],
			"rotation": {"angle": 0, "axis": "y", "origin": [7.625, 13.00625, 8.25]},
			"faces": {
				"north": {"uv": [2.25, 6, 2.5, 6.0625], "texture": "#0"},
				"east": {"uv": [6, 7, 6.125, 7.0625], "texture": "#0"},
				"south": {"uv": [6.25, 0.25, 6.5, 0.3125], "texture": "#0"},
				"west": {"uv": [7, 6, 7.125, 6.0625], "texture": "#0"},
				"up": {"uv": [3.25, 4.625, 3, 4.5], "texture": "#0"},
				"down": {"uv": [3.5, 4.5, 3.25, 4.625], "texture": "#0"}
			}
		},
		{
			"from": [6.65, 9.45, 7.975],
			"to": [7.675, 9.7, 8.525],
			"rotation": {"angle": 0, "axis": "y", "origin": [8.375, 13.00625, 8.25]},
			"faces": {
				"north": {"uv": [6.25, 0.25, 6.5, 0.3125], "texture": "#0"},
				"east": {"uv": [6.75, 6.25, 6.875, 6.3125], "texture": "#0"},
				"south": {"uv": [2.25, 6, 2.5, 6.0625], "texture": "#0"},
				"west": {"uv": [6.5, 6.75, 6.625, 6.8125], "texture": "#0"},
				"up": {"uv": [1.25, 4.625, 1, 4.5], "texture": "#0"},
				"down": {"uv": [4.75, 1, 4.5, 1.125], "texture": "#0"}
			}
		},
		{
			"from": [9.375, 9.2, 7.975],
			"to": [10.25, 9.45, 8.525],
			"rotation": {"angle": 0, "axis": "y", "origin": [7.625, 13.00625, 8.25]},
			"faces": {
				"north": {"uv": [4.75, 6.25, 4.96875, 6.3125], "texture": "#0"},
				"east": {"uv": [5.5, 7, 5.625, 7.0625], "texture": "#0"},
				"south": {"uv": [6.25, 5.5, 6.46875, 5.5625], "texture": "#0"},
				"west": {"uv": [5.75, 7, 5.875, 7.0625], "texture": "#0"},
				"up": {"uv": [4.96875, 3.625, 4.75, 3.5], "texture": "#0"},
				"down": {"uv": [4.96875, 3.75, 4.75, 3.875], "texture": "#0"}
			}
		},
		{
			"from": [9.075, 7.1, 7.975],
			"to": [10.1, 7.35, 8.525],
			"rotation": {"angle": 0, "axis": "y", "origin": [7.625, 2.99375, 8.25]},
			"faces": {
				"north": {"uv": [4, 6, 4.25, 6.0625], "texture": "#0"},
				"east": {"uv": [5, 7, 5.125, 7.0625], "texture": "#0"},
				"south": {"uv": [6.25, 0, 6.5, 0.0625], "texture": "#0"},
				"west": {"uv": [5.25, 7, 5.375, 7.0625], "texture": "#0"},
				"up": {"uv": [4.75, 2.625, 4.5, 2.5], "texture": "#0"},
				"down": {"uv": [4.75, 2.75, 4.5, 2.875], "texture": "#0"}
			}
		},
		{
			"from": [9.375, 7.35, 7.975],
			"to": [10.25, 7.6, 8.525],
			"rotation": {"angle": 0, "axis": "y", "origin": [7.625, 2.99375, 8.25]},
			"faces": {
				"north": {"uv": [5, 6.25, 5.21875, 6.3125], "texture": "#0"},
				"east": {"uv": [7, 4.5, 7.125, 4.5625], "texture": "#0"},
				"south": {"uv": [5.25, 6.25, 5.46875, 6.3125], "texture": "#0"},
				"west": {"uv": [4.75, 7, 4.875, 7.0625], "texture": "#0"},
				"up": {"uv": [3.46875, 4.875, 3.25, 4.75], "texture": "#0"},
				"down": {"uv": [4.96875, 3.25, 4.75, 3.375], "texture": "#0"}
			}
		},
		{
			"from": [9.725, 7.6, 7.925],
			"to": [10.425, 8.1, 8.575],
			"rotation": {"angle": 0, "axis": "y", "origin": [7.625, 2.99375, 8.25]},
			"faces": {
				"north": {"uv": [4, 5, 4.1875, 5.125], "texture": "#0"},
				"east": {"uv": [1.5, 5.75, 1.65625, 5.875], "texture": "#0"},
				"south": {"uv": [5, 5, 5.1875, 5.125], "texture": "#0"},
				"west": {"uv": [1.75, 5.75, 1.90625, 5.875], "texture": "#0"},
				"up": {"uv": [4.9375, 1.15625, 4.75, 1], "texture": "#0"},
				"down": {"uv": [1.4375, 4.75, 1.25, 4.90625], "texture": "#0"}
			}
		},
		{
			"from": [10.25, 7.575, 8.025],
			"to": [10.675, 7.75, 8.475],
			"rotation": {"angle": 0, "axis": "y", "origin": [7.625, 13.00625, 8.25]},
			"faces": {
				"north": {"uv": [8.25, 0.5, 8.34375, 0.53125], "texture": "#0"},
				"east": {"uv": [7.75, 3.75, 7.875, 3.78125], "texture": "#0"},
				"south": {"uv": [0.75, 8.25, 0.84375, 8.28125], "texture": "#0"},
				"west": {"uv": [4, 7.75, 4.125, 7.78125], "texture": "#0"},
				"up": {"uv": [6.84375, 0.375, 6.75, 0.25], "texture": "#0"},
				"down": {"uv": [0.59375, 6.75, 0.5, 6.875], "texture": "#0"}
			}
		},
		{
			"from": [10.25, 7.75, 8.025],
			"to": [10.85, 7.925, 8.475],
			"rotation": {"angle": 0, "axis": "y", "origin": [7.625, 13.00625, 8.25]},
			"faces": {
				"north": {"uv": [1.5, 7.5, 1.65625, 7.53125], "texture": "#0"},
				"east": {"uv": [7.75, 3.5, 7.875, 3.53125], "texture": "#0"},
				"south": {"uv": [7.5, 1.5, 7.65625, 1.53125], "texture": "#0"},
				"west": {"uv": [3.75, 7.75, 3.875, 7.78125], "texture": "#0"},
				"up": {"uv": [0.90625, 5.875, 0.75, 5.75], "texture": "#0"},
				"down": {"uv": [1.40625, 5.75, 1.25, 5.875], "texture": "#0"}
			}
		},
		{
			"from": [10.4, 7.925, 8.025],
			"to": [11, 8.1, 8.475],
			"rotation": {"angle": 0, "axis": "y", "origin": [7.625, 13.00625, 8.25]},
			"faces": {
				"north": {"uv": [1.25, 7.5, 1.40625, 7.53125], "texture": "#0"},
				"east": {"uv": [7.75, 3.25, 7.875, 3.28125], "texture": "#0"},
				"south": {"uv": [7.5, 1.25, 7.65625, 1.28125], "texture": "#0"},
				"west": {"uv": [3.5, 7.75, 3.625, 7.78125], "texture": "#0"},
				"up": {"uv": [0.40625, 5.875, 0.25, 5.75], "texture": "#0"},
				"down": {"uv": [0.65625, 5.75, 0.5, 5.875], "texture": "#0"}
			}
		},
		{
			"from": [10.175, 8.1, 8.025],
			"to": [10.8, 8.15, 8.475],
			"rotation": {"angle": 0, "axis": "y", "origin": [7.625, 13.00625, 8.25]},
			"faces": {
				"north": {"uv": [1, 7.5, 1.15625, 7.53125], "texture": "#0"},
				"east": {"uv": [7.75, 3, 7.875, 3.03125], "texture": "#0"},
				"south": {"uv": [7.5, 1, 7.65625, 1.03125], "texture": "#0"},
				"west": {"uv": [3.25, 7.75, 3.375, 7.78125], "texture": "#0"},
				"up": {"uv": [5.65625, 5.625, 5.5, 5.5], "texture": "#0"},
				"down": {"uv": [0.15625, 5.75, 0, 5.875], "texture": "#0"}
			}
		},
		{
			"from": [10.05, 7.4, 8.025],
			"to": [10.475, 7.575, 8.475],
			"rotation": {"angle": 0, "axis": "y", "origin": [7.625, 13.00625, 8.25]},
			"faces": {
				"north": {"uv": [8.25, 0.25, 8.34375, 0.28125], "texture": "#0"},
				"east": {"uv": [7.75, 2.75, 7.875, 2.78125], "texture": "#0"},
				"south": {"uv": [0.5, 8.25, 0.59375, 8.28125], "texture": "#0"},
				"west": {"uv": [3, 7.75, 3.125, 7.78125], "texture": "#0"},
				"up": {"uv": [6.84375, 0.125, 6.75, 0], "texture": "#0"},
				"down": {"uv": [0.34375, 6.75, 0.25, 6.875], "texture": "#0"}
			}
		},
		{
			"from": [10.175, 8.15, 8.025],
			"to": [10.675, 8.2, 8.475],
			"rotation": {"angle": 0, "axis": "y", "origin": [7.625, 13.00625, 8.25]},
			"faces": {
				"north": {"uv": [7.75, 2.25, 7.875, 2.28125], "texture": "#0"},
				"east": {"uv": [2.5, 7.75, 2.625, 7.78125], "texture": "#0"},
				"south": {"uv": [7.75, 2.5, 7.875, 2.53125], "texture": "#0"},
				"west": {"uv": [2.75, 7.75, 2.875, 7.78125], "texture": "#0"},
				"up": {"uv": [5.875, 6.125, 5.75, 6], "texture": "#0"},
				"down": {"uv": [6.125, 6, 6, 6.125], "texture": "#0"}
			}
		},
		{
			"from": [10.4, 9.475, 8.025],
			"to": [10.725, 9.625, 8.475],
			"rotation": {"angle": 0, "axis": "y", "origin": [7.625, 13.00625, 8.25]},
			"faces": {
				"north": {"uv": [8.25, 0, 8.34375, 0.03125], "texture": "#0"},
				"east": {"uv": [7.75, 2, 7.875, 2.03125], "texture": "#0"},
				"south": {"uv": [0.25, 8.25, 0.34375, 8.28125], "texture": "#0"},
				"west": {"uv": [2.25, 7.75, 2.375, 7.78125], "texture": "#0"},
				"up": {"uv": [6.59375, 6.625, 6.5, 6.5], "texture": "#0"},
				"down": {"uv": [0.09375, 6.75, 0, 6.875], "texture": "#0"}
			}
		},
		{
			"from": [9.8, 9.525, 8.025],
			"to": [10.475, 9.575, 8.475],
			"rotation": {"angle": 0, "axis": "y", "origin": [7.625, 13.00625, 8.25]},
			"faces": {
				"north": {"uv": [0.75, 7.5, 0.90625, 7.53125], "texture": "#0"},
				"east": {"uv": [7.75, 1.75, 7.875, 1.78125], "texture": "#0"},
				"south": {"uv": [7.5, 0.75, 7.65625, 0.78125], "texture": "#0"},
				"west": {"uv": [2, 7.75, 2.125, 7.78125], "texture": "#0"},
				"up": {"uv": [5.40625, 5.625, 5.25, 5.5], "texture": "#0"},
				"down": {"uv": [5.65625, 5.25, 5.5, 5.375], "texture": "#0"}
			}
		},
		{
			"from": [10.025, 9.35, 8.025],
			"to": [10.625, 9.525, 8.475],
			"rotation": {"angle": 0, "axis": "y", "origin": [7.625, 13.00625, 8.25]},
			"faces": {
				"north": {"uv": [0.5, 7.5, 0.65625, 7.53125], "texture": "#0"},
				"east": {"uv": [7.75, 1.5, 7.875, 1.53125], "texture": "#0"},
				"south": {"uv": [7.5, 0.5, 7.65625, 0.53125], "texture": "#0"},
				"west": {"uv": [1.75, 7.75, 1.875, 7.78125], "texture": "#0"},
				"up": {"uv": [4.90625, 5.625, 4.75, 5.5], "texture": "#0"},
				"down": {"uv": [5.15625, 5.5, 5, 5.625], "texture": "#0"}
			}
		},
		{
			"from": [9.875, 9.175, 8.025],
			"to": [10.475, 9.35, 8.475],
			"rotation": {"angle": 0, "axis": "y", "origin": [7.625, 13.00625, 8.25]},
			"faces": {
				"north": {"uv": [0.25, 7.5, 0.40625, 7.53125], "texture": "#0"},
				"east": {"uv": [7.75, 1.25, 7.875, 1.28125], "texture": "#0"},
				"south": {"uv": [7.5, 0.25, 7.65625, 0.28125], "texture": "#0"},
				"west": {"uv": [1.5, 7.75, 1.625, 7.78125], "texture": "#0"},
				"up": {"uv": [5.65625, 4.375, 5.5, 4.25], "texture": "#0"},
				"down": {"uv": [4.65625, 5.5, 4.5, 5.625], "texture": "#0"}
			}
		},
		{
			"from": [9.95, 9, 8.025],
			"to": [10.375, 9.175, 8.475],
			"rotation": {"angle": 0, "axis": "y", "origin": [7.625, 13.00625, 8.25]},
			"faces": {
				"north": {"uv": [8, 8, 8.09375, 8.03125], "texture": "#0"},
				"east": {"uv": [7.75, 1, 7.875, 1.03125], "texture": "#0"},
				"south": {"uv": [0, 8.25, 0.09375, 8.28125], "texture": "#0"},
				"west": {"uv": [1.25, 7.75, 1.375, 7.78125], "texture": "#0"},
				"up": {"uv": [6.09375, 6.625, 6, 6.5], "texture": "#0"},
				"down": {"uv": [6.34375, 6.5, 6.25, 6.625], "texture": "#0"}
			}
		},
		{
			"from": [7.625, 0.8, 8.025],
			"to": [7.775, 0.875, 8.475],
			"rotation": {"angle": 0, "axis": "y", "origin": [8.375, 13.00625, 8.25]},
			"faces": {
				"north": {"uv": [0.5, 8.5, 0.53125, 8.53125], "texture": "#0"},
				"east": {"uv": [7.75, 7.25, 7.875, 7.28125], "texture": "#0"},
				"south": {"uv": [8.5, 0.5, 8.53125, 0.53125], "texture": "#0"},
				"west": {"uv": [7.5, 7.75, 7.625, 7.78125], "texture": "#0"},
				"up": {"uv": [7.78125, 7.625, 7.75, 7.5], "texture": "#0"},
				"down": {"uv": [7.78125, 7.75, 7.75, 7.875], "texture": "#0"}
			}
		},
		{
			"from": [8.975, 0.8, 8.025],
			"to": [9.125, 0.875, 8.475],
			"rotation": {"angle": 0, "axis": "y", "origin": [8.375, 13.00625, 8.25]},
			"faces": {
				"north": {"uv": [0.75, 8.5, 0.78125, 8.53125], "texture": "#0"},
				"east": {"uv": [0.25, 8, 0.375, 8.03125], "texture": "#0"},
				"south": {"uv": [8.5, 0.75, 8.53125, 0.78125], "texture": "#0"},
				"west": {"uv": [8, 0.25, 8.125, 0.28125], "texture": "#0"},
				"up": {"uv": [0.53125, 8.125, 0.5, 8], "texture": "#0"},
				"down": {"uv": [8.03125, 0.5, 8, 0.625], "texture": "#0"}
			}
		},
		{
			"from": [8.3, 28.475, 8.1],
			"to": [8.45, 28.775, 8.4],
			"rotation": {"angle": 0, "axis": "y", "origin": [8.375, 13.00625, 8.25]},
			"faces": {
				"north": {"uv": [2.5, 7.5, 2.5625, 7.5625], "texture": "#0"},
				"east": {"uv": [7.5, 2.25, 7.5625, 2.3125], "texture": "#0"},
				"south": {"uv": [2.5, 7.5, 2.5625, 7.5625], "texture": "#0"},
				"west": {"uv": [7.5, 2.5, 7.5625, 2.5625], "texture": "#0"},
				"up": {"uv": [2.8125, 7.5625, 2.75, 7.5], "texture": "#0"},
				"down": {"uv": [7.5625, 2.75, 7.5, 2.8125], "texture": "#0"}
			}
		},
		{
			"from": [8.2, 28.1, 8.1],
			"to": [8.55, 28.475, 8.4],
			"rotation": {"angle": 0, "axis": "y", "origin": [8.375, 13.00625, 8.25]},
			"faces": {
				"north": {"uv": [6.5, 0.25, 6.625, 0.34375], "texture": "#0"},
				"east": {"uv": [7.25, 1.25, 7.3125, 1.34375], "texture": "#0"},
				"south": {"uv": [6.5, 0.25, 6.625, 0.34375], "texture": "#0"},
				"west": {"uv": [1.5, 7.25, 1.5625, 7.34375], "texture": "#0"},
				"up": {"uv": [6.875, 6.5625, 6.75, 6.5], "texture": "#0"},
				"down": {"uv": [6.875, 6.75, 6.75, 6.8125], "texture": "#0"}
			}
		},
		{
			"from": [8.125, 27.725, 8.1],
			"to": [8.625, 28.1, 8.4],
			"rotation": {"angle": 0, "axis": "y", "origin": [8.375, 13.00625, 8.25]},
			"faces": {
				"north": {"uv": [5.75, 3.5, 5.9375, 3.59375], "texture": "#0"},
				"east": {"uv": [7.25, 1.5, 7.3125, 1.59375], "texture": "#0"},
				"south": {"uv": [5.75, 3.5, 5.9375, 3.59375], "texture": "#0"},
				"west": {"uv": [1.75, 7.25, 1.8125, 7.34375], "texture": "#0"},
				"up": {"uv": [0.6875, 6.5625, 0.5, 6.5], "texture": "#0"},
				"down": {"uv": [6.6875, 0.5, 6.5, 0.5625], "texture": "#0"}
			}
		},
		{
			"from": [8.05, 27.025, 8.1],
			"to": [8.7, 27.725, 8.4],
			"rotation": {"angle": 0, "axis": "y", "origin": [8.375, 13.00625, 8.25]},
			"faces": {
				"north": {"uv": [0.25, 3.75, 0.5, 3.9375], "texture": "#0"},
				"east": {"uv": [0.75, 6.5, 0.8125, 6.6875], "texture": "#0"},
				"south": {"uv": [0.25, 3.75, 0.5, 3.9375], "texture": "#0"},
				"west": {"uv": [1, 6.5, 1.0625, 6.6875], "texture": "#0"},
				"up": {"uv": [6.25, 2.3125, 6, 2.25], "texture": "#0"},
				"down": {"uv": [2.75, 6, 2.5, 6.0625], "texture": "#0"}
			}
		},
		{
			"from": [8.3, 29.575, 8.165],
			"to": [8.45, 29.775, 8.34],
			"rotation": {"angle": 0, "axis": "y", "origin": [8.375, 13.00625, 8.25]},
			"faces": {
				"north": {"uv": [8.25, 2.5, 8.28125, 2.5625], "texture": "#0"},
				"east": {"uv": [2.5, 8.25, 2.53125, 8.3125], "texture": "#0"},
				"south": {"uv": [8.25, 2.5, 8.28125, 2.5625], "texture": "#0"},
				"west": {"uv": [2.75, 8.25, 2.78125, 8.3125], "texture": "#0"},
				"up": {"uv": [8.28125, 7.03125, 8.25, 7], "texture": "#0"},
				"down": {"uv": [7.28125, 8.25, 7.25, 8.28125], "texture": "#0"}
			}
		},
		{
			"from": [8.2, 29.325, 8.165],
			"to": [8.55, 29.575, 8.34],
			"rotation": {"angle": 0, "axis": "y", "origin": [8.375, 13.00625, 8.25]},
			"faces": {
				"north": {"uv": [2, 7.25, 2.09375, 7.3125], "texture": "#0"},
				"east": {"uv": [8.25, 2.75, 8.28125, 2.8125], "texture": "#0"},
				"south": {"uv": [2, 7.25, 2.09375, 7.3125], "texture": "#0"},
				"west": {"uv": [3, 8.25, 3.03125, 8.3125], "texture": "#0"},
				"up": {"uv": [5.59375, 8.03125, 5.5, 8], "texture": "#0"},
				"down": {"uv": [8.09375, 5.5, 8, 5.53125], "texture": "#0"}
			}
		},
		{
			"from": [8.1, 29.05, 8.165],
			"to": [8.65, 29.325, 8.34],
			"rotation": {"angle": 0, "axis": "y", "origin": [8.375, 13.00625, 8.25]},
			"faces": {
				"north": {"uv": [7, 0, 7.125, 0.0625], "texture": "#0"},
				"east": {"uv": [8.25, 3, 8.28125, 3.0625], "texture": "#0"},
				"south": {"uv": [7, 0, 7.125, 0.0625], "texture": "#0"},
				"west": {"uv": [3.25, 8.25, 3.28125, 8.3125], "texture": "#0"},
				"up": {"uv": [3.125, 7.53125, 3, 7.5], "texture": "#0"},
				"down": {"uv": [7.625, 3, 7.5, 3.03125], "texture": "#0"}
			}
		},
		{
			"from": [8, 28.775, 8.165],
			"to": [8.75, 29.05, 8.34],
			"rotation": {"angle": 0, "axis": "y", "origin": [8.375, 13.00625, 8.25]},
			"faces": {
				"north": {"uv": [1.25, 6.5, 1.4375, 6.5625], "texture": "#0"},
				"east": {"uv": [8.25, 3.25, 8.28125, 3.3125], "texture": "#0"},
				"south": {"uv": [1.25, 6.5, 1.4375, 6.5625], "texture": "#0"},
				"west": {"uv": [3.5, 8.25, 3.53125, 8.3125], "texture": "#0"},
				"up": {"uv": [7.4375, 2.03125, 7.25, 2], "texture": "#0"},
				"down": {"uv": [2.4375, 7.25, 2.25, 7.28125], "texture": "#0"}
			}
		},
		{
			"from": [7.9, 28.475, 8.165],
			"to": [8.85, 28.775, 8.34],
			"rotation": {"angle": 0, "axis": "y", "origin": [8.375, 13.00625, 8.25]},
			"faces": {
				"north": {"uv": [6, 2.75, 6.25, 2.8125], "texture": "#0"},
				"east": {"uv": [8.25, 3.5, 8.28125, 3.5625], "texture": "#0"},
				"south": {"uv": [6, 2.75, 6.25, 2.8125], "texture": "#0"},
				"west": {"uv": [3.75, 8.25, 3.78125, 8.3125], "texture": "#0"},
				"up": {"uv": [0.5, 7.03125, 0.25, 7], "texture": "#0"},
				"down": {"uv": [7.25, 0.25, 7, 0.28125], "texture": "#0"}
			}
		},
		{
			"from": [7.825, 28.1, 8.165],
			"to": [8.925, 28.475, 8.34],
			"rotation": {"angle": 0, "axis": "y", "origin": [8.375, 13.00625, 8.25]},
			"faces": {
				"north": {"uv": [4.75, 4.25, 5.03125, 4.34375], "texture": "#0"},
				"east": {"uv": [5.75, 8, 5.78125, 8.09375], "texture": "#0"},
				"south": {"uv": [4.75, 4.25, 5.03125, 4.34375], "texture": "#0"},
				"west": {"uv": [8, 5.75, 8.03125, 5.84375], "texture": "#0"},
				"up": {"uv": [7.03125, 5.03125, 6.75, 5], "texture": "#0"},
				"down": {"uv": [5.53125, 6.75, 5.25, 6.78125], "texture": "#0"}
			}
		},
		{
			"from": [7.75, 27.725, 8.165],
			"to": [9, 28.1, 8.34],
			"rotation": {"angle": 0, "axis": "y", "origin": [8.375, 13.00625, 8.25]},
			"faces": {
				"north": {"uv": [4.75, 0, 5.0625, 0.09375], "texture": "#0"},
				"east": {"uv": [6, 8, 6.03125, 8.09375], "texture": "#0"},
				"south": {"uv": [4.75, 0, 5.0625, 0.09375], "texture": "#0"},
				"west": {"uv": [8, 6, 8.03125, 6.09375], "texture": "#0"},
				"up": {"uv": [7.0625, 3.53125, 6.75, 3.5], "texture": "#0"},
				"down": {"uv": [4.0625, 6.75, 3.75, 6.78125], "texture": "#0"}
			}
		},
		{
			"from": [7.65, 27.025, 8.165],
			"to": [9.1, 27.725, 8.34],
			"rotation": {"angle": 0, "axis": "y", "origin": [8.375, 13.00625, 8.25]},
			"faces": {
				"north": {"uv": [3, 1.75, 3.375, 1.9375], "texture": "#0"},
				"east": {"uv": [7.25, 2.25, 7.28125, 2.4375], "texture": "#0"},
				"south": {"uv": [3, 1.75, 3.375, 1.9375], "texture": "#0"},
				"west": {"uv": [2.5, 7.25, 2.53125, 7.4375], "texture": "#0"},
				"up": {"uv": [1.875, 6.53125, 1.5, 6.5], "texture": "#0"},
				"down": {"uv": [6.875, 1.5, 6.5, 1.53125], "texture": "#0"}
			}
		},
		{
			"from": [7.575, 26.15, 8.165],
			"to": [9.175, 27.025, 8.34],
			"rotation": {"angle": 0, "axis": "y", "origin": [8.375, 13.00625, 8.25]},
			"faces": {
				"north": {"uv": [2.75, 2.75, 3.15625, 2.96875], "texture": "#0"},
				"east": {"uv": [7.25, 0.5, 7.28125, 0.71875], "texture": "#0"},
				"south": {"uv": [2.75, 2.75, 3.15625, 2.96875], "texture": "#0"},
				"west": {"uv": [0.75, 7.25, 0.78125, 7.46875], "texture": "#0"},
				"up": {"uv": [6.15625, 6.28125, 5.75, 6.25], "texture": "#0"},
				"down": {"uv": [6.65625, 6, 6.25, 6.03125], "texture": "#0"}
			}
		},
		{
			"from": [7.5, 23.425, 8.165],
			"to": [9.25, 26.15, 8.34],
			"rotation": {"angle": 0, "axis": "y", "origin": [8.375, 13.00625, 8.25]},
			"faces": {
				"north": {"uv": [2, 1.75, 2.4375, 2.4375], "texture": "#0"},
				"east": {"uv": [2, 5.25, 2.03125, 5.9375], "texture": "#0"},
				"south": {"uv": [2, 1.75, 2.4375, 2.4375], "texture": "#0"},
				"west": {"uv": [2.25, 5.25, 2.28125, 5.9375], "texture": "#0"},
				"up": {"uv": [3.6875, 6.28125, 3.25, 6.25], "texture": "#0"},
				"down": {"uv": [6.6875, 3.25, 6.25, 3.28125], "texture": "#0"}
			}
		},
		{
			"from": [7.95, 26.15, 8.1],
			"to": [8.8, 27.025, 8.4],
			"rotation": {"angle": 0, "axis": "y", "origin": [8.375, 13.00625, 8.25]},
			"faces": {
				"north": {"uv": [1.25, 3.25, 1.53125, 3.46875], "texture": "#0"},
				"east": {"uv": [6.25, 3.5, 6.3125, 3.71875], "texture": "#0"},
				"south": {"uv": [1.25, 3.25, 1.53125, 3.46875], "texture": "#0"},
				"west": {"uv": [3.75, 6.25, 3.8125, 6.46875], "texture": "#0"},
				"up": {"uv": [4.03125, 5.8125, 3.75, 5.75], "texture": "#0"},
				"down": {"uv": [4.53125, 5.75, 4.25, 5.8125], "texture": "#0"}
			}
		},
		{
			"from": [8.25, 9.075, 8.1],
			"to": [8.5, 9.2, 8.4],
			"rotation": {"angle": 0, "axis": "y", "origin": [8.375, 2.99375, 8.25]},
			"faces": {
				"north": {"uv": [8.25, 4.75, 8.3125, 4.78125], "texture": "#0"},
				"east": {"uv": [5, 8.25, 5.0625, 8.28125], "texture": "#0"},
				"south": {"uv": [8.25, 5, 8.3125, 5.03125], "texture": "#0"},
				"west": {"uv": [5.25, 8.25, 5.3125, 8.28125], "texture": "#0"},
				"up": {"uv": [4.5625, 7.5625, 4.5, 7.5], "texture": "#0"},
				"down": {"uv": [7.5625, 4.5, 7.5, 4.5625], "texture": "#0"}
			}
		},
		{
			"from": [8.1, 9.2, 8.1],
			"to": [8.65, 9.325, 8.4],
			"rotation": {"angle": 0, "axis": "y", "origin": [8.375, 2.99375, 8.25]},
			"faces": {
				"north": {"uv": [4.25, 7.5, 4.375, 7.53125], "texture": "#0"},
				"east": {"uv": [8.25, 4.5, 8.3125, 4.53125], "texture": "#0"},
				"south": {"uv": [7.5, 4.25, 7.625, 4.28125], "texture": "#0"},
				"west": {"uv": [4.75, 8.25, 4.8125, 8.28125], "texture": "#0"},
				"up": {"uv": [7.125, 4.3125, 7, 4.25], "texture": "#0"},
				"down": {"uv": [4.625, 7, 4.5, 7.0625], "texture": "#0"}
			}
		},
		{
			"from": [7.975, 9.325, 8.1],
			"to": [8.775, 9.45, 8.4],
			"rotation": {"angle": 0, "axis": "y", "origin": [8.375, 2.99375, 8.25]},
			"faces": {
				"north": {"uv": [7.25, 4.25, 7.4375, 4.28125], "texture": "#0"},
				"east": {"uv": [8.25, 4.25, 8.3125, 4.28125], "texture": "#0"},
				"south": {"uv": [4.5, 7.25, 4.6875, 7.28125], "texture": "#0"},
				"west": {"uv": [4.5, 8.25, 4.5625, 8.28125], "texture": "#0"},
				"up": {"uv": [4.9375, 6.5625, 4.75, 6.5], "texture": "#0"},
				"down": {"uv": [6.6875, 4.75, 6.5, 4.8125], "texture": "#0"}
			}
		},
		{
			"from": [7.875, 9.45, 8.1],
			"to": [8.875, 9.575, 8.4],
			"rotation": {"angle": 0, "axis": "y", "origin": [8.375, 2.99375, 8.25]},
			"faces": {
				"north": {"uv": [7, 4, 7.25, 4.03125], "texture": "#0"},
				"east": {"uv": [8.25, 4, 8.3125, 4.03125], "texture": "#0"},
				"south": {"uv": [4.25, 7, 4.5, 7.03125], "texture": "#0"},
				"west": {"uv": [4.25, 8.25, 4.3125, 8.28125], "texture": "#0"},
				"up": {"uv": [4.75, 6.0625, 4.5, 6], "texture": "#0"},
				"down": {"uv": [5, 6, 4.75, 6.0625], "texture": "#0"}
			}
		},
		{
			"from": [8.15, 8.825, 8.165],
			"to": [8.6, 8.95, 8.34],
			"rotation": {"angle": 0, "axis": "y", "origin": [8.375, 2.99375, 8.25]},
			"faces": {
				"north": {"uv": [3.75, 7.5, 3.875, 7.53125], "texture": "#0"},
				"east": {"uv": [0.25, 8.5, 0.28125, 8.53125], "texture": "#0"},
				"south": {"uv": [7.5, 3.75, 7.625, 3.78125], "texture": "#0"},
				"west": {"uv": [8.5, 0.25, 8.53125, 0.28125], "texture": "#0"},
				"up": {"uv": [4.125, 7.53125, 4, 7.5], "texture": "#0"},
				"down": {"uv": [7.625, 4, 7.5, 4.03125], "texture": "#0"}
			}
		},
		{
			"from": [8.025, 8.95, 8.165],
			"to": [8.725, 9.075, 8.34],
			"rotation": {"angle": 0, "axis": "y", "origin": [8.375, 2.99375, 8.25]},
			"faces": {
				"north": {"uv": [7.25, 3.75, 7.4375, 3.78125], "texture": "#0"},
				"east": {"uv": [0, 8.5, 0.03125, 8.53125], "texture": "#0"},
				"south": {"uv": [4, 7.25, 4.1875, 7.28125], "texture": "#0"},
				"west": {"uv": [8.5, 0, 8.53125, 0.03125], "texture": "#0"},
				"up": {"uv": [7.4375, 4.03125, 7.25, 4], "texture": "#0"},
				"down": {"uv": [4.4375, 7.25, 4.25, 7.28125], "texture": "#0"}
			}
		},
		{
			"from": [7.9, 9.075, 8.165],
			"to": [8.85, 9.2, 8.34],
			"rotation": {"angle": 0, "axis": "y", "origin": [8.375, 2.99375, 8.25]},
			"faces": {
				"north": {"uv": [3.25, 7, 3.5, 7.03125], "texture": "#0"},
				"east": {"uv": [8.25, 8, 8.28125, 8.03125], "texture": "#0"},
				"south": {"uv": [3.5, 7, 3.75, 7.03125], "texture": "#0"},
				"west": {"uv": [8.25, 8.25, 8.28125, 8.28125], "texture": "#0"},
				"up": {"uv": [4, 7.03125, 3.75, 7], "texture": "#0"},
				"down": {"uv": [4.25, 7, 4, 7.03125], "texture": "#0"}
			}
		},
		{
			"from": [7.825, 9.2, 8.165],
			"to": [8.925, 9.325, 8.34],
			"rotation": {"angle": 0, "axis": "y", "origin": [8.375, 2.99375, 8.25]},
			"faces": {
				"north": {"uv": [6.75, 5.25, 7.03125, 5.28125], "texture": "#0"},
				"east": {"uv": [8.25, 7.75, 8.28125, 7.78125], "texture": "#0"},
				"south": {"uv": [6.75, 5.5, 7.03125, 5.53125], "texture": "#0"},
				"west": {"uv": [8, 8.25, 8.03125, 8.28125], "texture": "#0"},
				"up": {"uv": [6.03125, 6.78125, 5.75, 6.75], "texture": "#0"},
				"down": {"uv": [7.03125, 5.75, 6.75, 5.78125], "texture": "#0"}
			}
		},
		{
			"from": [7.75, 9.325, 8.165],
			"to": [9, 9.45, 8.34],
			"rotation": {"angle": 0, "axis": "y", "origin": [8.375, 2.99375, 8.25]},
			"faces": {
				"north": {"uv": [6.75, 3.75, 7.0625, 3.78125], "texture": "#0"},
				"east": {"uv": [8.25, 7.5, 8.28125, 7.53125], "texture": "#0"},
				"south": {"uv": [4.25, 6.75, 4.5625, 6.78125], "texture": "#0"},
				"west": {"uv": [7.75, 8.25, 7.78125, 8.28125], "texture": "#0"},
				"up": {"uv": [5.0625, 6.78125, 4.75, 6.75], "texture": "#0"},
				"down": {"uv": [7.0625, 4.75, 6.75, 4.78125], "texture": "#0"}
			}
		},
		{
			"from": [7.65, 9.45, 8.165],
			"to": [9.1, 9.575, 8.34],
			"rotation": {"angle": 0, "axis": "y", "origin": [8.375, 2.99375, 8.25]},
			"faces": {
				"north": {"uv": [6.5, 4, 6.875, 4.03125], "texture": "#0"},
				"east": {"uv": [8.25, 7.25, 8.28125, 7.28125], "texture": "#0"},
				"south": {"uv": [4.25, 6.5, 4.625, 6.53125], "texture": "#0"},
				"west": {"uv": [7.5, 8.25, 7.53125, 8.28125], "texture": "#0"},
				"up": {"uv": [6.875, 4.28125, 6.5, 4.25], "texture": "#0"},
				"down": {"uv": [6.875, 4.5, 6.5, 4.53125], "texture": "#0"}
			}
		},
		{
			"from": [7.85, 23.425, 8.1],
			"to": [8.9, 26.15, 8.4],
			"rotation": {"angle": 0, "axis": "y", "origin": [8.375, 13.00625, 8.25]},
			"faces": {
				"north": {"uv": [1, 2.25, 1.3125, 2.9375], "texture": "#0"},
				"east": {"uv": [3, 3.75, 3.0625, 4.4375], "texture": "#0"},
				"south": {"uv": [1, 2.25, 1.3125, 2.9375], "texture": "#0"},
				"west": {"uv": [3.25, 3.75, 3.3125, 4.4375], "texture": "#0"},
				"up": {"uv": [4.8125, 5.3125, 4.5, 5.25], "texture": "#0"},
				"down": {"uv": [5.5625, 4.5, 5.25, 4.5625], "texture": "#0"}
			}
		},
		{
			"from": [7.725, 10.825, 8.1],
			"to": [9.025, 11.725, 8.4],
			"rotation": {"angle": 0, "axis": "y", "origin": [8.375, 13.00625, 8.25]},
			"faces": {
				"north": {"uv": [3.25, 0.75, 3.5625, 0.96875], "texture": "#0"},
				"east": {"uv": [6.25, 4, 6.3125, 4.21875], "texture": "#0"},
				"south": {"uv": [3.25, 0.75, 3.5625, 0.96875], "texture": "#0"},
				"west": {"uv": [4.25, 6.25, 4.3125, 6.46875], "texture": "#0"},
				"up": {"uv": [5.5625, 5.0625, 5.25, 5], "texture": "#0"},
				"down": {"uv": [0.3125, 5.5, 0, 5.5625], "texture": "#0"}
			}
		},
		{
			"from": [7.9, 11.725, 8.1],
			"to": [8.85, 12.6, 8.4],
			"rotation": {"angle": 0, "axis": "y", "origin": [8.375, 13.00625, 8.25]},
			"faces": {
				"north": {"uv": [0, 3.5, 0.25, 3.71875], "texture": "#0"},
				"east": {"uv": [6.25, 3.75, 6.3125, 3.96875], "texture": "#0"},
				"south": {"uv": [0, 3.5, 0.25, 3.71875], "texture": "#0"},
				"west": {"uv": [4, 6.25, 4.0625, 6.46875], "texture": "#0"},
				"up": {"uv": [6.25, 3.3125, 6, 3.25], "texture": "#0"},
				"down": {"uv": [3.75, 6, 3.5, 6.0625], "texture": "#0"}
			}
		},
		{
			"from": [7.75, 12.6, 8.1],
			"to": [9, 13.3, 8.4],
			"rotation": {"angle": 0, "axis": "y", "origin": [8.375, 13.00625, 8.25]},
			"faces": {
				"north": {"uv": [2.5, 3.25, 2.8125, 3.4375], "texture": "#0"},
				"east": {"uv": [6.5, 2, 6.5625, 2.1875], "texture": "#0"},
				"south": {"uv": [2.5, 3.25, 2.8125, 3.4375], "texture": "#0"},
				"west": {"uv": [2.25, 6.5, 2.3125, 6.6875], "texture": "#0"},
				"up": {"uv": [5.5625, 4.8125, 5.25, 4.75], "texture": "#0"},
				"down": {"uv": [5.3125, 5.25, 5, 5.3125], "texture": "#0"}
			}
		},
		{
			"from": [7.6, 13.3, 8.1],
			"to": [9.15, 13.675, 8.4],
			"rotation": {"angle": 0, "axis": "y", "origin": [8.375, 13.00625, 8.25]},
			"faces": {
				"north": {"uv": [2, 4.25, 2.375, 4.34375], "texture": "#0"},
				"east": {"uv": [7.25, 2.75, 7.3125, 2.84375], "texture": "#0"},
				"south": {"uv": [2, 4.25, 2.375, 4.34375], "texture": "#0"},
				"west": {"uv": [3, 7.25, 3.0625, 7.34375], "texture": "#0"},
				"up": {"uv": [5.375, 2.0625, 5, 2], "texture": "#0"},
				"down": {"uv": [2.625, 5, 2.25, 5.0625], "texture": "#0"}
			}
		},
		{
			"from": [7.55, 10.45, 8.1],
			"to": [9.2, 10.825, 8.4],
			"rotation": {"angle": 0, "axis": "y", "origin": [8.375, 13.00625, 8.25]},
			"faces": {
				"north": {"uv": [4, 2.75, 4.40625, 2.84375], "texture": "#0"},
				"east": {"uv": [7.25, 3, 7.3125, 3.09375], "texture": "#0"},
				"south": {"uv": [4, 2.75, 4.40625, 2.84375], "texture": "#0"},
				"west": {"uv": [3.25, 7.25, 3.3125, 7.34375], "texture": "#0"},
				"up": {"uv": [4.90625, 4.8125, 4.5, 4.75], "texture": "#0"},
				"down": {"uv": [5.15625, 4.5, 4.75, 4.5625], "texture": "#0"}
			}
		},
		{
			"from": [7.3, 13.675, 8.1],
			"to": [9.45, 14.05, 8.4],
			"rotation": {"angle": 0, "axis": "y", "origin": [8.375, 13.00625, 8.25]},
			"faces": {
				"north": {"uv": [3.25, 3.5, 3.78125, 3.59375], "texture": "#0"},
				"east": {"uv": [7.25, 2.5, 7.3125, 2.59375], "texture": "#0"},
				"south": {"uv": [3.25, 3.5, 3.78125, 3.59375], "texture": "#0"},
				"west": {"uv": [2.75, 7.25, 2.8125, 7.34375], "texture": "#0"},
				"up": {"uv": [4.53125, 4.3125, 4, 4.25], "texture": "#0"},
				"down": {"uv": [4.78125, 4, 4.25, 4.0625], "texture": "#0"}
			}
		},
		{
			"from": [7.15, 14.05, 8.1],
			"to": [9.6, 14.35, 8.4],
			"rotation": {"angle": 0, "axis": "y", "origin": [8.375, 13.00625, 8.25]},
			"faces": {
				"north": {"uv": [3.5, 3.75, 4.15625, 3.8125], "texture": "#0"},
				"east": {"uv": [3.25, 7.5, 3.3125, 7.5625], "texture": "#0"},
				"south": {"uv": [3.5, 3.75, 4.15625, 3.8125], "texture": "#0"},
				"west": {"uv": [7.5, 3.25, 7.5625, 3.3125], "texture": "#0"},
				"up": {"uv": [4.65625, 0.0625, 4, 0], "texture": "#0"},
				"down": {"uv": [0.90625, 4, 0.25, 4.0625], "texture": "#0"}
			}
		},
		{
			"from": [7.325, 14.35, 8.1],
			"to": [9.425, 14.85, 8.4],
			"rotation": {"angle": 0, "axis": "y", "origin": [8.375, 13.00625, 8.25]},
			"faces": {
				"north": {"uv": [3.25, 0, 3.8125, 0.125], "texture": "#0"},
				"east": {"uv": [0.5, 7, 0.5625, 7.125], "texture": "#0"},
				"south": {"uv": [3.25, 0, 3.8125, 0.125], "texture": "#0"},
				"west": {"uv": [7, 0.5, 7.0625, 0.625], "texture": "#0"},
				"up": {"uv": [0.8125, 4.3125, 0.25, 4.25], "texture": "#0"},
				"down": {"uv": [4.8125, 1.75, 4.25, 1.8125], "texture": "#0"}
			}
		},
		{
			"from": [7.5, 14.85, 8.1],
			"to": [9.25, 15.6, 8.4],
			"rotation": {"angle": 0, "axis": "y", "origin": [8.375, 13.00625, 8.25]},
			"faces": {
				"north": {"uv": [2, 2.5, 2.5, 2.6875], "texture": "#0"},
				"east": {"uv": [6.5, 1.75, 6.5625, 1.9375], "texture": "#0"},
				"south": {"uv": [2, 2.5, 2.5, 2.6875], "texture": "#0"},
				"west": {"uv": [2, 6.5, 2.0625, 6.6875], "texture": "#0"},
				"up": {"uv": [1.75, 4.5625, 1.25, 4.5], "texture": "#0"},
				"down": {"uv": [5, 1.25, 4.5, 1.3125], "texture": "#0"}
			}
		},
		{
			"from": [7.625, 15.6, 8.1],
			"to": [9.125, 18.725, 8.4],
			"rotation": {"angle": 0, "axis": "y", "origin": [8.375, 13.00625, 8.25]},
			"faces": {
				"north": {"uv": [2, 0, 2.4375, 0.78125], "texture": "#0"},
				"east": {"uv": [1.75, 3.5, 1.8125, 4.28125], "texture": "#0"},
				"south": {"uv": [2, 0, 2.4375, 0.78125], "texture": "#0"},
				"west": {"uv": [0, 3.75, 0.0625, 4.53125], "texture": "#0"},
				"up": {"uv": [5.1875, 2.3125, 4.75, 2.25], "texture": "#0"},
				"down": {"uv": [2.9375, 4.75, 2.5, 4.8125], "texture": "#0"}
			}
		},
		{
			"from": [7.725, 18.725, 8.1],
			"to": [9.025, 23.425, 8.4],
			"rotation": {"angle": 0, "axis": "y", "origin": [8.375, 13.00625, 8.25]},
			"faces": {
				"north": {"uv": [0, 1.25, 0.375, 2.4375], "texture": "#0"},
				"east": {"uv": [2, 3, 2.0625, 4.1875], "texture": "#0"},
				"south": {"uv": [0, 1.25, 0.375, 2.4375], "texture": "#0"},
				"west": {"uv": [2.25, 3, 2.3125, 4.1875], "texture": "#0"},
				"up": {"uv": [5.375, 2.8125, 5, 2.75], "texture": "#0"},
				"down": {"uv": [5.375, 3, 5, 3.0625], "texture": "#0"}
			}
		},
		{
			"from": [7.3, 15.6, 8.165],
			"to": [9.45, 18.725, 8.34],
			"rotation": {"angle": 0, "axis": "y", "origin": [8.375, 13.00625, 8.25]},
			"faces": {
				"north": {"uv": [1.25, 1.25, 1.78125, 2.03125], "texture": "#0"},
				"east": {"uv": [1, 5, 1.03125, 5.78125], "texture": "#0"},
				"south": {"uv": [1.25, 1.25, 1.78125, 2.03125], "texture": "#0"},
				"west": {"uv": [5, 1, 5.03125, 1.78125], "texture": "#0"},
				"up": {"uv": [6.28125, 5.78125, 5.75, 5.75], "texture": "#0"},
				"down": {"uv": [0.53125, 6, 0, 6.03125], "texture": "#0"}
			}
		},
		{
			"from": [7.15, 14.85, 8.165],
			"to": [9.6, 15.6, 8.34],
			"rotation": {"angle": 0, "axis": "y", "origin": [8.375, 13.00625, 8.25]},
			"faces": {
				"north": {"uv": [2.5, 0.25, 3.125, 0.4375], "texture": "#0"},
				"east": {"uv": [7.25, 3.25, 7.28125, 3.4375], "texture": "#0"},
				"south": {"uv": [2.5, 0.25, 3.125, 0.4375], "texture": "#0"},
				"west": {"uv": [3.5, 7.25, 3.53125, 7.4375], "texture": "#0"},
				"up": {"uv": [6.125, 0.03125, 5.5, 0], "texture": "#0"},
				"down": {"uv": [6.125, 0.25, 5.5, 0.28125], "texture": "#0"}
			}
		},
		{
			"from": [6.975, 14.35, 8.165],
			"to": [9.775, 14.85, 8.34],
			"rotation": {"angle": 0, "axis": "y", "origin": [8.375, 13.00625, 8.25]},
			"faces": {
				"north": {"uv": [1.25, 3, 1.9375, 3.125], "texture": "#0"},
				"east": {"uv": [3.5, 7.5, 3.53125, 7.625], "texture": "#0"},
				"south": {"uv": [1.25, 3, 1.9375, 3.125], "texture": "#0"},
				"west": {"uv": [7.5, 3.5, 7.53125, 3.625], "texture": "#0"},
				"up": {"uv": [5.9375, 2.28125, 5.25, 2.25], "texture": "#0"},
				"down": {"uv": [3.1875, 5.25, 2.5, 5.28125], "texture": "#0"}
			}
		},
		{
			"from": [6.775, 14.05, 8.165],
			"to": [9.975, 14.35, 8.34],
			"rotation": {"angle": 0, "axis": "y", "origin": [8.375, 13.00625, 8.25]},
			"faces": {
				"north": {"uv": [3.5, 1.5, 4.3125, 1.5625], "texture": "#0"},
				"east": {"uv": [8.25, 3.75, 8.28125, 3.8125], "texture": "#0"},
				"south": {"uv": [3.5, 1.5, 4.3125, 1.5625], "texture": "#0"},
				"west": {"uv": [4, 8.25, 4.03125, 8.3125], "texture": "#0"},
				"up": {"uv": [0.8125, 5.03125, 0, 5], "texture": "#0"},
				"down": {"uv": [5.8125, 0.75, 5, 0.78125], "texture": "#0"}
			}
		},
		{
			"from": [6.9, 13.675, 8.165],
			"to": [9.85, 14.05, 8.34],
			"rotation": {"angle": 0, "axis": "y", "origin": [8.375, 13.00625, 8.25]},
			"faces": {
				"north": {"uv": [0.5, 3.25, 1.25, 3.34375], "texture": "#0"},
				"east": {"uv": [6.25, 8, 6.28125, 8.09375], "texture": "#0"},
				"south": {"uv": [0.5, 3.25, 1.25, 3.34375], "texture": "#0"},
				"west": {"uv": [8, 6.25, 8.03125, 6.34375], "texture": "#0"},
				"up": {"uv": [5.75, 2.53125, 5, 2.5], "texture": "#0"},
				"down": {"uv": [3.5, 5, 2.75, 5.03125], "texture": "#0"}
			}
		},
		{
			"from": [7.05, 13.3, 8.165],
			"to": [9.7, 13.675, 8.34],
			"rotation": {"angle": 0, "axis": "y", "origin": [8.375, 13.00625, 8.25]},
			"faces": {
				"north": {"uv": [3.25, 2, 3.90625, 2.09375], "texture": "#0"},
				"east": {"uv": [6.5, 8, 6.53125, 8.09375], "texture": "#0"},
				"south": {"uv": [3.25, 2, 3.90625, 2.09375], "texture": "#0"},
				"west": {"uv": [8, 6.5, 8.03125, 6.59375], "texture": "#0"},
				"up": {"uv": [5.90625, 3.78125, 5.25, 3.75], "texture": "#0"},
				"down": {"uv": [5.90625, 4, 5.25, 4.03125], "texture": "#0"}
			}
		},
		{
			"from": [7.275, 12.6, 8.165],
			"to": [9.475, 13.3, 8.34],
			"rotation": {"angle": 0, "axis": "y", "origin": [8.375, 13.00625, 8.25]},
			"faces": {
				"north": {"uv": [2.5, 1.25, 3.0625, 1.4375], "texture": "#0"},
				"east": {"uv": [7.25, 3.5, 7.28125, 3.6875], "texture": "#0"},
				"south": {"uv": [2.5, 1.25, 3.0625, 1.4375], "texture": "#0"},
				"west": {"uv": [3.75, 7.25, 3.78125, 7.4375], "texture": "#0"},
				"up": {"uv": [6.3125, 4.28125, 5.75, 4.25], "texture": "#0"},
				"down": {"uv": [6.3125, 4.5, 5.75, 4.53125], "texture": "#0"}
			}
		},
		{
			"from": [7.45, 11.725, 8.165],
			"to": [9.3, 12.6, 8.34],
			"rotation": {"angle": 0, "axis": "y", "origin": [8.375, 13.00625, 8.25]},
			"faces": {
				"north": {"uv": [2.5, 1.5, 2.96875, 1.71875], "texture": "#0"},
				"east": {"uv": [7.25, 0.75, 7.28125, 0.96875], "texture": "#0"},
				"south": {"uv": [2.5, 1.5, 2.96875, 1.71875], "texture": "#0"},
				"west": {"uv": [1, 7.25, 1.03125, 7.46875], "texture": "#0"},
				"up": {"uv": [3.21875, 6.28125, 2.75, 6.25], "texture": "#0"},
				"down": {"uv": [6.71875, 2.75, 6.25, 2.78125], "texture": "#0"}
			}
		},
		{
			"from": [7.325, 10.825, 8.165],
			"to": [9.425, 11.725, 8.34],
			"rotation": {"angle": 0, "axis": "y", "origin": [8.375, 13.00625, 8.25]},
			"faces": {
				"north": {"uv": [2.5, 0.75, 3.03125, 0.96875], "texture": "#0"},
				"east": {"uv": [7.25, 1, 7.28125, 1.21875], "texture": "#0"},
				"south": {"uv": [2.5, 0.75, 3.03125, 0.96875], "texture": "#0"},
				"west": {"uv": [1.25, 7.25, 1.28125, 7.46875], "texture": "#0"},
				"up": {"uv": [1.28125, 6.03125, 0.75, 6], "texture": "#0"},
				"down": {"uv": [6.53125, 0.75, 6, 0.78125], "texture": "#0"}
			}
		},
		{
			"from": [7.15, 10.45, 8.165],
			"to": [9.6, 10.825, 8.34],
			"rotation": {"angle": 0, "axis": "y", "origin": [8.375, 13.00625, 8.25]},
			"faces": {
				"north": {"uv": [3.25, 2.75, 3.875, 2.84375], "texture": "#0"},
				"east": {"uv": [6.75, 8, 6.78125, 8.09375], "texture": "#0"},
				"south": {"uv": [3.25, 2.75, 3.875, 2.84375], "texture": "#0"},
				"west": {"uv": [8, 6.75, 8.03125, 6.84375], "texture": "#0"},
				"up": {"uv": [6.125, 0.53125, 5.5, 0.5], "texture": "#0"},
				"down": {"uv": [6.125, 1, 5.5, 1.03125], "texture": "#0"}
			}
		},
		{
			"from": [7.675, 10.175, 8.1],
			"to": [9.075, 10.45, 8.4],
			"rotation": {"angle": 0, "axis": "y", "origin": [8.375, 13.00625, 8.25]},
			"faces": {
				"north": {"uv": [5.25, 3.25, 5.59375, 3.3125], "texture": "#0"},
				"east": {"uv": [4.75, 7.5, 4.8125, 7.5625], "texture": "#0"},
				"south": {"uv": [5.25, 3.25, 5.59375, 3.3125], "texture": "#0"},
				"west": {"uv": [7.5, 4.75, 7.5625, 4.8125], "texture": "#0"},
				"up": {"uv": [5.59375, 3.5625, 5.25, 3.5], "texture": "#0"},
				"down": {"uv": [4.09375, 5.25, 3.75, 5.3125], "texture": "#0"}
			}
		},
		{
			"from": [7.775, 9.9, 8.1],
			"to": [8.975, 10.175, 8.4],
			"rotation": {"angle": 0, "axis": "y", "origin": [8.375, 13.00625, 8.25]},
			"faces": {
				"north": {"uv": [5.5, 1.25, 5.8125, 1.3125], "texture": "#0"},
				"east": {"uv": [5.25, 7.5, 5.3125, 7.5625], "texture": "#0"},
				"south": {"uv": [5.5, 1.25, 5.8125, 1.3125], "texture": "#0"},
				"west": {"uv": [7.5, 5.25, 7.5625, 5.3125], "texture": "#0"},
				"up": {"uv": [5.8125, 1.5625, 5.5, 1.5], "texture": "#0"},
				"down": {"uv": [5.8125, 1.75, 5.5, 1.8125], "texture": "#0"}
			}
		},
		{
			"from": [7.3, 10.175, 8.165],
			"to": [9.45, 10.45, 8.34],
			"rotation": {"angle": 0, "axis": "y", "origin": [8.375, 13.00625, 8.25]},
			"faces": {
				"north": {"uv": [4.5, 0.25, 5.03125, 0.3125], "texture": "#0"},
				"east": {"uv": [8.25, 5.25, 8.28125, 5.3125], "texture": "#0"},
				"south": {"uv": [4.5, 0.25, 5.03125, 0.3125], "texture": "#0"},
				"west": {"uv": [5.5, 8.25, 5.53125, 8.3125], "texture": "#0"},
				"up": {"uv": [6.53125, 1.28125, 6, 1.25], "texture": "#0"},
				"down": {"uv": [2.03125, 6, 1.5, 6.03125], "texture": "#0"}
			}
		},
		{
			"from": [7.4, 9.9, 8.165],
			"to": [9.35, 10.175, 8.34],
			"rotation": {"angle": 0, "axis": "y", "origin": [8.375, 13.00625, 8.25]},
			"faces": {
				"north": {"uv": [2.5, 4.5, 3, 4.5625], "texture": "#0"},
				"east": {"uv": [8.25, 5.5, 8.28125, 5.5625], "texture": "#0"},
				"south": {"uv": [2.5, 4.5, 3, 4.5625], "texture": "#0"},
				"west": {"uv": [5.75, 8.25, 5.78125, 8.3125], "texture": "#0"},
				"up": {"uv": [5.5, 6.03125, 5, 6], "texture": "#0"},
				"down": {"uv": [6.5, 5.25, 6, 5.28125], "texture": "#0"}
			}
		},
		{
			"from": [7.4, 18.725, 8.165],
			"to": [9.35, 23.425, 8.34],
			"rotation": {"angle": 0, "axis": "y", "origin": [8.375, 13.00625, 8.25]},
			"faces": {
				"north": {"uv": [0.5, 0, 1, 1.1875], "texture": "#0"},
				"east": {"uv": [3.5, 4, 3.53125, 5.1875], "texture": "#0"},
				"south": {"uv": [0.5, 0, 1, 1.1875], "texture": "#0"},
				"west": {"uv": [3.75, 4, 3.78125, 5.1875], "texture": "#0"},
				"up": {"uv": [3.5, 6.03125, 3, 6], "texture": "#0"},
				"down": {"uv": [6.5, 3, 6, 3.03125], "texture": "#0"}
			}
		}
	],
	"display": {
		"thirdperson_righthand": {
			"rotation": [0, -90, 0],
			"translation": [0.4, 2.836, -0.5],
			"scale": [1.25, 1.25, 1.25]
		},
		"thirdperson_lefthand": {
			"rotation": [0, 90, 0],
			"translation": [-0.4, 3.086, -0.5],
			"scale": [1.25, 1.25, 1.25]
		},
		"firstperson_righthand": {
			"rotation": [-11, 104, 0],
			"translation": [2.6, 2, -0.758],
			"scale": [0.85, 0.85, 0.85]
		},
		"firstperson_lefthand": {
			"rotation": [-11, -76, 0],
			"translation": [2.85, 2, -0.75],
			"scale": [0.85, 0.85, 0.85]
		},
		"ground": {
			"translation": [0, 15, 0],
			"scale": [1.25, 1.25, 1.25]
		},
		"gui": {
			"rotation": [0, 0, -45],
			"translation": [-5.25, -4.5, 0]
		},
		"head": {
			"translation": [0, 25.5, 0],
			"scale": [1.25, 1.25, 1.25]
		},
		"fixed": {
			"rotation": [0, 0, 45],
			"translation": [4, -4.75, -2]
		}
	}
}