{
	"credit": "Made with Blockbench",
	"texture_size": [32, 32],
	"textures": {
		"0": "item/lightning_staff",
		"particle": "item/lightning_staff"
	},
	"elements": [
		{
			"from": [8, -0.225, 7.975],
			"to": [8.75, 17.3, 8.525],
			"faces": {
				"north": {"uv": [0.5, 0, 0.875, 8.75], "texture": "#0"},
				"east": {"uv": [0.5, 0, 0.875, 8.75], "texture": "#0"},
				"south": {"uv": [0.5, 0, 0.875, 8.75], "texture": "#0"},
				"west": {"uv": [0.5, 0, 0.875, 8.75], "texture": "#0"},
				"up": {"uv": [10.375, 5.25, 10, 5], "texture": "#0"},
				"down": {"uv": [10.375, 5.5, 10, 5.75], "texture": "#0"}
			}
		},
		{
			"from": [7.9, 18.425, 7.775],
			"to": [8.825, 18.525, 8.725],
			"rotation": {"angle": 0, "axis": "y", "origin": [-0.025, 0, 0]},
			"faces": {
				"north": {"uv": [10.5, 11.5, 10.9375, 11.5625], "texture": "#0"},
				"east": {"uv": [10.5, 11.5, 10.9375, 11.5625], "texture": "#0"},
				"south": {"uv": [10.5, 11.5, 10.9375, 11.5625], "texture": "#0"},
				"west": {"uv": [10.5, 11.5, 10.9375, 11.5625], "texture": "#0"},
				"up": {"uv": [2.9375, 5.5, 2.5, 5], "texture": "#0"},
				"down": {"uv": [3.4375, 5, 3, 5.5], "texture": "#0"}
			}
		},
		{
			"from": [8.025, 18.525, 7.925],
			"to": [8.7, 18.725, 8.575],
			"rotation": {"angle": 0, "axis": "y", "origin": [-0.025, 0, 0]},
			"faces": {
				"north": {"uv": [11, 1.5, 11.3125, 1.625], "texture": "#0"},
				"east": {"uv": [11, 1.5, 11.3125, 1.625], "texture": "#0"},
				"south": {"uv": [11, 1.5, 11.3125, 1.625], "texture": "#0"},
				"west": {"uv": [11, 1.5, 11.3125, 1.625], "texture": "#0"},
				"up": {"uv": [10.3125, 4.3125, 10, 4], "texture": "#0"},
				"down": {"uv": [10.3125, 4.5, 10, 4.8125], "texture": "#0"}
			}
		},
		{
			"from": [7.9, 17.2, 7.775],
			"to": [8.825, 17.3, 8.725],
			"rotation": {"angle": 0, "axis": "y", "origin": [-0.025, 0, 0]},
			"faces": {
				"north": {"uv": [11, 11.5, 11.4375, 11.5625], "texture": "#0"},
				"east": {"uv": [11, 11.5, 11.4375, 11.5625], "texture": "#0"},
				"south": {"uv": [11, 11.5, 11.4375, 11.5625], "texture": "#0"},
				"west": {"uv": [11, 11.5, 11.4375, 11.5625], "texture": "#0"},
				"up": {"uv": [5.4375, 3.5, 5, 3], "texture": "#0"},
				"down": {"uv": [5.4375, 3.5, 5, 4], "texture": "#0"}
			}
		},
		{
			"from": [7.95, -1.675, 7.925],
			"to": [8.8, -0.225, 8.575],
			"faces": {
				"north": {"uv": [3.5, 1, 3.9375, 1.75], "texture": "#0"},
				"east": {"uv": [3.5, 1, 3.9375, 1.75], "texture": "#0"},
				"south": {"uv": [3.5, 1, 3.9375, 1.75], "texture": "#0"},
				"west": {"uv": [3.5, 1, 3.9375, 1.75], "texture": "#0"},
				"up": {"uv": [8.4375, 5.3125, 8, 5], "texture": "#0"},
				"down": {"uv": [7.4375, 8, 7, 8.3125], "texture": "#0"}
			}
		},
		{
			"from": [7.775, -2.9, 8],
			"to": [8.975, -1.025, 8.5],
			"faces": {
				"north": {"uv": [2.5, 1, 3.125, 1.9375], "texture": "#0"},
				"east": {"uv": [5, 1, 5.25, 1.9375], "texture": "#0"},
				"south": {"uv": [2.5, 1, 3.125, 1.9375], "texture": "#0"},
				"west": {"uv": [5, 1, 5.25, 1.9375], "texture": "#0"},
				"up": {"uv": [8.125, 5.75, 7.5, 5.5], "texture": "#0"},
				"down": {"uv": [8.125, 6, 7.5, 6.25], "texture": "#0"}
			}
		},
		{
			"from": [8.975, -2.025, 8.025],
			"to": [9.175, -0.725, 8.475],
			"faces": {
				"north": {"uv": [10.5, 0, 10.625, 0.625], "texture": "#0"},
				"east": {"uv": [8, 1, 8.25, 1.625], "texture": "#0"},
				"south": {"uv": [10.625, 0, 10.5, 0.625], "texture": "#0"},
				"west": {"uv": [7.5, 7.5, 7.75, 8.125], "texture": "#0"},
				"up": {"uv": [9.625, 11.25, 9.5, 11], "texture": "#0"},
				"down": {"uv": [11.125, 9.5, 11, 9.75], "texture": "#0"}
			}
		},
		{
			"from": [7.575, -2.025, 8.025],
			"to": [7.775, -0.725, 8.475],
			"faces": {
				"north": {"uv": [10.625, 0, 10.5, 0.625], "texture": "#0"},
				"east": {"uv": [8, 0, 8.25, 0.625], "texture": "#0"},
				"south": {"uv": [10.5, 0, 10.625, 0.625], "texture": "#0"},
				"west": {"uv": [8, 1, 8.25, 1.625], "texture": "#0"},
				"up": {"uv": [10.125, 11.25, 10, 11], "texture": "#0"},
				"down": {"uv": [11.125, 10, 11, 10.25], "texture": "#0"}
			}
		},
		{
			"from": [7.925, -4.075, 8.025],
			"to": [8.825, -2.9, 8.475],
			"faces": {
				"north": {"uv": [3.5, 4.5, 3.9375, 5.0625], "texture": "#0"},
				"east": {"uv": [5, 8, 5.25, 8.5625], "texture": "#0"},
				"south": {"uv": [3.5, 4.5, 3.9375, 5.0625], "texture": "#0"},
				"west": {"uv": [5, 8, 5.25, 8.5625], "texture": "#0"},
				"up": {"uv": [7.4375, 8.75, 7, 8.5], "texture": "#0"},
				"down": {"uv": [8.9375, 7, 8.5, 7.25], "texture": "#0"}
			}
		},
		{
			"from": [8.075, -5.6, 8.05],
			"to": [8.675, -4.075, 8.45],
			"faces": {
				"north": {"uv": [5, 2, 5.3125, 2.75], "texture": "#0"},
				"east": {"uv": [6, 8, 6.1875, 8.75], "texture": "#0"},
				"south": {"uv": [5, 2, 5.3125, 2.75], "texture": "#0"},
				"west": {"uv": [6, 8, 6.1875, 8.75], "texture": "#0"},
				"up": {"uv": [10.8125, 7.1875, 10.5, 7], "texture": "#0"},
				"down": {"uv": [10.8125, 7.5, 10.5, 7.6875], "texture": "#0"}
			}
		},
		{
			"from": [8.175, -7, 8.075],
			"to": [8.575, -5.6, 8.425],
			"faces": {
				"north": {"uv": [8.5, 1, 8.6875, 1.6875], "texture": "#0"},
				"east": {"uv": [8.5, 2, 8.6875, 2.6875], "texture": "#0"},
				"south": {"uv": [8.5, 1, 8.6875, 1.6875], "texture": "#0"},
				"west": {"uv": [8.5, 2, 8.6875, 2.6875], "texture": "#0"},
				"up": {"uv": [5.1875, 11.1875, 5, 11], "texture": "#0"},
				"down": {"uv": [5.6875, 11, 5.5, 11.1875], "texture": "#0"}
			}
		},
		{
			"from": [9.325, -0.95, 8.075],
			"to": [9.475, -0.225, 8.425],
			"faces": {
				"north": {"uv": [12, 0, 12.0625, 0.375], "texture": "#0"},
				"east": {"uv": [10.5, 3.5, 10.6875, 3.875], "texture": "#0"},
				"south": {"uv": [12, 0, 12.0625, 0.375], "texture": "#0"},
				"west": {"uv": [10.5, 2.5, 10.6875, 2.875], "texture": "#0"},
				"up": {"uv": [6.5625, 12.1875, 6.5, 12], "texture": "#0"},
				"down": {"uv": [12.0625, 6.5, 12, 6.6875], "texture": "#0"}
			}
		},
		{
			"from": [7.275, -0.95, 8.075],
			"to": [7.425, -0.225, 8.425],
			"faces": {
				"north": {"uv": [12, 0, 12.0625, 0.375], "texture": "#0"},
				"east": {"uv": [10.5, 3, 10.6875, 3.375], "texture": "#0"},
				"south": {"uv": [12, 0, 12.0625, 0.375], "texture": "#0"},
				"west": {"uv": [10.5, 3.5, 10.6875, 3.875], "texture": "#0"},
				"up": {"uv": [7.0625, 12.1875, 7, 12], "texture": "#0"},
				"down": {"uv": [12.0625, 7, 12, 7.1875], "texture": "#0"}
			}
		},
		{
			"from": [8.25, -8.375, 8.1],
			"to": [8.5, -7, 8.4],
			"faces": {
				"north": {"uv": [10, 8, 10.125, 8.6875], "texture": "#0"},
				"east": {"uv": [9, 10, 9.125, 10.6875], "texture": "#0"},
				"south": {"uv": [10, 8, 10.125, 8.6875], "texture": "#0"},
				"west": {"uv": [9, 10, 9.125, 10.6875], "texture": "#0"},
				"up": {"uv": [1.625, 12.125, 1.5, 12], "texture": "#0"},
				"down": {"uv": [12.125, 1.5, 12, 1.625], "texture": "#0"}
			}
		},
		{
			"from": [7.925, 11.35, 7.9],
			"to": [8.825, 11.55, 8.6],
			"faces": {
				"north": {"uv": [10.5, 8.5, 10.9375, 8.625], "texture": "#0"},
				"east": {"uv": [10.5, 8.5, 10.9375, 8.625], "texture": "#0"},
				"south": {"uv": [10.5, 8.5, 10.9375, 8.625], "texture": "#0"},
				"west": {"uv": [10.5, 8.5, 10.9375, 8.625], "texture": "#0"},
				"up": {"uv": [4.4375, 7.875, 4, 7.5], "texture": "#0"},
				"down": {"uv": [7.9375, 4, 7.5, 4.375], "texture": "#0"}
			}
		},
		{
			"from": [7.925, 7.55, 7.9],
			"to": [8.825, 7.75, 8.6],
			"rotation": {"angle": 0, "axis": "y", "origin": [0, 16, 0]},
			"faces": {
				"north": {"uv": [10.5, 9.5, 10.9375, 9.625], "texture": "#0"},
				"east": {"uv": [10.5, 9.5, 10.9375, 9.625], "texture": "#0"},
				"south": {"uv": [10.5, 9.5, 10.9375, 9.625], "texture": "#0"},
				"west": {"uv": [10.5, 9.5, 10.9375, 9.625], "texture": "#0"},
				"up": {"uv": [7.9375, 4.875, 7.5, 4.5], "texture": "#0"},
				"down": {"uv": [7.9375, 5, 7.5, 5.375], "texture": "#0"}
			}
		},
		{
			"from": [7.425, -1.55, 8.05],
			"to": [7.575, -0.375, 8.45],
			"faces": {
				"north": {"uv": [6, 11, 6.0625, 11.5625], "texture": "#0"},
				"east": {"uv": [8, 8.5, 8.1875, 9.0625], "texture": "#0"},
				"south": {"uv": [6, 11, 6.0625, 11.5625], "texture": "#0"},
				"west": {"uv": [8.5, 8.5, 8.6875, 9.0625], "texture": "#0"},
				"up": {"uv": [7.5625, 12.1875, 7.5, 12], "texture": "#0"},
				"down": {"uv": [12.0625, 7.5, 12, 7.6875], "texture": "#0"}
			}
		},
		{
			"from": [7.7, 21.525, 8.1],
			"to": [7.85, 24.9, 8.4],
			"rotation": {"angle": 45, "axis": "y", "origin": [8.35, 19.91875, 8.25]},
			"faces": {
				"north": {"uv": [9, 0, 9.0625, 1.6875], "texture": "#0"},
				"east": {"uv": [5, 4, 5.125, 5.6875], "texture": "#0"},
				"south": {"uv": [9, 0, 9.0625, 1.6875], "texture": "#0"},
				"west": {"uv": [4.5, 5, 4.625, 6.6875], "texture": "#0"},
				"up": {"uv": [8.5625, 12.125, 8.5, 12], "texture": "#0"},
				"down": {"uv": [12.0625, 8.5, 12, 8.625], "texture": "#0"}
			}
		},
		{
			"from": [7.55, 21.025, 8.1],
			"to": [7.7, 24.4, 8.4],
			"rotation": {"angle": 45, "axis": "y", "origin": [8.35, 19.91875, 8.25]},
			"faces": {
				"north": {"uv": [1, 9, 1.0625, 10.6875], "texture": "#0"},
				"east": {"uv": [5.5, 0, 5.625, 1.6875], "texture": "#0"},
				"south": {"uv": [1, 9, 1.0625, 10.6875], "texture": "#0"},
				"west": {"uv": [5.5, 2, 5.625, 3.6875], "texture": "#0"},
				"up": {"uv": [9.0625, 12.125, 9, 12], "texture": "#0"},
				"down": {"uv": [12.0625, 9, 12, 9.125], "texture": "#0"}
			}
		},
		{
			"from": [6.65, 17.5, 8],
			"to": [6.8, 18.025, 8.5],
			"rotation": {"angle": 45, "axis": "y", "origin": [8.35, 19.91875, 8.25]},
			"faces": {
				"north": {"uv": [12, 2, 12.0625, 2.25], "texture": "#0"},
				"east": {"uv": [10.5, 4, 10.75, 4.25], "texture": "#0"},
				"south": {"uv": [12, 2, 12.0625, 2.25], "texture": "#0"},
				"west": {"uv": [10.5, 4.5, 10.75, 4.75], "texture": "#0"},
				"up": {"uv": [2.5625, 12.25, 2.5, 12], "texture": "#0"},
				"down": {"uv": [12.0625, 2.5, 12, 2.75], "texture": "#0"}
			}
		},
		{
			"from": [7.1, 17.4, 8.025],
			"to": [7.25, 18.6, 8.475],
			"rotation": {"angle": 45, "axis": "y", "origin": [8.35, 19.91875, 8.25]},
			"faces": {
				"north": {"uv": [11, 3, 11.0625, 3.625], "texture": "#0"},
				"east": {"uv": [2, 8, 2.25, 8.625], "texture": "#0"},
				"south": {"uv": [11, 3, 11.0625, 3.625], "texture": "#0"},
				"west": {"uv": [8, 2, 8.25, 2.625], "texture": "#0"},
				"up": {"uv": [3.0625, 12.25, 3, 12], "texture": "#0"},
				"down": {"uv": [12.0625, 3, 12, 3.25], "texture": "#0"}
			}
		},
		{
			"from": [5.6, 14.525, 8.1],
			"to": [5.75, 17.9, 8.4],
			"rotation": {"angle": 45, "axis": "y", "origin": [8.35, 19.91875, 8.25]},
			"faces": {
				"north": {"uv": [2, 9, 2.0625, 10.6875], "texture": "#0"},
				"east": {"uv": [2.5, 5.5, 2.625, 7.1875], "texture": "#0"},
				"south": {"uv": [2, 9, 2.0625, 10.6875], "texture": "#0"},
				"west": {"uv": [3, 5.5, 3.125, 7.1875], "texture": "#0"},
				"up": {"uv": [9.5625, 12.125, 9.5, 12], "texture": "#0"},
				"down": {"uv": [12.0625, 9.5, 12, 9.625], "texture": "#0"}
			}
		},
		{
			"from": [5.75, 15.025, 8.1],
			"to": [5.9, 18.4, 8.4],
			"rotation": {"angle": 45, "axis": "y", "origin": [8.35, 19.91875, 8.25]},
			"faces": {
				"north": {"uv": [4, 9, 4.0625, 10.6875], "texture": "#0"},
				"east": {"uv": [3.5, 5.5, 3.625, 7.1875], "texture": "#0"},
				"south": {"uv": [4, 9, 4.0625, 10.6875], "texture": "#0"},
				"west": {"uv": [4, 5.5, 4.125, 7.1875], "texture": "#0"},
				"up": {"uv": [10.0625, 12.125, 10, 12], "texture": "#0"},
				"down": {"uv": [12.0625, 10, 12, 10.125], "texture": "#0"}
			}
		},
		{
			"from": [6.8, 18.525, 8.1],
			"to": [6.95, 21.9, 8.4],
			"rotation": {"angle": 45, "axis": "y", "origin": [8.35, 19.91875, 8.25]},
			"faces": {
				"north": {"uv": [5.5, 9, 5.5625, 10.6875], "texture": "#0"},
				"east": {"uv": [2, 6, 2.125, 7.6875], "texture": "#0"},
				"south": {"uv": [5.5, 9, 5.5625, 10.6875], "texture": "#0"},
				"west": {"uv": [6, 2, 6.125, 3.6875], "texture": "#0"},
				"up": {"uv": [11.0625, 12.125, 11, 12], "texture": "#0"},
				"down": {"uv": [12.0625, 11, 12, 11.125], "texture": "#0"}
			}
		},
		{
			"from": [6.65, 18.025, 8.1],
			"to": [6.8, 21.4, 8.4],
			"rotation": {"angle": 45, "axis": "y", "origin": [8.35, 19.91875, 8.25]},
			"faces": {
				"north": {"uv": [9, 6, 9.0625, 7.6875], "texture": "#0"},
				"east": {"uv": [6, 4, 6.125, 5.6875], "texture": "#0"},
				"south": {"uv": [9, 6, 9.0625, 7.6875], "texture": "#0"},
				"west": {"uv": [5, 6, 5.125, 7.6875], "texture": "#0"},
				"up": {"uv": [11.5625, 12.125, 11.5, 12], "texture": "#0"},
				"down": {"uv": [12.0625, 11.5, 12, 11.625], "texture": "#0"}
			}
		},
		{
			"from": [6.5, 17.525, 8.1],
			"to": [6.65, 20.9, 8.4],
			"rotation": {"angle": 45, "axis": "y", "origin": [8.35, 19.91875, 8.25]},
			"faces": {
				"north": {"uv": [7, 9, 7.0625, 10.6875], "texture": "#0"},
				"east": {"uv": [5.5, 6, 5.625, 7.6875], "texture": "#0"},
				"south": {"uv": [7, 9, 7.0625, 10.6875], "texture": "#0"},
				"west": {"uv": [6, 6, 6.125, 7.6875], "texture": "#0"},
				"up": {"uv": [12.0625, 12.125, 12, 12], "texture": "#0"},
				"down": {"uv": [0.0625, 12.5, 0, 12.625], "texture": "#0"}
			}
		},
		{
			"from": [6.35, 17.025, 8.1],
			"to": [6.5, 20.4, 8.4],
			"rotation": {"angle": 45, "axis": "y", "origin": [8.35, 19.91875, 8.25]},
			"faces": {
				"north": {"uv": [9.5, 0, 9.5625, 1.6875], "texture": "#0"},
				"east": {"uv": [6.5, 0, 6.625, 1.6875], "texture": "#0"},
				"south": {"uv": [9.5, 0, 9.5625, 1.6875], "texture": "#0"},
				"west": {"uv": [6.5, 2, 6.625, 3.6875], "texture": "#0"},
				"up": {"uv": [12.5625, 0.125, 12.5, 0], "texture": "#0"},
				"down": {"uv": [0.5625, 12.5, 0.5, 12.625], "texture": "#0"}
			}
		},
		{
			"from": [6.2, 16.525, 8.1],
			"to": [6.35, 19.9, 8.4],
			"rotation": {"angle": 45, "axis": "y", "origin": [8.35, 19.91875, 8.25]},
			"faces": {
				"north": {"uv": [2.5, 9.5, 2.5625, 11.1875], "texture": "#0"},
				"east": {"uv": [6.5, 4, 6.625, 5.6875], "texture": "#0"},
				"south": {"uv": [2.5, 9.5, 2.5625, 11.1875], "texture": "#0"},
				"west": {"uv": [6.5, 6, 6.625, 7.6875], "texture": "#0"},
				"up": {"uv": [12.5625, 0.625, 12.5, 0.5], "texture": "#0"},
				"down": {"uv": [1.0625, 12.5, 1, 12.625], "texture": "#0"}
			}
		},
		{
			"from": [6.05, 16.025, 8.1],
			"to": [6.2, 19.4, 8.4],
			"rotation": {"angle": 45, "axis": "y", "origin": [8.35, 19.91875, 8.25]},
			"faces": {
				"north": {"uv": [3.5, 9.5, 3.5625, 11.1875], "texture": "#0"},
				"east": {"uv": [7, 0, 7.125, 1.6875], "texture": "#0"},
				"south": {"uv": [3.5, 9.5, 3.5625, 11.1875], "texture": "#0"},
				"west": {"uv": [7, 2, 7.125, 3.6875], "texture": "#0"},
				"up": {"uv": [12.5625, 1.125, 12.5, 1], "texture": "#0"},
				"down": {"uv": [1.5625, 12.5, 1.5, 12.625], "texture": "#0"}
			}
		},
		{
			"from": [6.95, 19.025, 8.1],
			"to": [7.1, 22.4, 8.4],
			"rotation": {"angle": 45, "axis": "y", "origin": [8.35, 19.91875, 8.25]},
			"faces": {
				"north": {"uv": [9.5, 6, 9.5625, 7.6875], "texture": "#0"},
				"east": {"uv": [7, 4, 7.125, 5.6875], "texture": "#0"},
				"south": {"uv": [9.5, 6, 9.5625, 7.6875], "texture": "#0"},
				"west": {"uv": [4.5, 7, 4.625, 8.6875], "texture": "#0"},
				"up": {"uv": [12.5625, 1.625, 12.5, 1.5], "texture": "#0"},
				"down": {"uv": [2.0625, 12.5, 2, 12.625], "texture": "#0"}
			}
		},
		{
			"from": [7.1, 19.525, 8.1],
			"to": [7.25, 22.9, 8.4],
			"rotation": {"angle": 45, "axis": "y", "origin": [8.35, 19.91875, 8.25]},
			"faces": {
				"north": {"uv": [8, 9.5, 8.0625, 11.1875], "texture": "#0"},
				"east": {"uv": [7, 6, 7.125, 7.6875], "texture": "#0"},
				"south": {"uv": [8, 9.5, 8.0625, 11.1875], "texture": "#0"},
				"west": {"uv": [7.5, 0, 7.625, 1.6875], "texture": "#0"},
				"up": {"uv": [12.5625, 2.125, 12.5, 2], "texture": "#0"},
				"down": {"uv": [2.5625, 12.5, 2.5, 12.625], "texture": "#0"}
			}
		},
		{
			"from": [7.25, 20.025, 8.1],
			"to": [7.4, 23.4, 8.4],
			"rotation": {"angle": 45, "axis": "y", "origin": [8.35, 19.91875, 8.25]},
			"faces": {
				"north": {"uv": [8.5, 9.5, 8.5625, 11.1875], "texture": "#0"},
				"east": {"uv": [7.5, 2, 7.625, 3.6875], "texture": "#0"},
				"south": {"uv": [8.5, 9.5, 8.5625, 11.1875], "texture": "#0"},
				"west": {"uv": [2.5, 7.5, 2.625, 9.1875], "texture": "#0"},
				"up": {"uv": [12.5625, 2.625, 12.5, 2.5], "texture": "#0"},
				"down": {"uv": [3.0625, 12.5, 3, 12.625], "texture": "#0"}
			}
		},
		{
			"from": [7.4, 20.525, 8.1],
			"to": [7.55, 23.9, 8.4],
			"rotation": {"angle": 45, "axis": "y", "origin": [8.35, 19.91875, 8.25]},
			"faces": {
				"north": {"uv": [10, 2, 10.0625, 3.6875], "texture": "#0"},
				"east": {"uv": [3, 7.5, 3.125, 9.1875], "texture": "#0"},
				"south": {"uv": [10, 2, 10.0625, 3.6875], "texture": "#0"},
				"west": {"uv": [3.5, 7.5, 3.625, 9.1875], "texture": "#0"},
				"up": {"uv": [12.5625, 3.125, 12.5, 3], "texture": "#0"},
				"down": {"uv": [3.5625, 12.5, 3.5, 12.625], "texture": "#0"}
			}
		},
		{
			"from": [7.4, 17.4, 8],
			"to": [7.875, 18.35, 8.5],
			"rotation": {"angle": 45, "axis": "y", "origin": [8.35, 19.91875, 8.25]},
			"faces": {
				"north": {"uv": [8.75, 4, 8.5, 4.5], "texture": "#0"},
				"east": {"uv": [8.5, 3.5, 8.75, 4], "texture": "#0"},
				"south": {"uv": [8.5, 4, 8.75, 4.5], "texture": "#0"},
				"west": {"uv": [8.5, 4.5, 8.75, 5], "texture": "#0"},
				"up": {"uv": [10.75, 5.25, 10.5, 5], "texture": "#0"},
				"down": {"uv": [10.75, 5.5, 10.5, 5.75], "texture": "#0"}
			}
		},
		{
			"from": [7.25, 17.4, 8],
			"to": [7.4, 18.4, 8.5],
			"rotation": {"angle": 45, "axis": "y", "origin": [8.35, 19.91875, 8.25]},
			"faces": {
				"north": {"uv": [11, 10.5, 11.0625, 11], "texture": "#0"},
				"east": {"uv": [8.5, 5, 8.75, 5.5], "texture": "#0"},
				"south": {"uv": [11, 10.5, 11.0625, 11], "texture": "#0"},
				"west": {"uv": [8.5, 5.5, 8.75, 6], "texture": "#0"},
				"up": {"uv": [3.5625, 12.25, 3.5, 12], "texture": "#0"},
				"down": {"uv": [12.0625, 3.5, 12, 3.75], "texture": "#0"}
			}
		},
		{
			"from": [6.8, 17.45, 8.025],
			"to": [6.95, 18.525, 8.475],
			"rotation": {"angle": 45, "axis": "y", "origin": [8.35, 19.91875, 8.25]},
			"faces": {
				"north": {"uv": [11, 6.5, 11.0625, 7.0625], "texture": "#0"},
				"east": {"uv": [6.5, 8, 6.75, 8.5625], "texture": "#0"},
				"south": {"uv": [11, 6.5, 11.0625, 7.0625], "texture": "#0"},
				"west": {"uv": [8, 6.5, 8.25, 7.0625], "texture": "#0"},
				"up": {"uv": [4.0625, 12.25, 4, 12], "texture": "#0"},
				"down": {"uv": [12.0625, 4, 12, 4.25], "texture": "#0"}
			}
		},
		{
			"from": [6.95, 17.425, 8.05],
			"to": [7.1, 19.025, 8.45],
			"rotation": {"angle": 45, "axis": "y", "origin": [8.35, 19.91875, 8.25]},
			"faces": {
				"north": {"uv": [0, 11, 0.0625, 11.8125], "texture": "#0"},
				"east": {"uv": [8, 3, 8.1875, 3.8125], "texture": "#0"},
				"south": {"uv": [0, 11, 0.0625, 11.8125], "texture": "#0"},
				"west": {"uv": [4, 8, 4.1875, 8.8125], "texture": "#0"},
				"up": {"uv": [8.0625, 12.1875, 8, 12], "texture": "#0"},
				"down": {"uv": [12.0625, 8, 12, 8.1875], "texture": "#0"}
			}
		},
		{
			"from": [8.075, 18.725, 7.975],
			"to": [8.65, 19.025, 8.525],
			"rotation": {"angle": 0, "axis": "y", "origin": [0, 16, 0]},
			"faces": {
				"north": {"uv": [11, 4, 11.3125, 4.125], "texture": "#0"},
				"east": {"uv": [11, 4, 11.3125, 4.125], "texture": "#0"},
				"south": {"uv": [11, 4, 11.3125, 4.125], "texture": "#0"},
				"west": {"uv": [11, 4, 11.3125, 4.125], "texture": "#0"},
				"up": {"uv": [10.8125, 1.25, 10.5, 1], "texture": "#0"},
				"down": {"uv": [10.8125, 1.5, 10.5, 1.75], "texture": "#0"}
			}
		},
		{
			"from": [8.125, 19.025, 8.025],
			"to": [8.6, 19.3, 8.475],
			"rotation": {"angle": 0, "axis": "y", "origin": [0, 16, 0]},
			"faces": {
				"north": {"uv": [1, 11.5, 1.25, 11.625], "texture": "#0"},
				"east": {"uv": [1, 11.5, 1.25, 11.625], "texture": "#0"},
				"south": {"uv": [1, 11.5, 1.25, 11.625], "texture": "#0"},
				"west": {"uv": [1, 11.5, 1.25, 11.625], "texture": "#0"},
				"up": {"uv": [10.75, 6.25, 10.5, 6], "texture": "#0"},
				"down": {"uv": [10.75, 6.5, 10.5, 6.75], "texture": "#0"}
			}
		},
		{
			"from": [8.175, 19.3, 8.075],
			"to": [8.55, 19.575, 8.425],
			"rotation": {"angle": 0, "axis": "y", "origin": [0, 16, 0]},
			"faces": {
				"north": {"uv": [1, 12, 1.1875, 12.125], "texture": "#0"},
				"east": {"uv": [1, 12, 1.1875, 12.125], "texture": "#0"},
				"south": {"uv": [1, 12, 1.1875, 12.125], "texture": "#0"},
				"west": {"uv": [1, 12, 1.1875, 12.125], "texture": "#0"},
				"up": {"uv": [7.1875, 11.1875, 7, 11], "texture": "#0"},
				"down": {"uv": [11.1875, 7.5, 11, 7.6875], "texture": "#0"}
			}
		},
		{
			"from": [8.225, 19.575, 8.125],
			"to": [8.5, 19.85, 8.375],
			"rotation": {"angle": 0, "axis": "y", "origin": [0, 16, 0]},
			"faces": {
				"north": {"uv": [5, 12, 5.125, 12.125], "texture": "#0"},
				"east": {"uv": [5, 12, 5.125, 12.125], "texture": "#0"},
				"south": {"uv": [5, 12, 5.125, 12.125], "texture": "#0"},
				"west": {"uv": [5, 12, 5.125, 12.125], "texture": "#0"},
				"up": {"uv": [5.625, 12.125, 5.5, 12], "texture": "#0"},
				"down": {"uv": [12.125, 5.5, 12, 5.625], "texture": "#0"}
			}
		},
		{
			"from": [8.275, 19.85, 8.175],
			"to": [8.45, 20.125, 8.325],
			"rotation": {"angle": 0, "axis": "y", "origin": [0, 16, 0]},
			"faces": {
				"north": {"uv": [12.5, 4, 12.5625, 4.125], "texture": "#0"},
				"east": {"uv": [12.5, 4, 12.5625, 4.125], "texture": "#0"},
				"south": {"uv": [12.5, 4, 12.5625, 4.125], "texture": "#0"},
				"west": {"uv": [12.5, 4, 12.5625, 4.125], "texture": "#0"},
				"up": {"uv": [12.5625, 4.5625, 12.5, 4.5], "texture": "#0"},
				"down": {"uv": [5.0625, 12.5, 5, 12.5625], "texture": "#0"}
			}
		},
		{
			"from": [7.9, 16.8, 7.775],
			"to": [8.85, 16.95, 8.725],
			"rotation": {"angle": 0, "axis": "y", "origin": [-0.025, 0, 0]},
			"faces": {
				"north": {"uv": [2, 11.5, 2.5, 11.5625], "texture": "#0"},
				"east": {"uv": [2, 11.5, 2.5, 11.5625], "texture": "#0"},
				"south": {"uv": [2, 11.5, 2.5, 11.5625], "texture": "#0"},
				"west": {"uv": [2, 11.5, 2.5, 11.5625], "texture": "#0"},
				"up": {"uv": [3, 4.5, 2.5, 4], "texture": "#0"},
				"down": {"uv": [4.5, 2.5, 4, 3], "texture": "#0"}
			}
		},
		{
			"from": [5.9, 15.525, 8.1],
			"to": [6.05, 18.9, 8.4],
			"rotation": {"angle": 45, "axis": "y", "origin": [8.35, 19.91875, 8.25]},
			"faces": {
				"north": {"uv": [4.5, 9, 4.5625, 10.6875], "texture": "#0"},
				"east": {"uv": [5.5, 4, 5.625, 5.6875], "texture": "#0"},
				"south": {"uv": [4.5, 9, 4.5625, 10.6875], "texture": "#0"},
				"west": {"uv": [6, 0, 6.125, 1.6875], "texture": "#0"},
				"up": {"uv": [10.5625, 12.125, 10.5, 12], "texture": "#0"},
				"down": {"uv": [12.0625, 10.5, 12, 10.625], "texture": "#0"}
			}
		},
		{
			"from": [7.85, 17.3, 7.725],
			"to": [8.875, 18.425, 8.775],
			"rotation": {"angle": 0, "axis": "y", "origin": [8.3625, 17.8625, 8.25]},
			"faces": {
				"north": {"uv": [4, 0, 4.5, 0.5625], "texture": "#0"},
				"east": {"uv": [4, 0, 4.5, 0.5625], "texture": "#0"},
				"south": {"uv": [4, 0, 4.5, 0.5625], "texture": "#0"},
				"west": {"uv": [4, 0, 4.5, 0.5625], "texture": "#0"},
				"up": {"uv": [2.5, 4.5, 2, 4], "texture": "#0"},
				"down": {"uv": [4.5, 2, 4, 2.5], "texture": "#0"}
			}
		},
		{
			"from": [7.975, 7.75, 7.95],
			"to": [8.775, 11.35, 8.55],
			"rotation": {"angle": 0, "axis": "y", "origin": [0, 16, 0]},
			"faces": {
				"north": {"uv": [2, 2, 2.375, 3.8125], "texture": "#0"},
				"east": {"uv": [2, 2, 2.375, 3.8125], "texture": "#0"},
				"south": {"uv": [2, 2, 2.375, 3.8125], "texture": "#0"},
				"west": {"uv": [2, 2, 2.375, 3.8125], "texture": "#0"},
				"up": {"uv": [8.875, 6.3125, 8.5, 6], "texture": "#0"},
				"down": {"uv": [8.875, 6.5, 8.5, 6.8125], "texture": "#0"}
			}
		},
		{
			"from": [7.9, 16.5, 7.775],
			"to": [8.85, 16.65, 8.725],
			"rotation": {"angle": 0, "axis": "y", "origin": [-0.025, 0, 0]},
			"faces": {
				"north": {"uv": [2, 11.5, 2.5, 11.5625], "texture": "#0"},
				"east": {"uv": [2, 11.5, 2.5, 11.5625], "texture": "#0"},
				"south": {"uv": [2, 11.5, 2.5, 11.5625], "texture": "#0"},
				"west": {"uv": [2, 11.5, 2.5, 11.5625], "texture": "#0"},
				"up": {"uv": [3, 4.5, 2.5, 4], "texture": "#0"},
				"down": {"uv": [4.5, 2.5, 4, 3], "texture": "#0"}
			}
		},
		{
			"from": [7.9, 16.2, 7.775],
			"to": [8.85, 16.35, 8.725],
			"rotation": {"angle": 0, "axis": "y", "origin": [-0.025, 0, 0]},
			"faces": {
				"north": {"uv": [2, 11.5, 2.5, 11.5625], "texture": "#0"},
				"east": {"uv": [2, 11.5, 2.5, 11.5625], "texture": "#0"},
				"south": {"uv": [2, 11.5, 2.5, 11.5625], "texture": "#0"},
				"west": {"uv": [2, 11.5, 2.5, 11.5625], "texture": "#0"},
				"up": {"uv": [3, 4.5, 2.5, 4], "texture": "#0"},
				"down": {"uv": [4.5, 2.5, 4, 3], "texture": "#0"}
			}
		},
		{
			"from": [7.9, 15.9, 7.775],
			"to": [8.85, 16.05, 8.725],
			"rotation": {"angle": 0, "axis": "y", "origin": [-0.025, 0, 0]},
			"faces": {
				"north": {"uv": [2, 11.5, 2.5, 11.5625], "texture": "#0"},
				"east": {"uv": [2, 11.5, 2.5, 11.5625], "texture": "#0"},
				"south": {"uv": [2, 11.5, 2.5, 11.5625], "texture": "#0"},
				"west": {"uv": [2, 11.5, 2.5, 11.5625], "texture": "#0"},
				"up": {"uv": [3, 4.5, 2.5, 4], "texture": "#0"},
				"down": {"uv": [4.5, 2.5, 4, 3], "texture": "#0"}
			}
		},
		{
			"from": [7.9, 15.625, 7.775],
			"to": [8.85, 15.775, 8.725],
			"rotation": {"angle": 0, "axis": "y", "origin": [-0.025, 0, 0]},
			"faces": {
				"north": {"uv": [2, 11.5, 2.5, 11.5625], "texture": "#0"},
				"east": {"uv": [2, 11.5, 2.5, 11.5625], "texture": "#0"},
				"south": {"uv": [2, 11.5, 2.5, 11.5625], "texture": "#0"},
				"west": {"uv": [2, 11.5, 2.5, 11.5625], "texture": "#0"},
				"up": {"uv": [3, 4.5, 2.5, 4], "texture": "#0"},
				"down": {"uv": [4.5, 2.5, 4, 3], "texture": "#0"}
			}
		},
		{
			"from": [7.9, 15.325, 7.775],
			"to": [8.85, 15.475, 8.725],
			"rotation": {"angle": 0, "axis": "y", "origin": [-0.025, 0, 0]},
			"faces": {
				"north": {"uv": [2, 11.5, 2.5, 11.5625], "texture": "#0"},
				"east": {"uv": [2, 11.5, 2.5, 11.5625], "texture": "#0"},
				"south": {"uv": [2, 11.5, 2.5, 11.5625], "texture": "#0"},
				"west": {"uv": [2, 11.5, 2.5, 11.5625], "texture": "#0"},
				"up": {"uv": [3, 4.5, 2.5, 4], "texture": "#0"},
				"down": {"uv": [4.5, 2.5, 4, 3], "texture": "#0"}
			}
		},
		{
			"from": [7.9, 15.05, 7.775],
			"to": [8.85, 15.2, 8.725],
			"rotation": {"angle": 0, "axis": "y", "origin": [-0.025, 0, 0]},
			"faces": {
				"north": {"uv": [2, 11.5, 2.5, 11.5625], "texture": "#0"},
				"east": {"uv": [2, 11.5, 2.5, 11.5625], "texture": "#0"},
				"south": {"uv": [2, 11.5, 2.5, 11.5625], "texture": "#0"},
				"west": {"uv": [2, 11.5, 2.5, 11.5625], "texture": "#0"},
				"up": {"uv": [3, 4.5, 2.5, 4], "texture": "#0"},
				"down": {"uv": [4.5, 2.5, 4, 3], "texture": "#0"}
			}
		},
		{
			"from": [7.9, 14.75, 7.775],
			"to": [8.85, 14.9, 8.725],
			"rotation": {"angle": 0, "axis": "y", "origin": [-0.025, 0, 0]},
			"faces": {
				"north": {"uv": [2, 11.5, 2.5, 11.5625], "texture": "#0"},
				"east": {"uv": [2, 11.5, 2.5, 11.5625], "texture": "#0"},
				"south": {"uv": [2, 11.5, 2.5, 11.5625], "texture": "#0"},
				"west": {"uv": [2, 11.5, 2.5, 11.5625], "texture": "#0"},
				"up": {"uv": [3, 4.5, 2.5, 4], "texture": "#0"},
				"down": {"uv": [4.5, 2.5, 4, 3], "texture": "#0"}
			}
		},
		{
			"from": [9.175, -1.55, 8.05],
			"to": [9.325, -0.375, 8.45],
			"faces": {
				"north": {"uv": [6, 11, 6.0625, 11.5625], "texture": "#0"},
				"east": {"uv": [8.5, 8.5, 8.6875, 9.0625], "texture": "#0"},
				"south": {"uv": [6, 11, 6.0625, 11.5625], "texture": "#0"},
				"west": {"uv": [8.5, 7.5, 8.6875, 8.0625], "texture": "#0"},
				"up": {"uv": [6.0625, 12.1875, 6, 12], "texture": "#0"},
				"down": {"uv": [12.0625, 6, 12, 6.1875], "texture": "#0"}
			}
		},
		{
			"from": [8.2, 21.525, 8.75],
			"to": [8.5, 24.9, 8.9],
			"rotation": {"angle": 45, "axis": "y", "origin": [8.35, 19.91875, 8.25]},
			"faces": {
				"north": {"uv": [5, 4, 5.125, 5.6875], "texture": "#0"},
				"east": {"uv": [9, 0, 9.0625, 1.6875], "texture": "#0"},
				"south": {"uv": [4.5, 5, 4.625, 6.6875], "texture": "#0"},
				"west": {"uv": [9, 0, 9.0625, 1.6875], "texture": "#0"},
				"up": {"uv": [8.5625, 12.125, 8.5, 12], "rotation": 270, "texture": "#0"},
				"down": {"uv": [12.0625, 8.5, 12, 8.625], "rotation": 90, "texture": "#0"}
			}
		},
		{
			"from": [8.2, 21.025, 8.9],
			"to": [8.5, 24.4, 9.05],
			"rotation": {"angle": 45, "axis": "y", "origin": [8.35, 19.91875, 8.25]},
			"faces": {
				"north": {"uv": [5.5, 0, 5.625, 1.6875], "texture": "#0"},
				"east": {"uv": [1, 9, 1.0625, 10.6875], "texture": "#0"},
				"south": {"uv": [5.5, 2, 5.625, 3.6875], "texture": "#0"},
				"west": {"uv": [1, 9, 1.0625, 10.6875], "texture": "#0"},
				"up": {"uv": [9.0625, 12.125, 9, 12], "rotation": 270, "texture": "#0"},
				"down": {"uv": [12.0625, 9, 12, 9.125], "rotation": 90, "texture": "#0"}
			}
		},
		{
			"from": [8.2, 20.525, 9.05],
			"to": [8.5, 23.9, 9.2],
			"rotation": {"angle": 45, "axis": "y", "origin": [8.35, 19.91875, 8.25]},
			"faces": {
				"north": {"uv": [3, 7.5, 3.125, 9.1875], "texture": "#0"},
				"east": {"uv": [10, 2, 10.0625, 3.6875], "texture": "#0"},
				"south": {"uv": [3.5, 7.5, 3.625, 9.1875], "texture": "#0"},
				"west": {"uv": [10, 2, 10.0625, 3.6875], "texture": "#0"},
				"up": {"uv": [12.5625, 3.125, 12.5, 3], "rotation": 270, "texture": "#0"},
				"down": {"uv": [3.5625, 12.5, 3.5, 12.625], "rotation": 90, "texture": "#0"}
			}
		},
		{
			"from": [8.2, 20.025, 9.2],
			"to": [8.5, 23.4, 9.35],
			"rotation": {"angle": 45, "axis": "y", "origin": [8.35, 19.91875, 8.25]},
			"faces": {
				"north": {"uv": [7.5, 2, 7.625, 3.6875], "texture": "#0"},
				"east": {"uv": [8.5, 9.5, 8.5625, 11.1875], "texture": "#0"},
				"south": {"uv": [2.5, 7.5, 2.625, 9.1875], "texture": "#0"},
				"west": {"uv": [8.5, 9.5, 8.5625, 11.1875], "texture": "#0"},
				"up": {"uv": [12.5625, 2.625, 12.5, 2.5], "rotation": 270, "texture": "#0"},
				"down": {"uv": [3.0625, 12.5, 3, 12.625], "rotation": 90, "texture": "#0"}
			}
		},
		{
			"from": [8.2, 15.525, 10.55],
			"to": [8.5, 18.9, 10.7],
			"rotation": {"angle": 45, "axis": "y", "origin": [8.35, 19.91875, 8.25]},
			"faces": {
				"north": {"uv": [5.5, 4, 5.625, 5.6875], "texture": "#0"},
				"east": {"uv": [4.5, 9, 4.5625, 10.6875], "texture": "#0"},
				"south": {"uv": [6, 0, 6.125, 1.6875], "texture": "#0"},
				"west": {"uv": [4.5, 9, 4.5625, 10.6875], "texture": "#0"},
				"up": {"uv": [10.5625, 12.125, 10.5, 12], "rotation": 270, "texture": "#0"},
				"down": {"uv": [12.0625, 10.5, 12, 10.625], "rotation": 90, "texture": "#0"}
			}
		},
		{
			"from": [8.15, 17.425, 9.5],
			"to": [8.55, 19.025, 9.65],
			"rotation": {"angle": 45, "axis": "y", "origin": [8.35, 19.91875, 8.25]},
			"faces": {
				"north": {"uv": [8, 3, 8.1875, 3.8125], "texture": "#0"},
				"east": {"uv": [0, 11, 0.0625, 11.8125], "texture": "#0"},
				"south": {"uv": [4, 8, 4.1875, 8.8125], "texture": "#0"},
				"west": {"uv": [0, 11, 0.0625, 11.8125], "texture": "#0"},
				"up": {"uv": [8.0625, 12.1875, 8, 12], "rotation": 270, "texture": "#0"},
				"down": {"uv": [12.0625, 8, 12, 8.1875], "rotation": 90, "texture": "#0"}
			}
		},
		{
			"from": [8.125, 17.45, 9.65],
			"to": [8.575, 18.525, 9.8],
			"rotation": {"angle": 45, "axis": "y", "origin": [8.35, 19.91875, 8.25]},
			"faces": {
				"north": {"uv": [6.5, 8, 6.75, 8.5625], "texture": "#0"},
				"east": {"uv": [11, 6.5, 11.0625, 7.0625], "texture": "#0"},
				"south": {"uv": [8, 6.5, 8.25, 7.0625], "texture": "#0"},
				"west": {"uv": [11, 6.5, 11.0625, 7.0625], "texture": "#0"},
				"up": {"uv": [4.0625, 12.25, 4, 12], "rotation": 270, "texture": "#0"},
				"down": {"uv": [12.0625, 4, 12, 4.25], "rotation": 90, "texture": "#0"}
			}
		},
		{
			"from": [8.1, 17.4, 9.2],
			"to": [8.6, 18.4, 9.35],
			"rotation": {"angle": 45, "axis": "y", "origin": [8.35, 19.91875, 8.25]},
			"faces": {
				"north": {"uv": [8.5, 5, 8.75, 5.5], "texture": "#0"},
				"east": {"uv": [11, 10.5, 11.0625, 11], "texture": "#0"},
				"south": {"uv": [8.5, 5.5, 8.75, 6], "texture": "#0"},
				"west": {"uv": [11, 10.5, 11.0625, 11], "texture": "#0"},
				"up": {"uv": [3.5625, 12.25, 3.5, 12], "rotation": 270, "texture": "#0"},
				"down": {"uv": [12.0625, 3.5, 12, 3.75], "rotation": 90, "texture": "#0"}
			}
		},
		{
			"from": [8.1, 17.4, 8.725],
			"to": [8.6, 18.35, 9.2],
			"rotation": {"angle": 45, "axis": "y", "origin": [8.35, 19.91875, 8.25]},
			"faces": {
				"north": {"uv": [8.5, 3.5, 8.75, 4], "texture": "#0"},
				"east": {"uv": [8.5, 4, 8.75, 4.5], "texture": "#0"},
				"south": {"uv": [8.5, 4.5, 8.75, 5], "texture": "#0"},
				"west": {"uv": [8.75, 4, 8.5, 4.5], "texture": "#0"},
				"up": {"uv": [10.75, 5.25, 10.5, 5], "rotation": 270, "texture": "#0"},
				"down": {"uv": [10.75, 5.5, 10.5, 5.75], "rotation": 90, "texture": "#0"}
			}
		},
		{
			"from": [8.2, 19.525, 9.35],
			"to": [8.5, 22.9, 9.5],
			"rotation": {"angle": 45, "axis": "y", "origin": [8.35, 19.91875, 8.25]},
			"faces": {
				"north": {"uv": [7, 6, 7.125, 7.6875], "texture": "#0"},
				"east": {"uv": [8, 9.5, 8.0625, 11.1875], "texture": "#0"},
				"south": {"uv": [7.5, 0, 7.625, 1.6875], "texture": "#0"},
				"west": {"uv": [8, 9.5, 8.0625, 11.1875], "texture": "#0"},
				"up": {"uv": [12.5625, 2.125, 12.5, 2], "rotation": 270, "texture": "#0"},
				"down": {"uv": [2.5625, 12.5, 2.5, 12.625], "rotation": 90, "texture": "#0"}
			}
		},
		{
			"from": [8.2, 19.025, 9.5],
			"to": [8.5, 22.4, 9.65],
			"rotation": {"angle": 45, "axis": "y", "origin": [8.35, 19.91875, 8.25]},
			"faces": {
				"north": {"uv": [7, 4, 7.125, 5.6875], "texture": "#0"},
				"east": {"uv": [9.5, 6, 9.5625, 7.6875], "texture": "#0"},
				"south": {"uv": [4.5, 7, 4.625, 8.6875], "texture": "#0"},
				"west": {"uv": [9.5, 6, 9.5625, 7.6875], "texture": "#0"},
				"up": {"uv": [12.5625, 1.625, 12.5, 1.5], "rotation": 270, "texture": "#0"},
				"down": {"uv": [2.0625, 12.5, 2, 12.625], "rotation": 90, "texture": "#0"}
			}
		},
		{
			"from": [8.2, 16.025, 10.4],
			"to": [8.5, 19.4, 10.55],
			"rotation": {"angle": 45, "axis": "y", "origin": [8.35, 19.91875, 8.25]},
			"faces": {
				"north": {"uv": [7, 0, 7.125, 1.6875], "texture": "#0"},
				"east": {"uv": [3.5, 9.5, 3.5625, 11.1875], "texture": "#0"},
				"south": {"uv": [7, 2, 7.125, 3.6875], "texture": "#0"},
				"west": {"uv": [3.5, 9.5, 3.5625, 11.1875], "texture": "#0"},
				"up": {"uv": [12.5625, 1.125, 12.5, 1], "rotation": 270, "texture": "#0"},
				"down": {"uv": [1.5625, 12.5, 1.5, 12.625], "rotation": 90, "texture": "#0"}
			}
		},
		{
			"from": [8.2, 16.525, 10.25],
			"to": [8.5, 19.9, 10.4],
			"rotation": {"angle": 45, "axis": "y", "origin": [8.35, 19.91875, 8.25]},
			"faces": {
				"north": {"uv": [6.5, 4, 6.625, 5.6875], "texture": "#0"},
				"east": {"uv": [2.5, 9.5, 2.5625, 11.1875], "texture": "#0"},
				"south": {"uv": [6.5, 6, 6.625, 7.6875], "texture": "#0"},
				"west": {"uv": [2.5, 9.5, 2.5625, 11.1875], "texture": "#0"},
				"up": {"uv": [12.5625, 0.625, 12.5, 0.5], "rotation": 270, "texture": "#0"},
				"down": {"uv": [1.0625, 12.5, 1, 12.625], "rotation": 90, "texture": "#0"}
			}
		},
		{
			"from": [8.2, 17.025, 10.1],
			"to": [8.5, 20.4, 10.25],
			"rotation": {"angle": 45, "axis": "y", "origin": [8.35, 19.91875, 8.25]},
			"faces": {
				"north": {"uv": [6.5, 0, 6.625, 1.6875], "texture": "#0"},
				"east": {"uv": [9.5, 0, 9.5625, 1.6875], "texture": "#0"},
				"south": {"uv": [6.5, 2, 6.625, 3.6875], "texture": "#0"},
				"west": {"uv": [9.5, 0, 9.5625, 1.6875], "texture": "#0"},
				"up": {"uv": [12.5625, 0.125, 12.5, 0], "rotation": 270, "texture": "#0"},
				"down": {"uv": [0.5625, 12.5, 0.5, 12.625], "rotation": 90, "texture": "#0"}
			}
		},
		{
			"from": [8.2, 17.525, 9.95],
			"to": [8.5, 20.9, 10.1],
			"rotation": {"angle": 45, "axis": "y", "origin": [8.35, 19.91875, 8.25]},
			"faces": {
				"north": {"uv": [5.5, 6, 5.625, 7.6875], "texture": "#0"},
				"east": {"uv": [7, 9, 7.0625, 10.6875], "texture": "#0"},
				"south": {"uv": [6, 6, 6.125, 7.6875], "texture": "#0"},
				"west": {"uv": [7, 9, 7.0625, 10.6875], "texture": "#0"},
				"up": {"uv": [12.0625, 12.125, 12, 12], "rotation": 270, "texture": "#0"},
				"down": {"uv": [0.0625, 12.5, 0, 12.625], "rotation": 90, "texture": "#0"}
			}
		},
		{
			"from": [8.2, 18.025, 9.8],
			"to": [8.5, 21.4, 9.95],
			"rotation": {"angle": 45, "axis": "y", "origin": [8.35, 19.91875, 8.25]},
			"faces": {
				"north": {"uv": [6, 4, 6.125, 5.6875], "texture": "#0"},
				"east": {"uv": [9, 6, 9.0625, 7.6875], "texture": "#0"},
				"south": {"uv": [5, 6, 5.125, 7.6875], "texture": "#0"},
				"west": {"uv": [9, 6, 9.0625, 7.6875], "texture": "#0"},
				"up": {"uv": [11.5625, 12.125, 11.5, 12], "rotation": 270, "texture": "#0"},
				"down": {"uv": [12.0625, 11.5, 12, 11.625], "rotation": 90, "texture": "#0"}
			}
		},
		{
			"from": [8.2, 18.525, 9.65],
			"to": [8.5, 21.9, 9.8],
			"rotation": {"angle": 45, "axis": "y", "origin": [8.35, 19.91875, 8.25]},
			"faces": {
				"north": {"uv": [2, 6, 2.125, 7.6875], "texture": "#0"},
				"east": {"uv": [5.5, 9, 5.5625, 10.6875], "texture": "#0"},
				"south": {"uv": [6, 2, 6.125, 3.6875], "texture": "#0"},
				"west": {"uv": [5.5, 9, 5.5625, 10.6875], "texture": "#0"},
				"up": {"uv": [11.0625, 12.125, 11, 12], "rotation": 270, "texture": "#0"},
				"down": {"uv": [12.0625, 11, 12, 11.125], "rotation": 90, "texture": "#0"}
			}
		},
		{
			"from": [8.2, 15.025, 10.7],
			"to": [8.5, 18.4, 10.85],
			"rotation": {"angle": 45, "axis": "y", "origin": [8.35, 19.91875, 8.25]},
			"faces": {
				"north": {"uv": [3.5, 5.5, 3.625, 7.1875], "texture": "#0"},
				"east": {"uv": [4, 9, 4.0625, 10.6875], "texture": "#0"},
				"south": {"uv": [4, 5.5, 4.125, 7.1875], "texture": "#0"},
				"west": {"uv": [4, 9, 4.0625, 10.6875], "texture": "#0"},
				"up": {"uv": [10.0625, 12.125, 10, 12], "rotation": 270, "texture": "#0"},
				"down": {"uv": [12.0625, 10, 12, 10.125], "rotation": 90, "texture": "#0"}
			}
		},
		{
			"from": [8.2, 14.525, 10.85],
			"to": [8.5, 17.9, 11],
			"rotation": {"angle": 45, "axis": "y", "origin": [8.35, 19.91875, 8.25]},
			"faces": {
				"north": {"uv": [2.5, 5.5, 2.625, 7.1875], "texture": "#0"},
				"east": {"uv": [2, 9, 2.0625, 10.6875], "texture": "#0"},
				"south": {"uv": [3, 5.5, 3.125, 7.1875], "texture": "#0"},
				"west": {"uv": [2, 9, 2.0625, 10.6875], "texture": "#0"},
				"up": {"uv": [9.5625, 12.125, 9.5, 12], "rotation": 270, "texture": "#0"},
				"down": {"uv": [12.0625, 9.5, 12, 9.625], "rotation": 90, "texture": "#0"}
			}
		},
		{
			"from": [8.125, 17.4, 9.35],
			"to": [8.575, 18.6, 9.5],
			"rotation": {"angle": 45, "axis": "y", "origin": [8.35, 19.91875, 8.25]},
			"faces": {
				"north": {"uv": [2, 8, 2.25, 8.625], "texture": "#0"},
				"east": {"uv": [11, 3, 11.0625, 3.625], "texture": "#0"},
				"south": {"uv": [8, 2, 8.25, 2.625], "texture": "#0"},
				"west": {"uv": [11, 3, 11.0625, 3.625], "texture": "#0"},
				"up": {"uv": [3.0625, 12.25, 3, 12], "rotation": 270, "texture": "#0"},
				"down": {"uv": [12.0625, 3, 12, 3.25], "rotation": 90, "texture": "#0"}
			}
		},
		{
			"from": [8.1, 17.5, 9.8],
			"to": [8.6, 18.025, 9.95],
			"rotation": {"angle": 45, "axis": "y", "origin": [8.35, 19.91875, 8.25]},
			"faces": {
				"north": {"uv": [10.5, 4, 10.75, 4.25], "texture": "#0"},
				"east": {"uv": [12, 2, 12.0625, 2.25], "texture": "#0"},
				"south": {"uv": [10.5, 4.5, 10.75, 4.75], "texture": "#0"},
				"west": {"uv": [12, 2, 12.0625, 2.25], "texture": "#0"},
				"up": {"uv": [2.5625, 12.25, 2.5, 12], "rotation": 270, "texture": "#0"},
				"down": {"uv": [12.0625, 2.5, 12, 2.75], "rotation": 90, "texture": "#0"}
			}
		},
		{
			"from": [8.85, 21.525, 8.1],
			"to": [9, 24.9, 8.4],
			"rotation": {"angle": 45, "axis": "y", "origin": [8.35, 19.91875, 8.25]},
			"faces": {
				"north": {"uv": [9, 0, 9.0625, 1.6875], "texture": "#0"},
				"east": {"uv": [4.5, 5, 4.625, 6.6875], "texture": "#0"},
				"south": {"uv": [9, 0, 9.0625, 1.6875], "texture": "#0"},
				"west": {"uv": [5, 4, 5.125, 5.6875], "texture": "#0"},
				"up": {"uv": [8.5625, 12.125, 8.5, 12], "rotation": 180, "texture": "#0"},
				"down": {"uv": [12.0625, 8.5, 12, 8.625], "rotation": 180, "texture": "#0"}
			}
		},
		{
			"from": [9, 21.025, 8.1],
			"to": [9.15, 24.4, 8.4],
			"rotation": {"angle": 45, "axis": "y", "origin": [8.35, 19.91875, 8.25]},
			"faces": {
				"north": {"uv": [1, 9, 1.0625, 10.6875], "texture": "#0"},
				"east": {"uv": [5.5, 2, 5.625, 3.6875], "texture": "#0"},
				"south": {"uv": [1, 9, 1.0625, 10.6875], "texture": "#0"},
				"west": {"uv": [5.5, 0, 5.625, 1.6875], "texture": "#0"},
				"up": {"uv": [9.0625, 12.125, 9, 12], "rotation": 180, "texture": "#0"},
				"down": {"uv": [12.0625, 9, 12, 9.125], "rotation": 180, "texture": "#0"}
			}
		},
		{
			"from": [9.15, 20.525, 8.1],
			"to": [9.3, 23.9, 8.4],
			"rotation": {"angle": 45, "axis": "y", "origin": [8.35, 19.91875, 8.25]},
			"faces": {
				"north": {"uv": [10, 2, 10.0625, 3.6875], "texture": "#0"},
				"east": {"uv": [3.5, 7.5, 3.625, 9.1875], "texture": "#0"},
				"south": {"uv": [10, 2, 10.0625, 3.6875], "texture": "#0"},
				"west": {"uv": [3, 7.5, 3.125, 9.1875], "texture": "#0"},
				"up": {"uv": [12.5625, 3.125, 12.5, 3], "rotation": 180, "texture": "#0"},
				"down": {"uv": [3.5625, 12.5, 3.5, 12.625], "rotation": 180, "texture": "#0"}
			}
		},
		{
			"from": [9.3, 20.025, 8.1],
			"to": [9.45, 23.4, 8.4],
			"rotation": {"angle": 45, "axis": "y", "origin": [8.35, 19.91875, 8.25]},
			"faces": {
				"north": {"uv": [8.5, 9.5, 8.5625, 11.1875], "texture": "#0"},
				"east": {"uv": [2.5, 7.5, 2.625, 9.1875], "texture": "#0"},
				"south": {"uv": [8.5, 9.5, 8.5625, 11.1875], "texture": "#0"},
				"west": {"uv": [7.5, 2, 7.625, 3.6875], "texture": "#0"},
				"up": {"uv": [12.5625, 2.625, 12.5, 2.5], "rotation": 180, "texture": "#0"},
				"down": {"uv": [3.0625, 12.5, 3, 12.625], "rotation": 180, "texture": "#0"}
			}
		},
		{
			"from": [10.65, 15.525, 8.1],
			"to": [10.8, 18.9, 8.4],
			"rotation": {"angle": 45, "axis": "y", "origin": [8.35, 19.91875, 8.25]},
			"faces": {
				"north": {"uv": [4.5, 9, 4.5625, 10.6875], "texture": "#0"},
				"east": {"uv": [6, 0, 6.125, 1.6875], "texture": "#0"},
				"south": {"uv": [4.5, 9, 4.5625, 10.6875], "texture": "#0"},
				"west": {"uv": [5.5, 4, 5.625, 5.6875], "texture": "#0"},
				"up": {"uv": [10.5625, 12.125, 10.5, 12], "rotation": 180, "texture": "#0"},
				"down": {"uv": [12.0625, 10.5, 12, 10.625], "rotation": 180, "texture": "#0"}
			}
		},
		{
			"from": [9.6, 17.425, 8.05],
			"to": [9.75, 19.025, 8.45],
			"rotation": {"angle": 45, "axis": "y", "origin": [8.35, 19.91875, 8.25]},
			"faces": {
				"north": {"uv": [0, 11, 0.0625, 11.8125], "texture": "#0"},
				"east": {"uv": [4, 8, 4.1875, 8.8125], "texture": "#0"},
				"south": {"uv": [0, 11, 0.0625, 11.8125], "texture": "#0"},
				"west": {"uv": [8, 3, 8.1875, 3.8125], "texture": "#0"},
				"up": {"uv": [8.0625, 12.1875, 8, 12], "rotation": 180, "texture": "#0"},
				"down": {"uv": [12.0625, 8, 12, 8.1875], "rotation": 180, "texture": "#0"}
			}
		},
		{
			"from": [9.75, 17.45, 8.025],
			"to": [9.9, 18.525, 8.475],
			"rotation": {"angle": 45, "axis": "y", "origin": [8.35, 19.91875, 8.25]},
			"faces": {
				"north": {"uv": [11, 6.5, 11.0625, 7.0625], "texture": "#0"},
				"east": {"uv": [8, 6.5, 8.25, 7.0625], "texture": "#0"},
				"south": {"uv": [11, 6.5, 11.0625, 7.0625], "texture": "#0"},
				"west": {"uv": [6.5, 8, 6.75, 8.5625], "texture": "#0"},
				"up": {"uv": [4.0625, 12.25, 4, 12], "rotation": 180, "texture": "#0"},
				"down": {"uv": [12.0625, 4, 12, 4.25], "rotation": 180, "texture": "#0"}
			}
		},
		{
			"from": [9.3, 17.4, 8],
			"to": [9.45, 18.4, 8.5],
			"rotation": {"angle": 45, "axis": "y", "origin": [8.35, 19.91875, 8.25]},
			"faces": {
				"north": {"uv": [11, 10.5, 11.0625, 11], "texture": "#0"},
				"east": {"uv": [8.5, 5.5, 8.75, 6], "texture": "#0"},
				"south": {"uv": [11, 10.5, 11.0625, 11], "texture": "#0"},
				"west": {"uv": [8.5, 5, 8.75, 5.5], "texture": "#0"},
				"up": {"uv": [3.5625, 12.25, 3.5, 12], "rotation": 180, "texture": "#0"},
				"down": {"uv": [12.0625, 3.5, 12, 3.75], "rotation": 180, "texture": "#0"}
			}
		},
		{
			"from": [8.825, 17.4, 8],
			"to": [9.3, 18.35, 8.5],
			"rotation": {"angle": 45, "axis": "y", "origin": [8.35, 19.91875, 8.25]},
			"faces": {
				"north": {"uv": [8.5, 4, 8.75, 4.5], "texture": "#0"},
				"east": {"uv": [8.5, 4.5, 8.75, 5], "texture": "#0"},
				"south": {"uv": [8.75, 4, 8.5, 4.5], "texture": "#0"},
				"west": {"uv": [8.5, 3.5, 8.75, 4], "texture": "#0"},
				"up": {"uv": [10.75, 5.25, 10.5, 5], "rotation": 180, "texture": "#0"},
				"down": {"uv": [10.75, 5.5, 10.5, 5.75], "rotation": 180, "texture": "#0"}
			}
		},
		{
			"from": [9.45, 19.525, 8.1],
			"to": [9.6, 22.9, 8.4],
			"rotation": {"angle": 45, "axis": "y", "origin": [8.35, 19.91875, 8.25]},
			"faces": {
				"north": {"uv": [8, 9.5, 8.0625, 11.1875], "texture": "#0"},
				"east": {"uv": [7.5, 0, 7.625, 1.6875], "texture": "#0"},
				"south": {"uv": [8, 9.5, 8.0625, 11.1875], "texture": "#0"},
				"west": {"uv": [7, 6, 7.125, 7.6875], "texture": "#0"},
				"up": {"uv": [12.5625, 2.125, 12.5, 2], "rotation": 180, "texture": "#0"},
				"down": {"uv": [2.5625, 12.5, 2.5, 12.625], "rotation": 180, "texture": "#0"}
			}
		},
		{
			"from": [9.6, 19.025, 8.1],
			"to": [9.75, 22.4, 8.4],
			"rotation": {"angle": 45, "axis": "y", "origin": [8.35, 19.91875, 8.25]},
			"faces": {
				"north": {"uv": [9.5, 6, 9.5625, 7.6875], "texture": "#0"},
				"east": {"uv": [4.5, 7, 4.625, 8.6875], "texture": "#0"},
				"south": {"uv": [9.5, 6, 9.5625, 7.6875], "texture": "#0"},
				"west": {"uv": [7, 4, 7.125, 5.6875], "texture": "#0"},
				"up": {"uv": [12.5625, 1.625, 12.5, 1.5], "rotation": 180, "texture": "#0"},
				"down": {"uv": [2.0625, 12.5, 2, 12.625], "rotation": 180, "texture": "#0"}
			}
		},
		{
			"from": [10.5, 16.025, 8.1],
			"to": [10.65, 19.4, 8.4],
			"rotation": {"angle": 45, "axis": "y", "origin": [8.35, 19.91875, 8.25]},
			"faces": {
				"north": {"uv": [3.5, 9.5, 3.5625, 11.1875], "texture": "#0"},
				"east": {"uv": [7, 2, 7.125, 3.6875], "texture": "#0"},
				"south": {"uv": [3.5, 9.5, 3.5625, 11.1875], "texture": "#0"},
				"west": {"uv": [7, 0, 7.125, 1.6875], "texture": "#0"},
				"up": {"uv": [12.5625, 1.125, 12.5, 1], "rotation": 180, "texture": "#0"},
				"down": {"uv": [1.5625, 12.5, 1.5, 12.625], "rotation": 180, "texture": "#0"}
			}
		},
		{
			"from": [10.35, 16.525, 8.1],
			"to": [10.5, 19.9, 8.4],
			"rotation": {"angle": 45, "axis": "y", "origin": [8.35, 19.91875, 8.25]},
			"faces": {
				"north": {"uv": [2.5, 9.5, 2.5625, 11.1875], "texture": "#0"},
				"east": {"uv": [6.5, 6, 6.625, 7.6875], "texture": "#0"},
				"south": {"uv": [2.5, 9.5, 2.5625, 11.1875], "texture": "#0"},
				"west": {"uv": [6.5, 4, 6.625, 5.6875], "texture": "#0"},
				"up": {"uv": [12.5625, 0.625, 12.5, 0.5], "rotation": 180, "texture": "#0"},
				"down": {"uv": [1.0625, 12.5, 1, 12.625], "rotation": 180, "texture": "#0"}
			}
		},
		{
			"from": [10.2, 17.025, 8.1],
			"to": [10.35, 20.4, 8.4],
			"rotation": {"angle": 45, "axis": "y", "origin": [8.35, 19.91875, 8.25]},
			"faces": {
				"north": {"uv": [9.5, 0, 9.5625, 1.6875], "texture": "#0"},
				"east": {"uv": [6.5, 2, 6.625, 3.6875], "texture": "#0"},
				"south": {"uv": [9.5, 0, 9.5625, 1.6875], "texture": "#0"},
				"west": {"uv": [6.5, 0, 6.625, 1.6875], "texture": "#0"},
				"up": {"uv": [12.5625, 0.125, 12.5, 0], "rotation": 180, "texture": "#0"},
				"down": {"uv": [0.5625, 12.5, 0.5, 12.625], "rotation": 180, "texture": "#0"}
			}
		},
		{
			"from": [10.05, 17.525, 8.1],
			"to": [10.2, 20.9, 8.4],
			"rotation": {"angle": 45, "axis": "y", "origin": [8.35, 19.91875, 8.25]},
			"faces": {
				"north": {"uv": [7, 9, 7.0625, 10.6875], "texture": "#0"},
				"east": {"uv": [6, 6, 6.125, 7.6875], "texture": "#0"},
				"south": {"uv": [7, 9, 7.0625, 10.6875], "texture": "#0"},
				"west": {"uv": [5.5, 6, 5.625, 7.6875], "texture": "#0"},
				"up": {"uv": [12.0625, 12.125, 12, 12], "rotation": 180, "texture": "#0"},
				"down": {"uv": [0.0625, 12.5, 0, 12.625], "rotation": 180, "texture": "#0"}
			}
		},
		{
			"from": [9.9, 18.025, 8.1],
			"to": [10.05, 21.4, 8.4],
			"rotation": {"angle": 45, "axis": "y", "origin": [8.35, 19.91875, 8.25]},
			"faces": {
				"north": {"uv": [9, 6, 9.0625, 7.6875], "texture": "#0"},
				"east": {"uv": [5, 6, 5.125, 7.6875], "texture": "#0"},
				"south": {"uv": [9, 6, 9.0625, 7.6875], "texture": "#0"},
				"west": {"uv": [6, 4, 6.125, 5.6875], "texture": "#0"},
				"up": {"uv": [11.5625, 12.125, 11.5, 12], "rotation": 180, "texture": "#0"},
				"down": {"uv": [12.0625, 11.5, 12, 11.625], "rotation": 180, "texture": "#0"}
			}
		},
		{
			"from": [9.75, 18.525, 8.1],
			"to": [9.9, 21.9, 8.4],
			"rotation": {"angle": 45, "axis": "y", "origin": [8.35, 19.91875, 8.25]},
			"faces": {
				"north": {"uv": [5.5, 9, 5.5625, 10.6875], "texture": "#0"},
				"east": {"uv": [6, 2, 6.125, 3.6875], "texture": "#0"},
				"south": {"uv": [5.5, 9, 5.5625, 10.6875], "texture": "#0"},
				"west": {"uv": [2, 6, 2.125, 7.6875], "texture": "#0"},
				"up": {"uv": [11.0625, 12.125, 11, 12], "rotation": 180, "texture": "#0"},
				"down": {"uv": [12.0625, 11, 12, 11.125], "rotation": 180, "texture": "#0"}
			}
		},
		{
			"from": [10.8, 15.025, 8.1],
			"to": [10.95, 18.4, 8.4],
			"rotation": {"angle": 45, "axis": "y", "origin": [8.35, 19.91875, 8.25]},
			"faces": {
				"north": {"uv": [4, 9, 4.0625, 10.6875], "texture": "#0"},
				"east": {"uv": [4, 5.5, 4.125, 7.1875], "texture": "#0"},
				"south": {"uv": [4, 9, 4.0625, 10.6875], "texture": "#0"},
				"west": {"uv": [3.5, 5.5, 3.625, 7.1875], "texture": "#0"},
				"up": {"uv": [10.0625, 12.125, 10, 12], "rotation": 180, "texture": "#0"},
				"down": {"uv": [12.0625, 10, 12, 10.125], "rotation": 180, "texture": "#0"}
			}
		},
		{
			"from": [10.95, 14.525, 8.1],
			"to": [11.1, 17.9, 8.4],
			"rotation": {"angle": 45, "axis": "y", "origin": [8.35, 19.91875, 8.25]},
			"faces": {
				"north": {"uv": [2, 9, 2.0625, 10.6875], "texture": "#0"},
				"east": {"uv": [3, 5.5, 3.125, 7.1875], "texture": "#0"},
				"south": {"uv": [2, 9, 2.0625, 10.6875], "texture": "#0"},
				"west": {"uv": [2.5, 5.5, 2.625, 7.1875], "texture": "#0"},
				"up": {"uv": [9.5625, 12.125, 9.5, 12], "rotation": 180, "texture": "#0"},
				"down": {"uv": [12.0625, 9.5, 12, 9.625], "rotation": 180, "texture": "#0"}
			}
		},
		{
			"from": [9.45, 17.4, 8.025],
			"to": [9.6, 18.6, 8.475],
			"rotation": {"angle": 45, "axis": "y", "origin": [8.35, 19.91875, 8.25]},
			"faces": {
				"north": {"uv": [11, 3, 11.0625, 3.625], "texture": "#0"},
				"east": {"uv": [8, 2, 8.25, 2.625], "texture": "#0"},
				"south": {"uv": [11, 3, 11.0625, 3.625], "texture": "#0"},
				"west": {"uv": [2, 8, 2.25, 8.625], "texture": "#0"},
				"up": {"uv": [3.0625, 12.25, 3, 12], "rotation": 180, "texture": "#0"},
				"down": {"uv": [12.0625, 3, 12, 3.25], "rotation": 180, "texture": "#0"}
			}
		},
		{
			"from": [9.9, 17.5, 8],
			"to": [10.05, 18.025, 8.5],
			"rotation": {"angle": 45, "axis": "y", "origin": [8.35, 19.91875, 8.25]},
			"faces": {
				"north": {"uv": [12, 2, 12.0625, 2.25], "texture": "#0"},
				"east": {"uv": [10.5, 4.5, 10.75, 4.75], "texture": "#0"},
				"south": {"uv": [12, 2, 12.0625, 2.25], "texture": "#0"},
				"west": {"uv": [10.5, 4, 10.75, 4.25], "texture": "#0"},
				"up": {"uv": [2.5625, 12.25, 2.5, 12], "rotation": 180, "texture": "#0"},
				"down": {"uv": [12.0625, 2.5, 12, 2.75], "rotation": 180, "texture": "#0"}
			}
		},
		{
			"from": [8.2, 21.525, 7.6],
			"to": [8.5, 24.9, 7.75],
			"rotation": {"angle": 45, "axis": "y", "origin": [8.35, 19.91875, 8.25]},
			"faces": {
				"north": {"uv": [4.5, 5, 4.625, 6.6875], "texture": "#0"},
				"east": {"uv": [9, 0, 9.0625, 1.6875], "texture": "#0"},
				"south": {"uv": [5, 4, 5.125, 5.6875], "texture": "#0"},
				"west": {"uv": [9, 0, 9.0625, 1.6875], "texture": "#0"},
				"up": {"uv": [8.5625, 12.125, 8.5, 12], "rotation": 90, "texture": "#0"},
				"down": {"uv": [12.0625, 8.5, 12, 8.625], "rotation": 270, "texture": "#0"}
			}
		},
		{
			"from": [8.2, 21.025, 7.45],
			"to": [8.5, 24.4, 7.6],
			"rotation": {"angle": 45, "axis": "y", "origin": [8.35, 19.91875, 8.25]},
			"faces": {
				"north": {"uv": [5.5, 2, 5.625, 3.6875], "texture": "#0"},
				"east": {"uv": [1, 9, 1.0625, 10.6875], "texture": "#0"},
				"south": {"uv": [5.5, 0, 5.625, 1.6875], "texture": "#0"},
				"west": {"uv": [1, 9, 1.0625, 10.6875], "texture": "#0"},
				"up": {"uv": [9.0625, 12.125, 9, 12], "rotation": 90, "texture": "#0"},
				"down": {"uv": [12.0625, 9, 12, 9.125], "rotation": 270, "texture": "#0"}
			}
		},
		{
			"from": [8.2, 20.525, 7.3],
			"to": [8.5, 23.9, 7.45],
			"rotation": {"angle": 45, "axis": "y", "origin": [8.35, 19.91875, 8.25]},
			"faces": {
				"north": {"uv": [3.5, 7.5, 3.625, 9.1875], "texture": "#0"},
				"east": {"uv": [10, 2, 10.0625, 3.6875], "texture": "#0"},
				"south": {"uv": [3, 7.5, 3.125, 9.1875], "texture": "#0"},
				"west": {"uv": [10, 2, 10.0625, 3.6875], "texture": "#0"},
				"up": {"uv": [12.5625, 3.125, 12.5, 3], "rotation": 90, "texture": "#0"},
				"down": {"uv": [3.5625, 12.5, 3.5, 12.625], "rotation": 270, "texture": "#0"}
			}
		},
		{
			"from": [8.2, 20.025, 7.15],
			"to": [8.5, 23.4, 7.3],
			"rotation": {"angle": 45, "axis": "y", "origin": [8.35, 19.91875, 8.25]},
			"faces": {
				"north": {"uv": [2.5, 7.5, 2.625, 9.1875], "texture": "#0"},
				"east": {"uv": [8.5, 9.5, 8.5625, 11.1875], "texture": "#0"},
				"south": {"uv": [7.5, 2, 7.625, 3.6875], "texture": "#0"},
				"west": {"uv": [8.5, 9.5, 8.5625, 11.1875], "texture": "#0"},
				"up": {"uv": [12.5625, 2.625, 12.5, 2.5], "rotation": 90, "texture": "#0"},
				"down": {"uv": [3.0625, 12.5, 3, 12.625], "rotation": 270, "texture": "#0"}
			}
		},
		{
			"from": [8.2, 15.525, 5.8],
			"to": [8.5, 18.9, 5.95],
			"rotation": {"angle": 45, "axis": "y", "origin": [8.35, 19.91875, 8.25]},
			"faces": {
				"north": {"uv": [6, 0, 6.125, 1.6875], "texture": "#0"},
				"east": {"uv": [4.5, 9, 4.5625, 10.6875], "texture": "#0"},
				"south": {"uv": [5.5, 4, 5.625, 5.6875], "texture": "#0"},
				"west": {"uv": [4.5, 9, 4.5625, 10.6875], "texture": "#0"},
				"up": {"uv": [10.5625, 12.125, 10.5, 12], "rotation": 90, "texture": "#0"},
				"down": {"uv": [12.0625, 10.5, 12, 10.625], "rotation": 270, "texture": "#0"}
			}
		},
		{
			"from": [8.15, 17.425, 6.85],
			"to": [8.55, 19.025, 7],
			"rotation": {"angle": 45, "axis": "y", "origin": [8.35, 19.91875, 8.25]},
			"faces": {
				"north": {"uv": [4, 8, 4.1875, 8.8125], "texture": "#0"},
				"east": {"uv": [0, 11, 0.0625, 11.8125], "texture": "#0"},
				"south": {"uv": [8, 3, 8.1875, 3.8125], "texture": "#0"},
				"west": {"uv": [0, 11, 0.0625, 11.8125], "texture": "#0"},
				"up": {"uv": [8.0625, 12.1875, 8, 12], "rotation": 90, "texture": "#0"},
				"down": {"uv": [12.0625, 8, 12, 8.1875], "rotation": 270, "texture": "#0"}
			}
		},
		{
			"from": [8.125, 17.45, 6.7],
			"to": [8.575, 18.525, 6.85],
			"rotation": {"angle": 45, "axis": "y", "origin": [8.35, 19.91875, 8.25]},
			"faces": {
				"north": {"uv": [8, 6.5, 8.25, 7.0625], "texture": "#0"},
				"east": {"uv": [11, 6.5, 11.0625, 7.0625], "texture": "#0"},
				"south": {"uv": [6.5, 8, 6.75, 8.5625], "texture": "#0"},
				"west": {"uv": [11, 6.5, 11.0625, 7.0625], "texture": "#0"},
				"up": {"uv": [4.0625, 12.25, 4, 12], "rotation": 90, "texture": "#0"},
				"down": {"uv": [12.0625, 4, 12, 4.25], "rotation": 270, "texture": "#0"}
			}
		},
		{
			"from": [8.1, 17.4, 7.15],
			"to": [8.6, 18.4, 7.3],
			"rotation": {"angle": 45, "axis": "y", "origin": [8.35, 19.91875, 8.25]},
			"faces": {
				"north": {"uv": [8.5, 5.5, 8.75, 6], "texture": "#0"},
				"east": {"uv": [11, 10.5, 11.0625, 11], "texture": "#0"},
				"south": {"uv": [8.5, 5, 8.75, 5.5], "texture": "#0"},
				"west": {"uv": [11, 10.5, 11.0625, 11], "texture": "#0"},
				"up": {"uv": [3.5625, 12.25, 3.5, 12], "rotation": 90, "texture": "#0"},
				"down": {"uv": [12.0625, 3.5, 12, 3.75], "rotation": 270, "texture": "#0"}
			}
		},
		{
			"from": [8.1, 17.4, 7.3],
			"to": [8.6, 18.35, 7.775],
			"rotation": {"angle": 45, "axis": "y", "origin": [8.35, 19.91875, 8.25]},
			"faces": {
				"north": {"uv": [8.5, 4.5, 8.75, 5], "texture": "#0"},
				"east": {"uv": [8.75, 4, 8.5, 4.5], "texture": "#0"},
				"south": {"uv": [8.5, 3.5, 8.75, 4], "texture": "#0"},
				"west": {"uv": [8.5, 4, 8.75, 4.5], "texture": "#0"},
				"up": {"uv": [10.75, 5.25, 10.5, 5], "rotation": 90, "texture": "#0"},
				"down": {"uv": [10.75, 5.5, 10.5, 5.75], "rotation": 270, "texture": "#0"}
			}
		},
		{
			"from": [8.2, 19.525, 7],
			"to": [8.5, 22.9, 7.15],
			"rotation": {"angle": 45, "axis": "y", "origin": [8.35, 19.91875, 8.25]},
			"faces": {
				"north": {"uv": [7.5, 0, 7.625, 1.6875], "texture": "#0"},
				"east": {"uv": [8, 9.5, 8.0625, 11.1875], "texture": "#0"},
				"south": {"uv": [7, 6, 7.125, 7.6875], "texture": "#0"},
				"west": {"uv": [8, 9.5, 8.0625, 11.1875], "texture": "#0"},
				"up": {"uv": [12.5625, 2.125, 12.5, 2], "rotation": 90, "texture": "#0"},
				"down": {"uv": [2.5625, 12.5, 2.5, 12.625], "rotation": 270, "texture": "#0"}
			}
		},
		{
			"from": [8.2, 19.025, 6.85],
			"to": [8.5, 22.4, 7],
			"rotation": {"angle": 45, "axis": "y", "origin": [8.35, 19.91875, 8.25]},
			"faces": {
				"north": {"uv": [4.5, 7, 4.625, 8.6875], "texture": "#0"},
				"east": {"uv": [9.5, 6, 9.5625, 7.6875], "texture": "#0"},
				"south": {"uv": [7, 4, 7.125, 5.6875], "texture": "#0"},
				"west": {"uv": [9.5, 6, 9.5625, 7.6875], "texture": "#0"},
				"up": {"uv": [12.5625, 1.625, 12.5, 1.5], "rotation": 90, "texture": "#0"},
				"down": {"uv": [2.0625, 12.5, 2, 12.625], "rotation": 270, "texture": "#0"}
			}
		},
		{
			"from": [8.2, 16.025, 5.95],
			"to": [8.5, 19.4, 6.1],
			"rotation": {"angle": 45, "axis": "y", "origin": [8.35, 19.91875, 8.25]},
			"faces": {
				"north": {"uv": [7, 2, 7.125, 3.6875], "texture": "#0"},
				"east": {"uv": [3.5, 9.5, 3.5625, 11.1875], "texture": "#0"},
				"south": {"uv": [7, 0, 7.125, 1.6875], "texture": "#0"},
				"west": {"uv": [3.5, 9.5, 3.5625, 11.1875], "texture": "#0"},
				"up": {"uv": [12.5625, 1.125, 12.5, 1], "rotation": 90, "texture": "#0"},
				"down": {"uv": [1.5625, 12.5, 1.5, 12.625], "rotation": 270, "texture": "#0"}
			}
		},
		{
			"from": [8.2, 16.525, 6.1],
			"to": [8.5, 19.9, 6.25],
			"rotation": {"angle": 45, "axis": "y", "origin": [8.35, 19.91875, 8.25]},
			"faces": {
				"north": {"uv": [6.5, 6, 6.625, 7.6875], "texture": "#0"},
				"east": {"uv": [2.5, 9.5, 2.5625, 11.1875], "texture": "#0"},
				"south": {"uv": [6.5, 4, 6.625, 5.6875], "texture": "#0"},
				"west": {"uv": [2.5, 9.5, 2.5625, 11.1875], "texture": "#0"},
				"up": {"uv": [12.5625, 0.625, 12.5, 0.5], "rotation": 90, "texture": "#0"},
				"down": {"uv": [1.0625, 12.5, 1, 12.625], "rotation": 270, "texture": "#0"}
			}
		},
		{
			"from": [8.2, 17.025, 6.25],
			"to": [8.5, 20.4, 6.4],
			"rotation": {"angle": 45, "axis": "y", "origin": [8.35, 19.91875, 8.25]},
			"faces": {
				"north": {"uv": [6.5, 2, 6.625, 3.6875], "texture": "#0"},
				"east": {"uv": [9.5, 0, 9.5625, 1.6875], "texture": "#0"},
				"south": {"uv": [6.5, 0, 6.625, 1.6875], "texture": "#0"},
				"west": {"uv": [9.5, 0, 9.5625, 1.6875], "texture": "#0"},
				"up": {"uv": [12.5625, 0.125, 12.5, 0], "rotation": 90, "texture": "#0"},
				"down": {"uv": [0.5625, 12.5, 0.5, 12.625], "rotation": 270, "texture": "#0"}
			}
		},
		{
			"from": [8.2, 17.525, 6.4],
			"to": [8.5, 20.9, 6.55],
			"rotation": {"angle": 45, "axis": "y", "origin": [8.35, 19.91875, 8.25]},
			"faces": {
				"north": {"uv": [6, 6, 6.125, 7.6875], "texture": "#0"},
				"east": {"uv": [7, 9, 7.0625, 10.6875], "texture": "#0"},
				"south": {"uv": [5.5, 6, 5.625, 7.6875], "texture": "#0"},
				"west": {"uv": [7, 9, 7.0625, 10.6875], "texture": "#0"},
				"up": {"uv": [12.0625, 12.125, 12, 12], "rotation": 90, "texture": "#0"},
				"down": {"uv": [0.0625, 12.5, 0, 12.625], "rotation": 270, "texture": "#0"}
			}
		},
		{
			"from": [8.2, 18.025, 6.55],
			"to": [8.5, 21.4, 6.7],
			"rotation": {"angle": 45, "axis": "y", "origin": [8.35, 19.91875, 8.25]},
			"faces": {
				"north": {"uv": [5, 6, 5.125, 7.6875], "texture": "#0"},
				"east": {"uv": [9, 6, 9.0625, 7.6875], "texture": "#0"},
				"south": {"uv": [6, 4, 6.125, 5.6875], "texture": "#0"},
				"west": {"uv": [9, 6, 9.0625, 7.6875], "texture": "#0"},
				"up": {"uv": [11.5625, 12.125, 11.5, 12], "rotation": 90, "texture": "#0"},
				"down": {"uv": [12.0625, 11.5, 12, 11.625], "rotation": 270, "texture": "#0"}
			}
		},
		{
			"from": [8.2, 18.525, 6.7],
			"to": [8.5, 21.9, 6.85],
			"rotation": {"angle": 45, "axis": "y", "origin": [8.35, 19.91875, 8.25]},
			"faces": {
				"north": {"uv": [6, 2, 6.125, 3.6875], "texture": "#0"},
				"east": {"uv": [5.5, 9, 5.5625, 10.6875], "texture": "#0"},
				"south": {"uv": [2, 6, 2.125, 7.6875], "texture": "#0"},
				"west": {"uv": [5.5, 9, 5.5625, 10.6875], "texture": "#0"},
				"up": {"uv": [11.0625, 12.125, 11, 12], "rotation": 90, "texture": "#0"},
				"down": {"uv": [12.0625, 11, 12, 11.125], "rotation": 270, "texture": "#0"}
			}
		},
		{
			"from": [8.2, 15.025, 5.65],
			"to": [8.5, 18.4, 5.8],
			"rotation": {"angle": 45, "axis": "y", "origin": [8.35, 19.91875, 8.25]},
			"faces": {
				"north": {"uv": [4, 5.5, 4.125, 7.1875], "texture": "#0"},
				"east": {"uv": [4, 9, 4.0625, 10.6875], "texture": "#0"},
				"south": {"uv": [3.5, 5.5, 3.625, 7.1875], "texture": "#0"},
				"west": {"uv": [4, 9, 4.0625, 10.6875], "texture": "#0"},
				"up": {"uv": [10.0625, 12.125, 10, 12], "rotation": 90, "texture": "#0"},
				"down": {"uv": [12.0625, 10, 12, 10.125], "rotation": 270, "texture": "#0"}
			}
		},
		{
			"from": [8.2, 14.525, 5.5],
			"to": [8.5, 17.9, 5.65],
			"rotation": {"angle": 45, "axis": "y", "origin": [8.35, 19.91875, 8.25]},
			"faces": {
				"north": {"uv": [3, 5.5, 3.125, 7.1875], "texture": "#0"},
				"east": {"uv": [2, 9, 2.0625, 10.6875], "texture": "#0"},
				"south": {"uv": [2.5, 5.5, 2.625, 7.1875], "texture": "#0"},
				"west": {"uv": [2, 9, 2.0625, 10.6875], "texture": "#0"},
				"up": {"uv": [9.5625, 12.125, 9.5, 12], "rotation": 90, "texture": "#0"},
				"down": {"uv": [12.0625, 9.5, 12, 9.625], "rotation": 270, "texture": "#0"}
			}
		},
		{
			"from": [8.125, 17.4, 7],
			"to": [8.575, 18.6, 7.15],
			"rotation": {"angle": 45, "axis": "y", "origin": [8.35, 19.91875, 8.25]},
			"faces": {
				"north": {"uv": [8, 2, 8.25, 2.625], "texture": "#0"},
				"east": {"uv": [11, 3, 11.0625, 3.625], "texture": "#0"},
				"south": {"uv": [2, 8, 2.25, 8.625], "texture": "#0"},
				"west": {"uv": [11, 3, 11.0625, 3.625], "texture": "#0"},
				"up": {"uv": [3.0625, 12.25, 3, 12], "rotation": 90, "texture": "#0"},
				"down": {"uv": [12.0625, 3, 12, 3.25], "rotation": 270, "texture": "#0"}
			}
		},
		{
			"from": [8.1, 17.5, 6.55],
			"to": [8.6, 18.025, 6.7],
			"rotation": {"angle": 45, "axis": "y", "origin": [8.35, 19.91875, 8.25]},
			"faces": {
				"north": {"uv": [10.5, 4.5, 10.75, 4.75], "texture": "#0"},
				"east": {"uv": [12, 2, 12.0625, 2.25], "texture": "#0"},
				"south": {"uv": [10.5, 4, 10.75, 4.25], "texture": "#0"},
				"west": {"uv": [12, 2, 12.0625, 2.25], "texture": "#0"},
				"up": {"uv": [2.5625, 12.25, 2.5, 12], "rotation": 90, "texture": "#0"},
				"down": {"uv": [12.0625, 2.5, 12, 2.75], "rotation": 270, "texture": "#0"}
			}
		},
		{
			"from": [7.9, 0.05, 7.775],
			"to": [8.85, 0.2, 8.725],
			"rotation": {"angle": 0, "axis": "y", "origin": [-0.025, 0, 0]},
			"faces": {
				"north": {"uv": [2, 11.5, 2.5, 11.5625], "texture": "#0"},
				"east": {"uv": [2, 11.5, 2.5, 11.5625], "texture": "#0"},
				"south": {"uv": [2, 11.5, 2.5, 11.5625], "texture": "#0"},
				"west": {"uv": [2, 11.5, 2.5, 11.5625], "texture": "#0"},
				"up": {"uv": [3, 4.5, 2.5, 4], "texture": "#0"},
				"down": {"uv": [4.5, 2.5, 4, 3], "texture": "#0"}
			}
		},
		{
			"from": [7.9, 0.35, 7.775],
			"to": [8.85, 0.5, 8.725],
			"rotation": {"angle": 0, "axis": "y", "origin": [-0.025, 0, 0]},
			"faces": {
				"north": {"uv": [2, 11.5, 2.5, 11.5625], "texture": "#0"},
				"east": {"uv": [2, 11.5, 2.5, 11.5625], "texture": "#0"},
				"south": {"uv": [2, 11.5, 2.5, 11.5625], "texture": "#0"},
				"west": {"uv": [2, 11.5, 2.5, 11.5625], "texture": "#0"},
				"up": {"uv": [3, 4.5, 2.5, 4], "texture": "#0"},
				"down": {"uv": [4.5, 2.5, 4, 3], "texture": "#0"}
			}
		},
		{
			"from": [7.9, 0.625, 7.775],
			"to": [8.85, 0.775, 8.725],
			"rotation": {"angle": 0, "axis": "y", "origin": [-0.025, 0, 0]},
			"faces": {
				"north": {"uv": [2, 11.5, 2.5, 11.5625], "texture": "#0"},
				"east": {"uv": [2, 11.5, 2.5, 11.5625], "texture": "#0"},
				"south": {"uv": [2, 11.5, 2.5, 11.5625], "texture": "#0"},
				"west": {"uv": [2, 11.5, 2.5, 11.5625], "texture": "#0"},
				"up": {"uv": [3, 4.5, 2.5, 4], "texture": "#0"},
				"down": {"uv": [4.5, 2.5, 4, 3], "texture": "#0"}
			}
		},
		{
			"from": [7.9, 0.925, 7.775],
			"to": [8.85, 1.075, 8.725],
			"rotation": {"angle": 0, "axis": "y", "origin": [-0.025, 0, 0]},
			"faces": {
				"north": {"uv": [2, 11.5, 2.5, 11.5625], "texture": "#0"},
				"east": {"uv": [2, 11.5, 2.5, 11.5625], "texture": "#0"},
				"south": {"uv": [2, 11.5, 2.5, 11.5625], "texture": "#0"},
				"west": {"uv": [2, 11.5, 2.5, 11.5625], "texture": "#0"},
				"up": {"uv": [3, 4.5, 2.5, 4], "texture": "#0"},
				"down": {"uv": [4.5, 2.5, 4, 3], "texture": "#0"}
			}
		},
		{
			"from": [7.9, 1.2, 7.775],
			"to": [8.85, 1.35, 8.725],
			"rotation": {"angle": 0, "axis": "y", "origin": [-0.025, 0, 0]},
			"faces": {
				"north": {"uv": [2, 11.5, 2.5, 11.5625], "texture": "#0"},
				"east": {"uv": [2, 11.5, 2.5, 11.5625], "texture": "#0"},
				"south": {"uv": [2, 11.5, 2.5, 11.5625], "texture": "#0"},
				"west": {"uv": [2, 11.5, 2.5, 11.5625], "texture": "#0"},
				"up": {"uv": [3, 4.5, 2.5, 4], "texture": "#0"},
				"down": {"uv": [4.5, 2.5, 4, 3], "texture": "#0"}
			}
		},
		{
			"from": [7.9, 1.5, 7.775],
			"to": [8.85, 1.65, 8.725],
			"rotation": {"angle": 0, "axis": "y", "origin": [-0.025, 0, 0]},
			"faces": {
				"north": {"uv": [2, 11.5, 2.5, 11.5625], "texture": "#0"},
				"east": {"uv": [2, 11.5, 2.5, 11.5625], "texture": "#0"},
				"south": {"uv": [2, 11.5, 2.5, 11.5625], "texture": "#0"},
				"west": {"uv": [2, 11.5, 2.5, 11.5625], "texture": "#0"},
				"up": {"uv": [3, 4.5, 2.5, 4], "texture": "#0"},
				"down": {"uv": [4.5, 2.5, 4, 3], "texture": "#0"}
			}
		},
		{
			"from": [7.9, 1.8, 7.775],
			"to": [8.85, 1.95, 8.725],
			"rotation": {"angle": 0, "axis": "y", "origin": [-0.025, 0, 0]},
			"faces": {
				"north": {"uv": [2, 11.5, 2.5, 11.5625], "texture": "#0"},
				"east": {"uv": [2, 11.5, 2.5, 11.5625], "texture": "#0"},
				"south": {"uv": [2, 11.5, 2.5, 11.5625], "texture": "#0"},
				"west": {"uv": [2, 11.5, 2.5, 11.5625], "texture": "#0"},
				"up": {"uv": [3, 4.5, 2.5, 4], "texture": "#0"},
				"down": {"uv": [4.5, 2.5, 4, 3], "texture": "#0"}
			}
		},
		{
			"from": [7.9, 2.1, 7.775],
			"to": [8.85, 2.25, 8.725],
			"rotation": {"angle": 0, "axis": "y", "origin": [-0.025, 0, 0]},
			"faces": {
				"north": {"uv": [2, 11.5, 2.5, 11.5625], "texture": "#0"},
				"east": {"uv": [2, 11.5, 2.5, 11.5625], "texture": "#0"},
				"south": {"uv": [2, 11.5, 2.5, 11.5625], "texture": "#0"},
				"west": {"uv": [2, 11.5, 2.5, 11.5625], "texture": "#0"},
				"up": {"uv": [3, 4.5, 2.5, 4], "texture": "#0"},
				"down": {"uv": [4.5, 2.5, 4, 3], "texture": "#0"}
			}
		}
	],
	"display": {
		"thirdperson_righthand": {
			"rotation": [0, -90, 0],
			"translation": [0.4, -4.414, -0.5],
			"scale": [1.5, 1.5, 1.5]
		},
		"thirdperson_lefthand": {
			"rotation": [0, 90, 0],
			"translation": [-0.4, 4.086, -0.5],
			"scale": [1.5, 1.5, 1.5]
		},
		"firstperson_righthand": {
			"rotation": [19, 118, -82],
			"translation": [5, -0.5, 2.5],
			"scale": [0.8, 0.8, 0.8]
		},
		"firstperson_lefthand": {
			"rotation": [-11, -76, 0],
			"translation": [3.85, 3, -0.75],
			"scale": [0.9, 0.9, 0.9]
		},
		"ground": {
			"translation": [0, 15, 0],
			"scale": [1.5, 1.5, 1.5]
		},
		"gui": {
			"rotation": [0, 0, -45],
			"translation": [-2.75, -2.25, 0]
		},
		"head": {
			"translation": [0, 24.75, 0],
			"scale": [1.5, 1.5, 1.5]
		},
		"fixed": {
			"rotation": [0, 0, 45],
			"translation": [2.25, -2.75, -1.5]
		}
	}
}