{
	"credit": "Made with Blockbench",
	"texture_size": [32, 32],
	"textures": {
		"0": "item/axe",
		"1": "item/axehead",
		"particle": "item/axe"
	},
	"elements": [
		{
			"from": [8.175, 1.75, 8],
			"to": [8.925, 3.25, 8.5],
			"faces": {
				"north": {"uv": [4.5, 1, 4.875, 1.75], "texture": "#0"},
				"east": {"uv": [4.5, 1, 4.875, 1.75], "texture": "#0"},
				"south": {"uv": [4.5, 1, 4.875, 1.75], "texture": "#0"},
				"west": {"uv": [4.5, 1, 4.875, 1.75], "texture": "#0"},
				"up": {"uv": [7.875, 4.75, 7.5, 4.5], "texture": "#0"},
				"down": {"uv": [5.375, 7.5, 5, 7.75], "texture": "#0"}
			}
		},
		{
			"from": [8.175, 6.25, 8],
			"to": [8.925, 11.75, 8.5],
			"faces": {
				"north": {"uv": [0, 0, 0.375, 2.75], "texture": "#0"},
				"east": {"uv": [0, 0, 0.375, 2.75], "texture": "#0"},
				"south": {"uv": [0, 0, 0.375, 2.75], "texture": "#0"},
				"west": {"uv": [0, 0, 0.375, 2.75], "texture": "#0"},
				"up": {"uv": [7.875, 5.25, 7.5, 5], "texture": "#0"},
				"down": {"uv": [5.875, 7.5, 5.5, 7.75], "texture": "#0"}
			}
		},
		{
			"from": [8.175, 11.75, 8],
			"to": [8.925, 14.5, 8.5],
			"faces": {
				"north": {"uv": [1, 3, 1.375, 4.375], "texture": "#0"},
				"east": {"uv": [1, 3, 1.375, 4.375], "texture": "#0"},
				"south": {"uv": [1, 3, 1.375, 4.375], "texture": "#0"},
				"west": {"uv": [1, 3, 1.375, 4.375], "texture": "#0"},
				"up": {"uv": [7.875, 5.75, 7.5, 5.5], "texture": "#0"},
				"down": {"uv": [6.375, 7.5, 6, 7.75], "texture": "#0"}
			}
		},
		{
			"from": [8.175, 4, 8],
			"to": [8.925, 6.25, 8.5],
			"faces": {
				"north": {"uv": [3.5, 3, 3.875, 4.125], "texture": "#0"},
				"east": {"uv": [3.5, 3, 3.875, 4.125], "texture": "#0"},
				"south": {"uv": [3.5, 3, 3.875, 4.125], "texture": "#0"},
				"west": {"uv": [3.5, 3, 3.875, 4.125], "texture": "#0"},
				"up": {"uv": [7.875, 6.25, 7.5, 6], "texture": "#0"},
				"down": {"uv": [6.875, 7.5, 6.5, 7.75], "texture": "#0"}
			}
		},
		{
			"from": [8.175, 3.25, 8],
			"to": [8.925, 4, 8.5],
			"faces": {
				"north": {"uv": [3, 2.5, 3.375, 2.875], "texture": "#0"},
				"east": {"uv": [3, 2.5, 3.375, 2.875], "texture": "#0"},
				"south": {"uv": [3, 2.5, 3.375, 2.875], "texture": "#0"},
				"west": {"uv": [3, 2.5, 3.375, 2.875], "texture": "#0"},
				"up": {"uv": [7.875, 7.75, 7.5, 7.5], "texture": "#0"},
				"down": {"uv": [8.375, 0, 8, 0.25], "texture": "#0"}
			}
		},
		{
			"from": [8.175, 1.25, 8],
			"to": [8.925, 1.75, 8.5],
			"faces": {
				"north": {"uv": [8, 0.5, 8.375, 0.75], "texture": "#0"},
				"east": {"uv": [8, 0.5, 8.375, 0.75], "texture": "#0"},
				"south": {"uv": [8, 0.5, 8.375, 0.75], "texture": "#0"},
				"west": {"uv": [8, 0.5, 8.375, 0.75], "texture": "#0"},
				"up": {"uv": [8.375, 1.75, 8, 1.5], "texture": "#0"},
				"down": {"uv": [8.375, 2, 8, 2.25], "texture": "#0"}
			}
		},
		{
			"from": [8.025, -0.65, 7.86],
			"to": [9.075, 1.25, 8.635],
			"faces": {
				"north": {"uv": [0, 3, 0.625, 3.9375], "texture": "#0"},
				"east": {"uv": [0, 3, 0.625, 3.9375], "texture": "#0"},
				"south": {"uv": [0, 3, 0.625, 3.9375], "texture": "#0"},
				"west": {"uv": [0, 3, 0.625, 3.9375], "texture": "#0"},
				"up": {"uv": [5.625, 2, 5, 2.375], "texture": "#0"},
				"down": {"uv": [5.625, 0, 5, 0.375], "texture": "#0"}
			}
		},
		{
			"from": [7.9, 12.425, 7.885],
			"to": [9.15, 14.675, 8.61],
			"rotation": {"angle": 0, "axis": "y", "origin": [0, 16, 0]},
			"faces": {
				"north": {"uv": [1, 0, 1.625, 1.125], "texture": "#0"},
				"east": {"uv": [1, 0, 1.625, 1.125], "texture": "#0"},
				"south": {"uv": [1, 0, 1.625, 1.125], "texture": "#0"},
				"west": {"uv": [1, 0, 1.625, 1.125], "texture": "#0"},
				"up": {"uv": [5.625, 2, 5, 2.375], "texture": "#0"},
				"down": {"uv": [5.625, 2, 5, 2.375], "texture": "#0"}
			}
		},
		{
			"from": [9.15, 12.95, 7.935],
			"to": [10.65, 14.3, 8.56],
			"faces": {
				"north": {"uv": [2.25, 3, 1.5, 3.6875], "texture": "#0"},
				"east": {"uv": [5.3125, 3.5, 5, 4.1875], "texture": "#0"},
				"south": {"uv": [1.5, 3, 2.25, 3.6875], "texture": "#0"},
				"west": {"uv": [2.3125, 5, 2, 5.6875], "texture": "#0"},
				"up": {"uv": [5, 0.8125, 5.75, 0.5], "texture": "#0"},
				"down": {"uv": [5.75, 0.8125, 5, 0.5], "texture": "#0"}
			}
		},
		{
			"from": [9.9, 12.7, 8.06],
			"to": [10.65, 14.55, 8.435],
			"faces": {
				"north": {"uv": [3.875, 1, 3.5, 1.9375], "texture": "#1"},
				"east": {"uv": [1.5, 6, 1.6875, 6.9375], "texture": "#1"},
				"south": {"uv": [3.5, 1, 3.875, 1.9375], "texture": "#1"},
				"west": {"uv": [6, 1.5, 6.1875, 2.4375], "texture": "#1"},
				"up": {"uv": [7.375, 1.6875, 7, 1.5], "texture": "#1"},
				"down": {"uv": [7.375, 2, 7, 2.1875], "texture": "#1"}
			}
		},
		{
			"from": [10.65, 12.45, 8.06],
			"to": [10.9, 14.8, 8.435],
			"faces": {
				"north": {"uv": [2.625, 6.5, 2.5, 7.6875], "texture": "#1"},
				"east": {"uv": [5, 4, 5.1875, 5.1875], "texture": "#1"},
				"south": {"uv": [2.5, 6.5, 2.625, 7.6875], "texture": "#1"},
				"west": {"uv": [4.5, 5, 4.6875, 6.1875], "texture": "#1"},
				"up": {"uv": [7.125, 2.6875, 7, 2.5], "texture": "#1"},
				"down": {"uv": [3.125, 7, 3, 7.1875], "texture": "#1"}
			}
		},
		{
			"from": [10.9, 12.2, 8.06],
			"to": [11.15, 15.05, 8.435],
			"faces": {
				"north": {"uv": [6.125, 0, 6, 1.4375], "texture": "#1"},
				"east": {"uv": [1, 4.5, 1.1875, 5.9375], "texture": "#1"},
				"south": {"uv": [6, 0, 6.125, 1.4375], "texture": "#1"},
				"west": {"uv": [1.5, 4.5, 1.6875, 5.9375], "texture": "#1"},
				"up": {"uv": [7.125, 3.1875, 7, 3], "texture": "#1"},
				"down": {"uv": [3.625, 7, 3.5, 7.1875], "texture": "#1"}
			}
		},
		{
			"from": [11.15, 11.7, 8.06],
			"to": [11.4, 15.55, 8.435],
			"faces": {
				"north": {"uv": [5.125, 2, 5, 3.9375], "texture": "#1"},
				"east": {"uv": [1, 2.5, 1.1875, 4.4375], "texture": "#1"},
				"south": {"uv": [5, 2, 5.125, 3.9375], "texture": "#1"},
				"west": {"uv": [1.5, 2.5, 1.6875, 4.4375], "texture": "#1"},
				"up": {"uv": [7.125, 3.6875, 7, 3.5], "texture": "#1"},
				"down": {"uv": [7.125, 4, 7, 4.1875], "texture": "#1"}
			}
		},
		{
			"from": [11.65, 11.2, 8.06],
			"to": [11.9, 16.05, 8.435],
			"faces": {
				"north": {"uv": [4.625, 0, 4.5, 2.4375], "texture": "#1"},
				"east": {"uv": [1, 0, 1.1875, 2.4375], "texture": "#1"},
				"south": {"uv": [4.5, 0, 4.625, 2.4375], "texture": "#1"},
				"west": {"uv": [1.5, 0, 1.6875, 2.4375], "texture": "#1"},
				"up": {"uv": [7.125, 6.1875, 7, 6], "texture": "#1"},
				"down": {"uv": [6.625, 7, 6.5, 7.1875], "texture": "#1"}
			}
		},
		{
			"from": [11.9, 11.7, 8.06],
			"to": [12.15, 15.55, 8.435],
			"faces": {
				"north": {"uv": [3.625, 5, 3.5, 6.9375], "texture": "#1"},
				"east": {"uv": [0, 3, 0.1875, 4.9375], "texture": "#1"},
				"south": {"uv": [3.5, 5, 3.625, 6.9375], "texture": "#1"},
				"west": {"uv": [3, 0, 3.1875, 1.9375], "texture": "#1"},
				"up": {"uv": [7.125, 5.1875, 7, 5], "texture": "#1"},
				"down": {"uv": [7.125, 5.5, 7, 5.6875], "texture": "#1"}
			}
		},
		{
			"from": [12.15, 12.45, 8.06],
			"to": [12.4, 14.8, 8.435],
			"faces": {
				"north": {"uv": [4.625, 6.5, 4.5, 7.6875], "texture": "#1"},
				"east": {"uv": [5.5, 0, 5.6875, 1.1875], "texture": "#1"},
				"south": {"uv": [4.5, 6.5, 4.625, 7.6875], "texture": "#1"},
				"west": {"uv": [5.5, 1.5, 5.6875, 2.6875], "texture": "#1"},
				"up": {"uv": [7.125, 6.6875, 7, 6.5], "texture": "#1"},
				"down": {"uv": [7.125, 7, 7, 7.1875], "texture": "#1"}
			}
		},
		{
			"from": [11.4, 10.95, 8.06],
			"to": [11.65, 16.3, 8.435],
			"faces": {
				"north": {"uv": [3.625, 2, 3.5, 4.6875], "texture": "#1"},
				"east": {"uv": [0, 0, 0.1875, 2.6875], "texture": "#1"},
				"south": {"uv": [3.5, 2, 3.625, 4.6875], "texture": "#1"},
				"west": {"uv": [0.5, 0, 0.6875, 2.6875], "texture": "#1"},
				"up": {"uv": [7.125, 4.6875, 7, 4.5], "texture": "#1"},
				"down": {"uv": [5.125, 7, 5, 7.1875], "texture": "#1"}
			}
		},
		{
			"from": [11.9, 11.025, 8.185],
			"to": [12.15, 16.225, 8.31],
			"faces": {
				"north": {"uv": [4.125, 0, 4, 2.625], "texture": "#1"},
				"east": {"uv": [6, 5.5, 6.0625, 8.125], "texture": "#1"},
				"south": {"uv": [4, 0, 4.125, 2.625], "texture": "#1"},
				"west": {"uv": [6.5, 0, 6.5625, 2.625], "texture": "#1"},
				"up": {"uv": [7.625, 1.5625, 7.5, 1.5], "texture": "#1"},
				"down": {"uv": [7.625, 2, 7.5, 2.0625], "texture": "#1"}
			}
		},
		{
			"from": [12.15, 11.525, 8.185],
			"to": [12.4, 15.725, 8.31],
			"faces": {
				"north": {"uv": [0.125, 5, 0, 7.125], "texture": "#1"},
				"east": {"uv": [6.5, 4.5, 6.5625, 6.625], "texture": "#1"},
				"south": {"uv": [0, 5, 0.125, 7.125], "texture": "#1"},
				"west": {"uv": [5.5, 6.5, 5.5625, 8.625], "texture": "#1"},
				"up": {"uv": [7.625, 0.5625, 7.5, 0.5], "texture": "#1"},
				"down": {"uv": [7.625, 1, 7.5, 1.0625], "texture": "#1"}
			}
		},
		{
			"from": [12.4, 12.275, 8.185],
			"to": [12.65, 14.975, 8.31],
			"faces": {
				"north": {"uv": [6.125, 4, 6, 5.375], "texture": "#1"},
				"east": {"uv": [7, 0, 7.0625, 1.375], "texture": "#1"},
				"south": {"uv": [6, 4, 6.125, 5.375], "texture": "#1"},
				"west": {"uv": [1.5, 7, 1.5625, 8.375], "texture": "#1"},
				"up": {"uv": [0.125, 7.5625, 0, 7.5], "texture": "#1"},
				"down": {"uv": [7.625, 0, 7.5, 0.0625], "texture": "#1"}
			}
		},
		{
			"from": [11.65, 10.775, 8.185],
			"to": [11.9, 16.475, 8.31],
			"faces": {
				"north": {"uv": [3.125, 2, 3, 4.875], "texture": "#1"},
				"east": {"uv": [0.5, 6, 0.5625, 8.875], "texture": "#1"},
				"south": {"uv": [3, 2, 3.125, 4.875], "texture": "#1"},
				"west": {"uv": [1, 6, 1.0625, 8.875], "texture": "#1"},
				"up": {"uv": [7.625, 2.5625, 7.5, 2.5], "texture": "#1"},
				"down": {"uv": [3.125, 7.5, 3, 7.5625], "texture": "#1"}
			}
		},
		{
			"from": [11.4, 10.525, 8.185],
			"to": [11.65, 16.725, 8.31],
			"faces": {
				"north": {"uv": [2.625, 0, 2.5, 3.125], "texture": "#1"},
				"east": {"uv": [5.5, 3, 5.5625, 6.125], "texture": "#1"},
				"south": {"uv": [2.5, 0, 2.625, 3.125], "texture": "#1"},
				"west": {"uv": [4, 5.5, 4.0625, 8.625], "texture": "#1"},
				"up": {"uv": [7.625, 3.0625, 7.5, 3], "texture": "#1"},
				"down": {"uv": [3.625, 7.5, 3.5, 7.5625], "texture": "#1"}
			}
		},
		{
			"from": [6.15, 12.45, 8.06],
			"to": [6.4, 14.8, 8.435],
			"rotation": {"angle": 0, "axis": "y", "origin": [16, 0, 0]},
			"faces": {
				"north": {"uv": [2.5, 6.5, 2.625, 7.6875], "texture": "#1"},
				"east": {"uv": [4.6875, 5, 4.5, 6.1875], "texture": "#1"},
				"south": {"uv": [2.625, 6.5, 2.5, 7.6875], "texture": "#1"},
				"west": {"uv": [5.1875, 4, 5, 5.1875], "texture": "#1"},
				"up": {"uv": [7, 2.6875, 7.125, 2.5], "texture": "#1"},
				"down": {"uv": [3, 7, 3.125, 7.1875], "texture": "#1"}
			}
		},
		{
			"from": [6.4, 12.7, 8.06],
			"to": [7.15, 14.55, 8.435],
			"rotation": {"angle": 0, "axis": "y", "origin": [16, 0, 0]},
			"faces": {
				"north": {"uv": [3.5, 1, 3.875, 1.9375], "texture": "#1"},
				"east": {"uv": [6.1875, 1.5, 6, 2.4375], "texture": "#1"},
				"south": {"uv": [3.875, 1, 3.5, 1.9375], "texture": "#1"},
				"west": {"uv": [1.6875, 6, 1.5, 6.9375], "texture": "#1"},
				"up": {"uv": [7, 1.6875, 7.375, 1.5], "texture": "#1"},
				"down": {"uv": [7, 2, 7.375, 2.1875], "texture": "#1"}
			}
		},
		{
			"from": [6.4, 12.95, 7.935],
			"to": [7.9, 14.3, 8.56],
			"rotation": {"angle": 0, "axis": "y", "origin": [16, 0, 0]},
			"faces": {
				"north": {"uv": [1.5, 3, 2.25, 3.6875], "texture": "#0"},
				"east": {"uv": [2, 5, 2.3125, 5.6875], "texture": "#0"},
				"south": {"uv": [2.25, 3, 1.5, 3.6875], "texture": "#0"},
				"west": {"uv": [5, 3.5, 5.3125, 4.1875], "texture": "#0"},
				"up": {"uv": [5.75, 0.8125, 5, 0.5], "texture": "#0"},
				"down": {"uv": [5, 0.8125, 5.75, 0.5], "texture": "#0"}
			}
		},
		{
			"from": [5.9, 12.2, 8.06],
			"to": [6.15, 15.05, 8.435],
			"rotation": {"angle": 0, "axis": "y", "origin": [16, 0, 0]},
			"faces": {
				"north": {"uv": [6, 0, 6.125, 1.4375], "texture": "#1"},
				"east": {"uv": [1.6875, 4.5, 1.5, 5.9375], "texture": "#1"},
				"south": {"uv": [6.125, 0, 6, 1.4375], "texture": "#1"},
				"west": {"uv": [1.1875, 4.5, 1, 5.9375], "texture": "#1"},
				"up": {"uv": [7, 3.1875, 7.125, 3], "texture": "#1"},
				"down": {"uv": [3.5, 7, 3.625, 7.1875], "texture": "#1"}
			}
		},
		{
			"from": [5.65, 11.7, 8.06],
			"to": [5.9, 15.55, 8.435],
			"rotation": {"angle": 0, "axis": "y", "origin": [16, 0, 0]},
			"faces": {
				"north": {"uv": [5, 2, 5.125, 3.9375], "texture": "#1"},
				"east": {"uv": [1.6875, 2.5, 1.5, 4.4375], "texture": "#1"},
				"south": {"uv": [5.125, 2, 5, 3.9375], "texture": "#1"},
				"west": {"uv": [1.1875, 2.5, 1, 4.4375], "texture": "#1"},
				"up": {"uv": [7, 3.6875, 7.125, 3.5], "texture": "#1"},
				"down": {"uv": [7, 4, 7.125, 4.1875], "texture": "#1"}
			}
		},
		{
			"from": [5.4, 10.95, 8.06],
			"to": [5.65, 16.3, 8.435],
			"rotation": {"angle": 0, "axis": "y", "origin": [16, 0, 0]},
			"faces": {
				"north": {"uv": [3.5, 2, 3.625, 4.6875], "texture": "#1"},
				"east": {"uv": [0.6875, 0, 0.5, 2.6875], "texture": "#1"},
				"south": {"uv": [3.625, 2, 3.5, 4.6875], "texture": "#1"},
				"west": {"uv": [0.1875, 0, 0, 2.6875], "texture": "#1"},
				"up": {"uv": [7, 4.6875, 7.125, 4.5], "texture": "#1"},
				"down": {"uv": [5, 7, 5.125, 7.1875], "texture": "#1"}
			}
		},
		{
			"from": [4.9, 11.7, 8.06],
			"to": [5.15, 15.55, 8.435],
			"rotation": {"angle": 0, "axis": "y", "origin": [16, 0, 0]},
			"faces": {
				"north": {"uv": [3.5, 5, 3.625, 6.9375], "texture": "#1"},
				"east": {"uv": [3.1875, 0, 3, 1.9375], "texture": "#1"},
				"south": {"uv": [3.625, 5, 3.5, 6.9375], "texture": "#1"},
				"west": {"uv": [0.1875, 3, 0, 4.9375], "texture": "#1"},
				"up": {"uv": [7, 5.1875, 7.125, 5], "texture": "#1"},
				"down": {"uv": [7, 5.5, 7.125, 5.6875], "texture": "#1"}
			}
		},
		{
			"from": [5.15, 11.2, 8.06],
			"to": [5.4, 16.05, 8.435],
			"rotation": {"angle": 0, "axis": "y", "origin": [16, 0, 0]},
			"faces": {
				"north": {"uv": [4.5, 0, 4.625, 2.4375], "texture": "#1"},
				"east": {"uv": [1.6875, 0, 1.5, 2.4375], "texture": "#1"},
				"south": {"uv": [4.625, 0, 4.5, 2.4375], "texture": "#1"},
				"west": {"uv": [1.1875, 0, 1, 2.4375], "texture": "#1"},
				"up": {"uv": [7, 6.1875, 7.125, 6], "texture": "#1"},
				"down": {"uv": [6.5, 7, 6.625, 7.1875], "texture": "#1"}
			}
		},
		{
			"from": [4.65, 12.45, 8.06],
			"to": [4.9, 14.8, 8.435],
			"rotation": {"angle": 0, "axis": "y", "origin": [16, 0, 0]},
			"faces": {
				"north": {"uv": [4.5, 6.5, 4.625, 7.6875], "texture": "#1"},
				"east": {"uv": [5.6875, 1.5, 5.5, 2.6875], "texture": "#1"},
				"south": {"uv": [4.625, 6.5, 4.5, 7.6875], "texture": "#1"},
				"west": {"uv": [5.6875, 0, 5.5, 1.1875], "texture": "#1"},
				"up": {"uv": [7, 6.6875, 7.125, 6.5], "texture": "#1"},
				"down": {"uv": [7, 7, 7.125, 7.1875], "texture": "#1"}
			}
		},
		{
			"from": [4.4, 12.275, 8.185],
			"to": [4.65, 14.975, 8.31],
			"rotation": {"angle": 0, "axis": "y", "origin": [16, 0, 0]},
			"faces": {
				"north": {"uv": [6, 4, 6.125, 5.375], "texture": "#1"},
				"east": {"uv": [1.5625, 7, 1.5, 8.375], "texture": "#1"},
				"south": {"uv": [6.125, 4, 6, 5.375], "texture": "#1"},
				"west": {"uv": [7.0625, 0, 7, 1.375], "texture": "#1"},
				"up": {"uv": [0, 7.5625, 0.125, 7.5], "texture": "#1"},
				"down": {"uv": [7.5, 0, 7.625, 0.0625], "texture": "#1"}
			}
		},
		{
			"from": [4.65, 11.525, 8.185],
			"to": [4.9, 15.725, 8.31],
			"rotation": {"angle": 0, "axis": "y", "origin": [16, 0, 0]},
			"faces": {
				"north": {"uv": [0, 5, 0.125, 7.125], "texture": "#1"},
				"east": {"uv": [5.5625, 6.5, 5.5, 8.625], "texture": "#1"},
				"south": {"uv": [0.125, 5, 0, 7.125], "texture": "#1"},
				"west": {"uv": [6.5625, 4.5, 6.5, 6.625], "texture": "#1"},
				"up": {"uv": [7.5, 0.5625, 7.625, 0.5], "texture": "#1"},
				"down": {"uv": [7.5, 1, 7.625, 1.0625], "texture": "#1"}
			}
		},
		{
			"from": [4.9, 11.025, 8.185],
			"to": [5.15, 16.225, 8.31],
			"rotation": {"angle": 0, "axis": "y", "origin": [16, 0, 0]},
			"faces": {
				"north": {"uv": [4, 0, 4.125, 2.625], "texture": "#1"},
				"east": {"uv": [6.5625, 0, 6.5, 2.625], "texture": "#1"},
				"south": {"uv": [4.125, 0, 4, 2.625], "texture": "#1"},
				"west": {"uv": [6.0625, 5.5, 6, 8.125], "texture": "#1"},
				"up": {"uv": [7.5, 1.5625, 7.625, 1.5], "texture": "#1"},
				"down": {"uv": [7.5, 2, 7.625, 2.0625], "texture": "#1"}
			}
		},
		{
			"from": [5.15, 10.775, 8.185],
			"to": [5.4, 16.475, 8.31],
			"rotation": {"angle": 0, "axis": "y", "origin": [16, 0, 0]},
			"faces": {
				"north": {"uv": [3, 2, 3.125, 4.875], "texture": "#1"},
				"east": {"uv": [1.0625, 6, 1, 8.875], "texture": "#1"},
				"south": {"uv": [3.125, 2, 3, 4.875], "texture": "#1"},
				"west": {"uv": [0.5625, 6, 0.5, 8.875], "texture": "#1"},
				"up": {"uv": [7.5, 2.5625, 7.625, 2.5], "texture": "#1"},
				"down": {"uv": [3, 7.5, 3.125, 7.5625], "texture": "#1"}
			}
		},
		{
			"from": [5.4, 10.525, 8.185],
			"to": [5.65, 16.725, 8.31],
			"rotation": {"angle": 0, "axis": "y", "origin": [16, 0, 0]},
			"faces": {
				"north": {"uv": [2.5, 0, 2.625, 3.125], "texture": "#1"},
				"east": {"uv": [4.0625, 5.5, 4, 8.625], "texture": "#1"},
				"south": {"uv": [2.625, 0, 2.5, 3.125], "texture": "#1"},
				"west": {"uv": [5.5625, 3, 5.5, 6.125], "texture": "#1"},
				"up": {"uv": [7.5, 3.0625, 7.625, 3], "texture": "#1"},
				"down": {"uv": [3.5, 7.5, 3.625, 7.5625], "texture": "#1"}
			}
		}
	],
	"display": {
		"thirdperson_righthand": {
			"rotation": [0, 90, 0],
			"translation": [-0.5, 0.75, 0.75],
			"scale": [1.5, 1.5, 1.5]
		},
		"thirdperson_lefthand": {
			"rotation": [0, -90, 0],
			"translation": [0.5, 0.75, 0.75],
			"scale": [1.5, 1.5, 1.5]
		},
		"firstperson_righthand": {
			"rotation": [18, 88, 0],
			"translation": [-4, 4.5, 6.25],
			"scale": [0.5, 0.5, 0.5]
		},
		"firstperson_lefthand": {
			"rotation": [18, -88, 0],
			"translation": [-4, 4.5, 6.25],
			"scale": [0.5, 0.5, 0.5]
		},
		"ground": {
			"translation": [0, 10, 0],
			"scale": [1.5, 1.5, 1.5]
		},
		"gui": {
			"rotation": [-180, 1, -128],
			"translation": [0.25, -1, 0],
			"scale": [1.2, 1.2, 1.2]
		},
		"head": {
			"translation": [0, 19.75, 0],
			"scale": [1.5, 1.5, 1.5]
		},
		"fixed": {
			"rotation": [1, -2, 47],
			"translation": [0, -0.75, -2.25]
		}
	}
}