{
	"credit": "Made with Blockbench",
	"texture_size": [32, 32],
	"textures": {
		"0": "item/royal_slash",
		"particle": "item/royal_slash"
	},
	"elements": [
		{
			"from": [8.2, -0.75, 7.95],
			"to": [8.8, 7, 8.55],
			"faces": {
				"north": {"uv": [0, 0, 0.3125, 4.625], "texture": "#0"},
				"east": {"uv": [1.5, 4.625, 1.8125, 0], "texture": "#0"},
				"south": {"uv": [0.3125, 0, 0, 4.625], "texture": "#0"},
				"west": {"uv": [1.5, 0, 1.8125, 4.625], "texture": "#0"},
				"up": {"uv": [12.3125, 1.3125, 12, 1], "texture": "#0"},
				"down": {"uv": [12.3125, 1.5, 12, 1.8125], "texture": "#0"}
			}
		},
		{
			"from": [8.275, 7, 7.95],
			"to": [8.875, 15, 8.55],
			"faces": {
				"north": {"uv": [0, 0, 0.3125, 4.625], "texture": "#0"},
				"east": {"uv": [1.5, 4.625, 1.8125, 0], "texture": "#0"},
				"south": {"uv": [0.3125, 0, 0, 4.625], "texture": "#0"},
				"west": {"uv": [1.5, 0, 1.8125, 4.625], "texture": "#0"},
				"up": {"uv": [12.3125, 2.3125, 12, 2], "texture": "#0"},
				"down": {"uv": [12.3125, 2.5, 12, 2.8125], "texture": "#0"}
			}
		},
		{
			"from": [8.2, 15, 7.95],
			"to": [8.8, 24.25, 8.55],
			"faces": {
				"north": {"uv": [0, 0, 0.3125, 4.625], "texture": "#0"},
				"east": {"uv": [1.5, 4.625, 1.8125, 0], "texture": "#0"},
				"south": {"uv": [0.3125, 0, 0, 4.625], "texture": "#0"},
				"west": {"uv": [1.5, 0, 1.8125, 4.625], "texture": "#0"},
				"up": {"uv": [12.3125, 3.3125, 12, 3], "texture": "#0"},
				"down": {"uv": [12.3125, 3.5, 12, 3.8125], "texture": "#0"}
			}
		},
		{
			"from": [10.3, 16.5, 8.2],
			"to": [10.55, 24.75, 8.3],
			"faces": {
				"north": {"uv": [9, 4.5, 9.125, 8.625], "texture": "#0"},
				"east": {"uv": [10, 7.5, 10.0625, 11.625], "texture": "#0"},
				"south": {"uv": [9.125, 4.5, 9, 8.625], "texture": "#0"},
				"west": {"uv": [0, 10.5, 0.0625, 14.625], "texture": "#0"},
				"up": {"uv": [14.125, 3.5625, 14, 3.5], "texture": "#0"},
				"down": {"uv": [4.125, 14, 4, 14.0625], "texture": "#0"}
			}
		},
		{
			"from": [10.05, 17.5, 8.15],
			"to": [10.3, 24.75, 8.35],
			"faces": {
				"north": {"uv": [9.5, 4, 9.625, 7.625], "texture": "#0"},
				"east": {"uv": [8, 9.5, 8.125, 13.125], "texture": "#0"},
				"south": {"uv": [9.625, 4, 9.5, 7.625], "texture": "#0"},
				"west": {"uv": [10, 0, 10.125, 3.625], "texture": "#0"},
				"up": {"uv": [12.125, 13.125, 12, 13], "texture": "#0"},
				"down": {"uv": [13.125, 12, 13, 12.125], "texture": "#0"}
			}
		},
		{
			"from": [10.05, 24.5, 8.2],
			"to": [10.3, 26.25, 8.3],
			"faces": {
				"north": {"uv": [11.5, 6, 11.625, 6.875], "texture": "#0"},
				"east": {"uv": [12.5, 5.5, 12.5625, 6.375], "texture": "#0"},
				"south": {"uv": [11.5, 7, 11.625, 7.875], "texture": "#0"},
				"west": {"uv": [12.5, 6.5, 12.5625, 7.375], "texture": "#0"},
				"up": {"uv": [14.125, 4.0625, 14, 4], "texture": "#0"},
				"down": {"uv": [4.625, 14, 4.5, 14.0625], "texture": "#0"}
			}
		},
		{
			"from": [9.8, 26, 8.2],
			"to": [10.05, 27.75, 8.3],
			"faces": {
				"north": {"uv": [11.5, 8, 11.625, 8.875], "texture": "#0"},
				"east": {"uv": [12.5, 7.5, 12.5625, 8.375], "texture": "#0"},
				"south": {"uv": [11.5, 9, 11.625, 9.875], "texture": "#0"},
				"west": {"uv": [12.5, 8.5, 12.5625, 9.375], "texture": "#0"},
				"up": {"uv": [14.125, 4.5625, 14, 4.5], "texture": "#0"},
				"down": {"uv": [5.125, 14, 5, 14.0625], "texture": "#0"}
			}
		},
		{
			"from": [9.55, 27.5, 8.2],
			"to": [9.8, 28.75, 8.3],
			"faces": {
				"north": {"uv": [12, 9.5, 12.125, 10.125], "texture": "#0"},
				"east": {"uv": [13, 2, 13.0625, 2.625], "texture": "#0"},
				"south": {"uv": [10, 12, 10.125, 12.625], "texture": "#0"},
				"west": {"uv": [2.5, 13, 2.5625, 13.625], "texture": "#0"},
				"up": {"uv": [14.125, 5.0625, 14, 5], "texture": "#0"},
				"down": {"uv": [5.625, 14, 5.5, 14.0625], "texture": "#0"}
			}
		},
		{
			"from": [9.3, 28.25, 8.2],
			"to": [9.55, 29, 8.3],
			"faces": {
				"north": {"uv": [12, 12.5, 12.125, 12.875], "texture": "#0"},
				"east": {"uv": [11, 13, 11.0625, 13.375], "texture": "#0"},
				"south": {"uv": [12.5, 12.5, 12.625, 12.875], "texture": "#0"},
				"west": {"uv": [13, 11, 13.0625, 11.375], "texture": "#0"},
				"up": {"uv": [14.125, 5.5625, 14, 5.5], "texture": "#0"},
				"down": {"uv": [6.125, 14, 6, 14.0625], "texture": "#0"}
			}
		},
		{
			"from": [9.3, 29, 8.2],
			"to": [9.55, 29.5, 8.3],
			"faces": {
				"north": {"uv": [3, 13, 3.125, 13.25], "texture": "#0"},
				"east": {"uv": [13.5, 4.5, 13.5625, 4.75], "texture": "#0"},
				"south": {"uv": [13, 3, 13.125, 3.25], "texture": "#0"},
				"west": {"uv": [5, 13.5, 5.0625, 13.75], "texture": "#0"},
				"up": {"uv": [14.125, 6.0625, 14, 6], "texture": "#0"},
				"down": {"uv": [6.625, 14, 6.5, 14.0625], "texture": "#0"}
			}
		},
		{
			"from": [9.05, 29.25, 8.2],
			"to": [9.3, 30, 8.3],
			"faces": {
				"north": {"uv": [13, 0, 13.125, 0.375], "texture": "#0"},
				"east": {"uv": [11.5, 13, 11.5625, 13.375], "texture": "#0"},
				"south": {"uv": [0.5, 13, 0.625, 13.375], "texture": "#0"},
				"west": {"uv": [13, 11.5, 13.0625, 11.875], "texture": "#0"},
				"up": {"uv": [14.125, 6.5625, 14, 6.5], "texture": "#0"},
				"down": {"uv": [7.125, 14, 7, 14.0625], "texture": "#0"}
			}
		},
		{
			"from": [8.8, 29.75, 8.2],
			"to": [9.05, 30.25, 8.3],
			"faces": {
				"north": {"uv": [13, 3.5, 13.125, 3.75], "texture": "#0"},
				"east": {"uv": [13.5, 5, 13.5625, 5.25], "texture": "#0"},
				"south": {"uv": [13, 4, 13.125, 4.25], "texture": "#0"},
				"west": {"uv": [5.5, 13.5, 5.5625, 13.75], "texture": "#0"},
				"up": {"uv": [14.125, 7.0625, 14, 7], "texture": "#0"},
				"down": {"uv": [7.625, 14, 7.5, 14.0625], "texture": "#0"}
			}
		},
		{
			"from": [8.55, 30, 8.2],
			"to": [8.8, 30.5, 8.3],
			"faces": {
				"north": {"uv": [4.5, 13, 4.625, 13.25], "texture": "#0"},
				"east": {"uv": [13.5, 5.5, 13.5625, 5.75], "texture": "#0"},
				"south": {"uv": [13, 4.5, 13.125, 4.75], "texture": "#0"},
				"west": {"uv": [6, 13.5, 6.0625, 13.75], "texture": "#0"},
				"up": {"uv": [14.125, 7.5625, 14, 7.5], "texture": "#0"},
				"down": {"uv": [8.125, 14, 8, 14.0625], "texture": "#0"}
			}
		},
		{
			"from": [8.3, 30.25, 8.2],
			"to": [8.55, 30.75, 8.3],
			"faces": {
				"north": {"uv": [5, 13, 5.125, 13.25], "texture": "#0"},
				"east": {"uv": [13.5, 6, 13.5625, 6.25], "texture": "#0"},
				"south": {"uv": [13, 5, 13.125, 5.25], "texture": "#0"},
				"west": {"uv": [6.5, 13.5, 6.5625, 13.75], "texture": "#0"},
				"up": {"uv": [14.125, 8.0625, 14, 8], "texture": "#0"},
				"down": {"uv": [8.625, 14, 8.5, 14.0625], "texture": "#0"}
			}
		},
		{
			"from": [7.8, 30.5, 8.2],
			"to": [8.3, 30.75, 8.3],
			"faces": {
				"north": {"uv": [13, 5.5, 13.25, 5.625], "texture": "#0"},
				"east": {"uv": [14, 8.5, 14.0625, 8.625], "texture": "#0"},
				"south": {"uv": [13, 6, 13.25, 6.125], "texture": "#0"},
				"west": {"uv": [9, 14, 9.0625, 14.125], "texture": "#0"},
				"up": {"uv": [13.75, 6.5625, 13.5, 6.5], "texture": "#0"},
				"down": {"uv": [7.25, 13.5, 7, 13.5625], "texture": "#0"}
			}
		},
		{
			"from": [7.55, 30.75, 8.2],
			"to": [8.05, 31, 8.3],
			"faces": {
				"north": {"uv": [13, 6.5, 13.25, 6.625], "texture": "#0"},
				"east": {"uv": [14, 9, 14.0625, 9.125], "texture": "#0"},
				"south": {"uv": [7, 13, 7.25, 13.125], "texture": "#0"},
				"west": {"uv": [9.5, 14, 9.5625, 14.125], "texture": "#0"},
				"up": {"uv": [13.75, 7.0625, 13.5, 7], "texture": "#0"},
				"down": {"uv": [7.75, 13.5, 7.5, 13.5625], "texture": "#0"}
			}
		},
		{
			"from": [7.3, 31, 8.2],
			"to": [7.55, 31.25, 8.3],
			"faces": {
				"north": {"uv": [13.5, 8, 13.625, 8.125], "texture": "#0"},
				"east": {"uv": [14, 9.5, 14.0625, 9.625], "texture": "#0"},
				"south": {"uv": [8.5, 13.5, 8.625, 13.625], "texture": "#0"},
				"west": {"uv": [10, 14, 10.0625, 14.125], "texture": "#0"},
				"up": {"uv": [14.125, 10.0625, 14, 10], "texture": "#0"},
				"down": {"uv": [10.625, 14, 10.5, 14.0625], "texture": "#0"}
			}
		},
		{
			"from": [9.8, 18.25, 8.15],
			"to": [10.05, 26.25, 8.35],
			"faces": {
				"north": {"uv": [9, 9, 9.125, 13], "texture": "#0"},
				"east": {"uv": [9.5, 0, 9.625, 4], "texture": "#0"},
				"south": {"uv": [9.125, 9, 9, 13], "texture": "#0"},
				"west": {"uv": [4, 9.5, 4.125, 13.5], "texture": "#0"},
				"up": {"uv": [12.625, 13.125, 12.5, 13], "texture": "#0"},
				"down": {"uv": [13.125, 12.5, 13, 12.625], "texture": "#0"}
			}
		},
		{
			"from": [9.55, 18.75, 8.15],
			"to": [9.8, 27.75, 8.35],
			"faces": {
				"north": {"uv": [8, 5, 8.125, 9.5], "texture": "#0"},
				"east": {"uv": [8.5, 0, 8.625, 4.5], "texture": "#0"},
				"south": {"uv": [8.125, 5, 8, 9.5], "texture": "#0"},
				"west": {"uv": [9, 0, 9.125, 4.5], "texture": "#0"},
				"up": {"uv": [13.125, 13.125, 13, 13], "texture": "#0"},
				"down": {"uv": [13.625, 0, 13.5, 0.125], "texture": "#0"}
			}
		},
		{
			"from": [9.3, 19, 8.15],
			"to": [9.55, 28.75, 8.35],
			"faces": {
				"north": {"uv": [5.5, 0, 5.625, 4.875], "texture": "#0"},
				"east": {"uv": [4.5, 5.5, 4.625, 10.375], "texture": "#0"},
				"south": {"uv": [5.625, 0, 5.5, 4.875], "texture": "#0"},
				"west": {"uv": [5.5, 5, 5.625, 9.875], "texture": "#0"},
				"up": {"uv": [0.625, 13.625, 0.5, 13.5], "texture": "#0"},
				"down": {"uv": [13.625, 0.5, 13.5, 0.625], "texture": "#0"}
			}
		},
		{
			"from": [9.05, 19.25, 8.15],
			"to": [9.3, 29.5, 8.35],
			"faces": {
				"north": {"uv": [5, 0, 5.125, 5.125], "texture": "#0"},
				"east": {"uv": [0.5, 5, 0.625, 10.125], "texture": "#0"},
				"south": {"uv": [5.125, 0, 5, 5.125], "texture": "#0"},
				"west": {"uv": [1.5, 5, 1.625, 10.125], "texture": "#0"},
				"up": {"uv": [13.625, 3.125, 13.5, 3], "texture": "#0"},
				"down": {"uv": [3.625, 13.5, 3.5, 13.625], "texture": "#0"}
			}
		},
		{
			"from": [8.8, 19.5, 8.15],
			"to": [9.05, 30, 8.35],
			"faces": {
				"north": {"uv": [3.5, 4, 3.625, 9.25], "texture": "#0"},
				"east": {"uv": [4, 4, 4.125, 9.25], "texture": "#0"},
				"south": {"uv": [3.625, 4, 3.5, 9.25], "texture": "#0"},
				"west": {"uv": [0, 5, 0.125, 10.25], "texture": "#0"},
				"up": {"uv": [13.625, 2.625, 13.5, 2.5], "texture": "#0"},
				"down": {"uv": [3.125, 13.5, 3, 13.625], "texture": "#0"}
			}
		},
		{
			"from": [8.55, 21, 8.15],
			"to": [8.8, 30.25, 8.35],
			"faces": {
				"north": {"uv": [8, 0, 8.125, 4.625], "texture": "#0"},
				"east": {"uv": [2, 8, 2.125, 12.625], "texture": "#0"},
				"south": {"uv": [8.125, 0, 8, 4.625], "texture": "#0"},
				"west": {"uv": [3, 8, 3.125, 12.625], "texture": "#0"},
				"up": {"uv": [2.125, 13.625, 2, 13.5], "texture": "#0"},
				"down": {"uv": [13.625, 2, 13.5, 2.125], "texture": "#0"}
			}
		},
		{
			"from": [8.3, 21, 8.15],
			"to": [8.55, 30.5, 8.35],
			"faces": {
				"north": {"uv": [7, 0, 7.125, 4.75], "texture": "#0"},
				"east": {"uv": [7, 5, 7.125, 9.75], "texture": "#0"},
				"south": {"uv": [7.125, 0, 7, 4.75], "texture": "#0"},
				"west": {"uv": [7.5, 5, 7.625, 9.75], "texture": "#0"},
				"up": {"uv": [1.625, 13.625, 1.5, 13.5], "texture": "#0"},
				"down": {"uv": [13.625, 1.5, 13.5, 1.625], "texture": "#0"}
			}
		},
		{
			"from": [8.05, 21, 8.15],
			"to": [8.3, 30.5, 8.35],
			"faces": {
				"north": {"uv": [6, 0, 6.125, 4.75], "texture": "#0"},
				"east": {"uv": [6, 5, 6.125, 9.75], "texture": "#0"},
				"south": {"uv": [6.125, 0, 6, 4.75], "texture": "#0"},
				"west": {"uv": [6.5, 5, 6.625, 9.75], "texture": "#0"},
				"up": {"uv": [1.125, 13.625, 1, 13.5], "texture": "#0"},
				"down": {"uv": [13.625, 1, 13.5, 1.125], "texture": "#0"}
			}
		},
		{
			"from": [7.8, 24.5, 8.15],
			"to": [8.05, 30.75, 8.35],
			"faces": {
				"north": {"uv": [10, 4, 10.125, 7.125], "texture": "#0"},
				"east": {"uv": [5.5, 10, 5.625, 13.125], "texture": "#0"},
				"south": {"uv": [10.125, 4, 10, 7.125], "texture": "#0"},
				"west": {"uv": [6.5, 10, 6.625, 13.125], "texture": "#0"},
				"up": {"uv": [13.625, 3.625, 13.5, 3.5], "texture": "#0"},
				"down": {"uv": [4.125, 13.5, 4, 13.625], "texture": "#0"}
			}
		},
		{
			"from": [7.55, 27.5, 8.15],
			"to": [7.8, 30.75, 8.35],
			"faces": {
				"north": {"uv": [1, 10.5, 1.125, 12.125], "texture": "#0"},
				"east": {"uv": [10.5, 1, 10.625, 2.625], "texture": "#0"},
				"south": {"uv": [1.125, 10.5, 1, 12.125], "texture": "#0"},
				"west": {"uv": [10.5, 3, 10.625, 4.625], "texture": "#0"},
				"up": {"uv": [13.625, 4.125, 13.5, 4], "texture": "#0"},
				"down": {"uv": [4.625, 13.5, 4.5, 13.625], "texture": "#0"}
			}
		},
		{
			"from": [7.3, 29.75, 8.15],
			"to": [7.55, 31, 8.35],
			"faces": {
				"north": {"uv": [10.5, 12, 10.625, 12.625], "texture": "#0"},
				"east": {"uv": [12, 10.5, 12.125, 11.125], "texture": "#0"},
				"south": {"uv": [10.625, 12, 10.5, 12.625], "texture": "#0"},
				"west": {"uv": [11.5, 12, 11.625, 12.625], "texture": "#0"},
				"up": {"uv": [13.625, 7.625, 13.5, 7.5], "texture": "#0"},
				"down": {"uv": [8.125, 13.5, 8, 13.625], "texture": "#0"}
			}
		},
		{
			"from": [7.05, 30.5, 8.15],
			"to": [7.3, 31.25, 8.35],
			"faces": {
				"north": {"uv": [13, 0.5, 13.125, 0.875], "texture": "#0"},
				"east": {"uv": [13, 1, 13.125, 1.375], "texture": "#0"},
				"south": {"uv": [13.125, 0.5, 13, 0.875], "texture": "#0"},
				"west": {"uv": [2, 13, 2.125, 13.375], "texture": "#0"},
				"up": {"uv": [13.625, 12.625, 13.5, 12.5], "texture": "#0"},
				"down": {"uv": [13.125, 13.5, 13, 13.625], "texture": "#0"}
			}
		},
		{
			"from": [7.775, -1.45, 8.15],
			"to": [8.025, 0, 8.35],
			"rotation": {"angle": 0, "axis": "y", "origin": [16, 16, 0]},
			"faces": {
				"north": {"uv": [7, 12, 7.125, 12.75], "texture": "#0"},
				"east": {"uv": [12, 7, 12.125, 7.75], "texture": "#0"},
				"south": {"uv": [7.5, 12, 7.625, 12.75], "texture": "#0"},
				"west": {"uv": [12, 8, 12.125, 8.75], "texture": "#0"},
				"up": {"uv": [13.625, 11.125, 13.5, 11], "texture": "#0"},
				"down": {"uv": [11.625, 13.5, 11.5, 13.625], "texture": "#0"}
			}
		},
		{
			"from": [8.025, -1.7, 8.15],
			"to": [8.25, 0.25, 8.35],
			"rotation": {"angle": 0, "axis": "y", "origin": [16, 16, 0]},
			"faces": {
				"north": {"uv": [11, 9, 11.125, 10], "texture": "#0"},
				"east": {"uv": [11, 10, 11.125, 11], "texture": "#0"},
				"south": {"uv": [10.5, 11, 10.625, 12], "texture": "#0"},
				"west": {"uv": [11, 11, 11.125, 12], "texture": "#0"},
				"up": {"uv": [13.625, 10.625, 13.5, 10.5], "texture": "#0"},
				"down": {"uv": [11.125, 13.5, 11, 13.625], "texture": "#0"}
			}
		},
		{
			"from": [8.975, -1.45, 8.15],
			"to": [9.225, 0, 8.35],
			"rotation": {"angle": 0, "axis": "y", "origin": [16, 16, 0]},
			"faces": {
				"north": {"uv": [12, 4, 12.125, 4.75], "texture": "#0"},
				"east": {"uv": [5, 12, 5.125, 12.75], "texture": "#0"},
				"south": {"uv": [12, 5, 12.125, 5.75], "texture": "#0"},
				"west": {"uv": [12, 6, 12.125, 6.75], "texture": "#0"},
				"up": {"uv": [13.625, 10.125, 13.5, 10], "texture": "#0"},
				"down": {"uv": [10.625, 13.5, 10.5, 13.625], "texture": "#0"}
			}
		},
		{
			"from": [9.225, -0.95, 8.15],
			"to": [9.475, 0.25, 8.35],
			"rotation": {"angle": 0, "axis": "y", "origin": [16, 16, 0]},
			"faces": {
				"north": {"uv": [12, 11.5, 12.125, 12.125], "texture": "#0"},
				"east": {"uv": [12.5, 0, 12.625, 0.625], "texture": "#0"},
				"south": {"uv": [1, 12.5, 1.125, 13.125], "texture": "#0"},
				"west": {"uv": [12.5, 1, 12.625, 1.625], "texture": "#0"},
				"up": {"uv": [13.625, 11.625, 13.5, 11.5], "texture": "#0"},
				"down": {"uv": [12.125, 13.5, 12, 13.625], "texture": "#0"}
			}
		},
		{
			"from": [9.475, -0.95, 8.2],
			"to": [9.725, 0.75, 8.3],
			"rotation": {"angle": 0, "axis": "y", "origin": [16, 16, 0]},
			"faces": {
				"north": {"uv": [11.5, 10, 11.625, 10.875], "texture": "#0"},
				"east": {"uv": [9.5, 12.5, 9.5625, 13.375], "texture": "#0"},
				"south": {"uv": [11.5, 11, 11.625, 11.875], "texture": "#0"},
				"west": {"uv": [12.5, 9.5, 12.5625, 10.375], "texture": "#0"},
				"up": {"uv": [14.125, 10.5625, 14, 10.5], "texture": "#0"},
				"down": {"uv": [11.125, 14, 11, 14.0625], "texture": "#0"}
			}
		},
		{
			"from": [9.225, -1.45, 8.2],
			"to": [9.475, -0.95, 8.3],
			"rotation": {"angle": 0, "axis": "y", "origin": [16, 16, 0]},
			"faces": {
				"north": {"uv": [13, 7, 13.125, 7.25], "texture": "#0"},
				"east": {"uv": [13.5, 13, 13.5625, 13.25], "texture": "#0"},
				"south": {"uv": [7.5, 13, 7.625, 13.25], "texture": "#0"},
				"west": {"uv": [13.5, 13.5, 13.5625, 13.75], "texture": "#0"},
				"up": {"uv": [14.125, 11.5625, 14, 11.5], "texture": "#0"},
				"down": {"uv": [12.125, 14, 12, 14.0625], "texture": "#0"}
			}
		},
		{
			"from": [8.975, -1.7, 8.2],
			"to": [9.225, -1.45, 8.3],
			"rotation": {"angle": 0, "axis": "y", "origin": [16, 16, 0]},
			"faces": {
				"north": {"uv": [14, 0, 14.125, 0.125], "texture": "#0"},
				"east": {"uv": [14, 12, 14.0625, 12.125], "texture": "#0"},
				"south": {"uv": [0.5, 14, 0.625, 14.125], "texture": "#0"},
				"west": {"uv": [12.5, 14, 12.5625, 14.125], "texture": "#0"},
				"up": {"uv": [14.125, 12.5625, 14, 12.5], "texture": "#0"},
				"down": {"uv": [13.125, 14, 13, 14.0625], "texture": "#0"}
			}
		},
		{
			"from": [8.75, -2.2, 8.2],
			"to": [9, -1.7, 8.3],
			"rotation": {"angle": 0, "axis": "y", "origin": [16, 16, 0]},
			"faces": {
				"north": {"uv": [13, 7.5, 13.125, 7.75], "texture": "#0"},
				"east": {"uv": [14, 0.5, 14.0625, 0.75], "texture": "#0"},
				"south": {"uv": [13, 8, 13.125, 8.25], "texture": "#0"},
				"west": {"uv": [1, 14, 1.0625, 14.25], "texture": "#0"},
				"up": {"uv": [14.125, 13.0625, 14, 13], "texture": "#0"},
				"down": {"uv": [13.625, 14, 13.5, 14.0625], "texture": "#0"}
			}
		},
		{
			"from": [8.5, -2.7, 8.2],
			"to": [8.75, -2.2, 8.3],
			"rotation": {"angle": 0, "axis": "y", "origin": [16, 16, 0]},
			"faces": {
				"north": {"uv": [13, 8.5, 13.125, 8.75], "texture": "#0"},
				"east": {"uv": [14, 1, 14.0625, 1.25], "texture": "#0"},
				"south": {"uv": [9, 13, 9.125, 13.25], "texture": "#0"},
				"west": {"uv": [1.5, 14, 1.5625, 14.25], "texture": "#0"},
				"up": {"uv": [14.125, 13.5625, 14, 13.5], "texture": "#0"},
				"down": {"uv": [14.125, 14, 14, 14.0625], "texture": "#0"}
			}
		},
		{
			"from": [7.525, -1.45, 8.2],
			"to": [7.775, -0.95, 8.3],
			"rotation": {"angle": 0, "axis": "y", "origin": [16, 16, 0]},
			"faces": {
				"north": {"uv": [10.5, 13, 10.625, 13.25], "texture": "#0"},
				"east": {"uv": [14, 3, 14.0625, 3.25], "texture": "#0"},
				"south": {"uv": [13, 10.5, 13.125, 10.75], "texture": "#0"},
				"west": {"uv": [3.5, 14, 3.5625, 14.25], "texture": "#0"},
				"up": {"uv": [14.625, 2.0625, 14.5, 2], "texture": "#0"},
				"down": {"uv": [2.625, 14.5, 2.5, 14.5625], "texture": "#0"}
			}
		},
		{
			"from": [7.775, -1.7, 8.2],
			"to": [8.025, -1.45, 8.3],
			"rotation": {"angle": 0, "axis": "y", "origin": [16, 16, 0]},
			"faces": {
				"north": {"uv": [14, 2.5, 14.125, 2.625], "texture": "#0"},
				"east": {"uv": [14.5, 1, 14.5625, 1.125], "texture": "#0"},
				"south": {"uv": [3, 14, 3.125, 14.125], "texture": "#0"},
				"west": {"uv": [1.5, 14.5, 1.5625, 14.625], "texture": "#0"},
				"up": {"uv": [14.625, 1.5625, 14.5, 1.5], "texture": "#0"},
				"down": {"uv": [2.125, 14.5, 2, 14.5625], "texture": "#0"}
			}
		},
		{
			"from": [8, -2.2, 8.2],
			"to": [8.25, -1.7, 8.3],
			"rotation": {"angle": 0, "axis": "y", "origin": [16, 16, 0]},
			"faces": {
				"north": {"uv": [10, 13, 10.125, 13.25], "texture": "#0"},
				"east": {"uv": [14, 2, 14.0625, 2.25], "texture": "#0"},
				"south": {"uv": [13, 10, 13.125, 10.25], "texture": "#0"},
				"west": {"uv": [2.5, 14, 2.5625, 14.25], "texture": "#0"},
				"up": {"uv": [14.625, 0.5625, 14.5, 0.5], "texture": "#0"},
				"down": {"uv": [1.125, 14.5, 1, 14.5625], "texture": "#0"}
			}
		},
		{
			"from": [8.25, -2.7, 8.2],
			"to": [8.5, -2.2, 8.3],
			"rotation": {"angle": 0, "axis": "y", "origin": [16, 16, 0]},
			"faces": {
				"north": {"uv": [13, 9, 13.125, 9.25], "texture": "#0"},
				"east": {"uv": [14, 1.5, 14.0625, 1.75], "texture": "#0"},
				"south": {"uv": [13, 9.5, 13.125, 9.75], "texture": "#0"},
				"west": {"uv": [2, 14, 2.0625, 14.25], "texture": "#0"},
				"up": {"uv": [14.625, 0.0625, 14.5, 0], "texture": "#0"},
				"down": {"uv": [0.625, 14.5, 0.5, 14.5625], "texture": "#0"}
			}
		},
		{
			"from": [7.525, -0.95, 8.15],
			"to": [7.775, 0.25, 8.35],
			"rotation": {"angle": 0, "axis": "y", "origin": [16, 16, 0]},
			"faces": {
				"north": {"uv": [1.5, 12.5, 1.625, 13.125], "texture": "#0"},
				"east": {"uv": [12.5, 2, 12.625, 2.625], "texture": "#0"},
				"south": {"uv": [12.5, 3, 12.625, 3.625], "texture": "#0"},
				"west": {"uv": [12.5, 4, 12.625, 4.625], "texture": "#0"},
				"up": {"uv": [13.625, 12.125, 13.5, 12], "texture": "#0"},
				"down": {"uv": [12.625, 13.5, 12.5, 13.625], "texture": "#0"}
			}
		},
		{
			"from": [7.275, -0.95, 8.2],
			"to": [7.525, 0.75, 8.3],
			"rotation": {"angle": 0, "axis": "y", "origin": [16, 16, 0]},
			"faces": {
				"north": {"uv": [12, 0, 12.125, 0.875], "texture": "#0"},
				"east": {"uv": [12.5, 10.5, 12.5625, 11.375], "texture": "#0"},
				"south": {"uv": [0.5, 12, 0.625, 12.875], "texture": "#0"},
				"west": {"uv": [12.5, 11.5, 12.5625, 12.375], "texture": "#0"},
				"up": {"uv": [14.125, 11.0625, 14, 11], "texture": "#0"},
				"down": {"uv": [11.625, 14, 11.5, 14.0625], "texture": "#0"}
			}
		},
		{
			"from": [8.75, -1.7, 8.15],
			"to": [8.975, 0.25, 8.35],
			"rotation": {"angle": 0, "axis": "y", "origin": [16, 16, 0]},
			"faces": {
				"north": {"uv": [7, 11, 7.125, 12], "texture": "#0"},
				"east": {"uv": [11, 7, 11.125, 8], "texture": "#0"},
				"south": {"uv": [7.5, 11, 7.625, 12], "texture": "#0"},
				"west": {"uv": [11, 8, 11.125, 9], "texture": "#0"},
				"up": {"uv": [13.625, 9.625, 13.5, 9.5], "texture": "#0"},
				"down": {"uv": [10.125, 13.5, 10, 13.625], "texture": "#0"}
			}
		},
		{
			"from": [8, -0.925, 7.875],
			"to": [9, 0.25, 8.625],
			"rotation": {"angle": 0, "axis": "y", "origin": [16, 16, 0]},
			"faces": {
				"north": {"uv": [11.5, 2.5, 11.875, 2.8125], "texture": "#0"},
				"east": {"uv": [10.5, 0, 10.875, 0.5625], "texture": "#0"},
				"south": {"uv": [11.5, 2.5, 11.875, 2.8125], "texture": "#0"},
				"west": {"uv": [0.5, 10.5, 0.875, 11.0625], "texture": "#0"},
				"up": {"uv": [5, 10.875, 4.5, 10.5], "texture": "#0"},
				"down": {"uv": [5.5, 10.5, 5, 10.875], "texture": "#0"}
			}
		},
		{
			"from": [8.125, 20.4, 7.875],
			"to": [8.875, 21, 8.625],
			"rotation": {"angle": 0, "axis": "y", "origin": [16, 16, 0]},
			"faces": {
				"north": {"uv": [11.5, 2.5, 11.875, 2.8125], "texture": "#0"},
				"east": {"uv": [11.5, 2.5, 11.875, 2.8125], "texture": "#0"},
				"south": {"uv": [11.5, 2.5, 11.875, 2.8125], "texture": "#0"},
				"west": {"uv": [11.5, 2.5, 11.875, 2.8125], "texture": "#0"},
				"up": {"uv": [11.375, 4.875, 11, 4.5], "texture": "#0"},
				"down": {"uv": [5.375, 11, 5, 11.375], "texture": "#0"}
			}
		},
		{
			"from": [8.125, 22.9, 7.875],
			"to": [8.875, 23.5, 8.625],
			"rotation": {"angle": 0, "axis": "y", "origin": [16, 16, 0]},
			"faces": {
				"north": {"uv": [11.5, 2.5, 11.875, 2.8125], "texture": "#0"},
				"east": {"uv": [11.5, 2.5, 11.875, 2.8125], "texture": "#0"},
				"south": {"uv": [11.5, 2.5, 11.875, 2.8125], "texture": "#0"},
				"west": {"uv": [11.5, 2.5, 11.875, 2.8125], "texture": "#0"},
				"up": {"uv": [11.375, 5.375, 11, 5], "texture": "#0"},
				"down": {"uv": [11.375, 5.5, 11, 5.875], "texture": "#0"}
			}
		},
		{
			"from": [8.125, 21.65, 7.875],
			"to": [8.875, 22.25, 8.625],
			"rotation": {"angle": 0, "axis": "y", "origin": [16, 16, 0]},
			"faces": {
				"north": {"uv": [11.5, 2.5, 11.875, 2.8125], "texture": "#0"},
				"east": {"uv": [11.5, 2.5, 11.875, 2.8125], "texture": "#0"},
				"south": {"uv": [11.5, 2.5, 11.875, 2.8125], "texture": "#0"},
				"west": {"uv": [11.5, 2.5, 11.875, 2.8125], "texture": "#0"},
				"up": {"uv": [11.375, 6.375, 11, 6], "texture": "#0"},
				"down": {"uv": [11.375, 6.5, 11, 6.875], "texture": "#0"}
			}
		},
		{
			"from": [8.175, -1.4, 7.875],
			"to": [8.825, -0.925, 8.625],
			"rotation": {"angle": 0, "axis": "y", "origin": [16, 16, 0]},
			"faces": {
				"north": {"uv": [11.5, 2.5, 11.875, 2.8125], "texture": "#0"},
				"east": {"uv": [12, 9, 12.375, 9.25], "texture": "#0"},
				"south": {"uv": [11.5, 2.5, 11.875, 2.8125], "texture": "#0"},
				"west": {"uv": [9.5, 12, 9.875, 12.25], "texture": "#0"},
				"up": {"uv": [11.8125, 0.375, 11.5, 0], "texture": "#0"},
				"down": {"uv": [0.8125, 11.5, 0.5, 11.875], "texture": "#0"}
			}
		},
		{
			"from": [8.5, -2.2, 8.15],
			"to": [8.75, 0.25, 8.35],
			"rotation": {"angle": 0, "axis": "y", "origin": [16, 16, 0]},
			"faces": {
				"north": {"uv": [11, 0, 11.125, 1.25], "texture": "#0"},
				"east": {"uv": [11, 1.5, 11.125, 2.75], "texture": "#0"},
				"south": {"uv": [11, 3, 11.125, 4.25], "texture": "#0"},
				"west": {"uv": [4.5, 11, 4.625, 12.25], "texture": "#0"},
				"up": {"uv": [13.625, 9.125, 13.5, 9], "texture": "#0"},
				"down": {"uv": [9.625, 13.5, 9.5, 13.625], "texture": "#0"}
			}
		},
		{
			"from": [8.25, -2.2, 8.15],
			"to": [8.5, 0.25, 8.35],
			"rotation": {"angle": 0, "axis": "y", "origin": [16, 16, 0]},
			"faces": {
				"north": {"uv": [10.5, 5, 10.625, 6.25], "texture": "#0"},
				"east": {"uv": [10.5, 6.5, 10.625, 7.75], "texture": "#0"},
				"south": {"uv": [10.5, 8, 10.625, 9.25], "texture": "#0"},
				"west": {"uv": [10.5, 9.5, 10.625, 10.75], "texture": "#0"},
				"up": {"uv": [13.625, 8.625, 13.5, 8.5], "texture": "#0"},
				"down": {"uv": [9.125, 13.5, 9, 13.625], "texture": "#0"}
			}
		}
	],
	"display": {
		"thirdperson_righthand": {
			"rotation": [0, 90, 0],
			"translation": [-0.25, -9, 1],
			"scale": [1.5, 1.5, 1.5]
		},
		"thirdperson_lefthand": {
			"rotation": [0, -90, 0],
			"translation": [0.5, -7.75, 1],
			"scale": [1.5, 1.5, 1.5]
		},
		"firstperson_righthand": {
			"rotation": [-11, 90, 0],
			"translation": [-3.25, 1, 7.5],
			"scale": [0.5, 0.5, 0.5]
		},
		"firstperson_lefthand": {
			"rotation": [-11, -90, 0],
			"translation": [-3.25, 1, 7.5],
			"scale": [0.5, 0.5, 0.5]
		},
		"ground": {
			"translation": [0, 13, 0],
			"scale": [1.5, 1.5, 1.5]
		},
		"gui": {
			"rotation": [-180, 1, -128],
			"translation": [-3, -3.75, 0]
		},
		"head": {
			"translation": [0, 23.25, 0],
			"scale": [1.5, 1.5, 1.5]
		},
		"fixed": {
			"rotation": [1, -2, 47],
			"translation": [4.5, -4.5, -2.25]
		}
	},
	"groups": [
		{
			"name": "group",
			"origin": [0, 0, 0],
			"color": 0,
			"children": [0, 1, 2]
		},
		{
			"name": "group",
			"origin": [0, 0, 0],
			"color": 0,
			"children": [
				3,
				4,
				5,
				6,
				7,
				8,
				9,
				10,
				11,
				12,
				13,
				14,
				15,
				16,
				17,
				18,
				19,
				20,
				21,
				22,
				23,
				24,
				25,
				26,
				27,
				28,
				29,
				30,
				31,
				32,
				33,
				34,
				35,
				36,
				37,
				38,
				39,
				40,
				41,
				42,
				43,
				44,
				45,
				46,
				47,
				48,
				49,
				50,
				51
			]
		}
	]
}