{
	"credit": "Made with Blockbench",
	"texture_size": [32, 32],
	"textures": {
		"0": "item/soft_pick",
		"particle": "item/soft_pick"
	},
	"elements": [
		{
			"from": [8.175, 1.75, 8],
			"to": [8.925, 3.25, 8.5],
			"faces": {
				"north": {"uv": [4.5, 1, 4.875, 1.75], "texture": "#0"},
				"east": {"uv": [4.5, 1, 4.875, 1.75], "texture": "#0"},
				"south": {"uv": [4.5, 1, 4.875, 1.75], "texture": "#0"},
				"west": {"uv": [4.5, 1, 4.875, 1.75], "texture": "#0"},
				"up": {"uv": [7.875, 4.75, 7.5, 4.5], "texture": "#0"},
				"down": {"uv": [5.375, 7.5, 5, 7.75], "texture": "#0"}
			}
		},
		{
			"from": [8.175, 6.25, 8],
			"to": [8.925, 11.75, 8.5],
			"faces": {
				"north": {"uv": [0, 0, 0.375, 2.75], "texture": "#0"},
				"east": {"uv": [0, 0, 0.375, 2.75], "texture": "#0"},
				"south": {"uv": [0, 0, 0.375, 2.75], "texture": "#0"},
				"west": {"uv": [0, 0, 0.375, 2.75], "texture": "#0"},
				"up": {"uv": [7.875, 5.25, 7.5, 5], "texture": "#0"},
				"down": {"uv": [5.875, 7.5, 5.5, 7.75], "texture": "#0"}
			}
		},
		{
			"from": [8.175, 11.75, 8],
			"to": [8.925, 14.5, 8.5],
			"faces": {
				"north": {"uv": [1, 3, 1.375, 4.375], "texture": "#0"},
				"east": {"uv": [1, 3, 1.375, 4.375], "texture": "#0"},
				"south": {"uv": [1, 3, 1.375, 4.375], "texture": "#0"},
				"west": {"uv": [1, 3, 1.375, 4.375], "texture": "#0"},
				"up": {"uv": [7.875, 5.75, 7.5, 5.5], "texture": "#0"},
				"down": {"uv": [6.375, 7.5, 6, 7.75], "texture": "#0"}
			}
		},
		{
			"from": [8.175, 4, 8],
			"to": [8.925, 6.25, 8.5],
			"faces": {
				"north": {"uv": [3.5, 3, 3.875, 4.125], "texture": "#0"},
				"east": {"uv": [3.5, 3, 3.875, 4.125], "texture": "#0"},
				"south": {"uv": [3.5, 3, 3.875, 4.125], "texture": "#0"},
				"west": {"uv": [3.5, 3, 3.875, 4.125], "texture": "#0"},
				"up": {"uv": [7.875, 6.25, 7.5, 6], "texture": "#0"},
				"down": {"uv": [6.875, 7.5, 6.5, 7.75], "texture": "#0"}
			}
		},
		{
			"from": [8.175, 3.25, 8],
			"to": [8.925, 4, 8.5],
			"faces": {
				"north": {"uv": [3, 2.5, 3.375, 2.875], "texture": "#0"},
				"east": {"uv": [3, 2.5, 3.375, 2.875], "texture": "#0"},
				"south": {"uv": [3, 2.5, 3.375, 2.875], "texture": "#0"},
				"west": {"uv": [3, 2.5, 3.375, 2.875], "texture": "#0"},
				"up": {"uv": [7.875, 7.75, 7.5, 7.5], "texture": "#0"},
				"down": {"uv": [8.375, 0, 8, 0.25], "texture": "#0"}
			}
		},
		{
			"from": [8.175, 1.25, 8],
			"to": [8.925, 1.75, 8.5],
			"faces": {
				"north": {"uv": [8, 0.5, 8.375, 0.75], "texture": "#0"},
				"east": {"uv": [8, 0.5, 8.375, 0.75], "texture": "#0"},
				"south": {"uv": [8, 0.5, 8.375, 0.75], "texture": "#0"},
				"west": {"uv": [8, 0.5, 8.375, 0.75], "texture": "#0"},
				"up": {"uv": [8.375, 1.75, 8, 1.5], "texture": "#0"},
				"down": {"uv": [8.375, 2, 8, 2.25], "texture": "#0"}
			}
		},
		{
			"from": [8.025, -0.65, 7.86],
			"to": [9.075, 1.25, 8.635],
			"faces": {
				"north": {"uv": [0, 3, 0.625, 3.9375], "texture": "#0"},
				"east": {"uv": [0, 3, 0.625, 3.9375], "texture": "#0"},
				"south": {"uv": [0, 3, 0.625, 3.9375], "texture": "#0"},
				"west": {"uv": [0, 3, 0.625, 3.9375], "texture": "#0"},
				"up": {"uv": [5.625, 2, 5, 2.375], "texture": "#0"},
				"down": {"uv": [5.625, 0, 5, 0.375], "texture": "#0"}
			}
		},
		{
			"from": [7.9, 12.425, 7.885],
			"to": [9.15, 14.675, 8.61],
			"rotation": {"angle": 0, "axis": "y", "origin": [0, 16, 0]},
			"faces": {
				"north": {"uv": [1, 0, 1.625, 1.125], "texture": "#0"},
				"east": {"uv": [1, 0, 1.625, 1.125], "texture": "#0"},
				"south": {"uv": [1, 0, 1.625, 1.125], "texture": "#0"},
				"west": {"uv": [1, 0, 1.625, 1.125], "texture": "#0"},
				"up": {"uv": [5.625, 2, 5, 2.375], "texture": "#0"},
				"down": {"uv": [5.625, 2, 5, 2.375], "texture": "#0"}
			}
		},
		{
			"from": [5.15, 12.45, 7.985],
			"to": [5.4, 14.05, 8.51],
			"rotation": {"angle": 0, "axis": "y", "origin": [16, 0, 0]},
			"faces": {
				"north": {"uv": [2.125, 7.5, 2, 8.3125], "texture": "#0"},
				"east": {"uv": [5, 5, 5.25, 5.8125], "texture": "#0"},
				"south": {"uv": [2, 7.5, 2.125, 8.3125], "texture": "#0"},
				"west": {"uv": [0, 5.5, 0.25, 6.3125], "texture": "#0"},
				"up": {"uv": [9.125, 4.75, 9, 4.5], "texture": "#0"},
				"down": {"uv": [5.125, 9, 5, 9.25], "texture": "#0"}
			}
		},
		{
			"from": [4.4, 12.2, 8.085],
			"to": [4.65, 13.8, 8.41],
			"rotation": {"angle": 0, "axis": "y", "origin": [16, 0, 0]},
			"faces": {
				"north": {"uv": [7.625, 1, 7.5, 1.8125], "texture": "#0"},
				"east": {"uv": [0, 6.5, 0.1875, 7.3125], "texture": "#0"},
				"south": {"uv": [7.5, 1, 7.625, 1.8125], "texture": "#0"},
				"west": {"uv": [6.5, 0, 6.6875, 0.8125], "texture": "#0"},
				"up": {"uv": [9.625, 3.1875, 9.5, 3], "texture": "#0"},
				"down": {"uv": [3.625, 9.5, 3.5, 9.6875], "texture": "#0"}
			}
		},
		{
			"from": [2.4, 11.2, 8.185],
			"to": [2.65, 11.75, 8.31],
			"rotation": {"angle": 0, "axis": "y", "origin": [16, 0, 0]},
			"faces": {
				"north": {"uv": [4.5, 9, 4.625, 9.25], "texture": "#0"},
				"east": {"uv": [9.5, 7.5, 9.5625, 7.75], "texture": "#0"},
				"south": {"uv": [4.5, 9, 4.625, 9.25], "texture": "#0"},
				"west": {"uv": [8, 9.5, 8.0625, 9.75], "texture": "#0"},
				"up": {"uv": [3.125, 10.0625, 3, 10], "texture": "#0"},
				"down": {"uv": [10.125, 3, 10, 3.0625], "texture": "#0"}
			}
		},
		{
			"from": [2.65, 11.4, 8.185],
			"to": [2.9, 12.25, 8.31],
			"rotation": {"angle": 0, "axis": "y", "origin": [16, 0, 0]},
			"faces": {
				"north": {"uv": [8.625, 5.5, 8.5, 5.9375], "texture": "#0"},
				"east": {"uv": [9, 7.5, 9.0625, 7.9375], "texture": "#0"},
				"south": {"uv": [8.5, 5.5, 8.625, 5.9375], "texture": "#0"},
				"west": {"uv": [8, 9, 8.0625, 9.4375], "texture": "#0"},
				"up": {"uv": [2.625, 10.0625, 2.5, 10], "texture": "#0"},
				"down": {"uv": [10.125, 2.5, 10, 2.5625], "texture": "#0"}
			}
		},
		{
			"from": [2.9, 11.575, 8.185],
			"to": [3.15, 12.55, 8.31],
			"rotation": {"angle": 0, "axis": "y", "origin": [16, 0, 0]},
			"faces": {
				"north": {"uv": [8.625, 1.5, 8.5, 2], "texture": "#0"},
				"east": {"uv": [9, 3.5, 9.0625, 4], "texture": "#0"},
				"south": {"uv": [8.5, 1.5, 8.625, 2], "texture": "#0"},
				"west": {"uv": [4, 9, 4.0625, 9.5], "texture": "#0"},
				"up": {"uv": [2.125, 10.0625, 2, 10], "texture": "#0"},
				"down": {"uv": [10.125, 2, 10, 2.0625], "texture": "#0"}
			}
		},
		{
			"from": [3.15, 11.7, 8.185],
			"to": [3.4, 12.8, 8.31],
			"rotation": {"angle": 0, "axis": "y", "origin": [16, 0, 0]},
			"faces": {
				"north": {"uv": [6.125, 8, 6, 8.5625], "texture": "#0"},
				"east": {"uv": [1, 9, 1.0625, 9.5625], "texture": "#0"},
				"south": {"uv": [6, 8, 6.125, 8.5625], "texture": "#0"},
				"west": {"uv": [9, 1, 9.0625, 1.5625], "texture": "#0"},
				"up": {"uv": [1.625, 10.0625, 1.5, 10], "texture": "#0"},
				"down": {"uv": [10.125, 1.5, 10, 1.5625], "texture": "#0"}
			}
		},
		{
			"from": [3.4, 11.95, 8.085],
			"to": [3.65, 13.05, 8.41],
			"rotation": {"angle": 0, "axis": "y", "origin": [16, 0, 0]},
			"faces": {
				"north": {"uv": [8.125, 5, 8, 5.5625], "texture": "#0"},
				"east": {"uv": [7, 7, 7.1875, 7.5625], "texture": "#0"},
				"south": {"uv": [8, 5, 8.125, 5.5625], "texture": "#0"},
				"west": {"uv": [0, 7.5, 0.1875, 8.0625], "texture": "#0"},
				"up": {"uv": [9.625, 2.6875, 9.5, 2.5], "texture": "#0"},
				"down": {"uv": [3.125, 9.5, 3, 9.6875], "texture": "#0"}
			}
		},
		{
			"from": [3.15, 11.95, 8.085],
			"to": [3.4, 12.3, 8.41],
			"rotation": {"angle": 0, "axis": "y", "origin": [16, 0, 0]},
			"faces": {
				"north": {"uv": [9.5, 0.5, 9.625, 0.6875], "texture": "#0"},
				"east": {"uv": [0.5, 9, 0.6875, 9.1875], "texture": "#0"},
				"south": {"uv": [9.5, 0.5, 9.625, 0.6875], "texture": "#0"},
				"west": {"uv": [9, 0.5, 9.1875, 0.6875], "texture": "#0"},
				"up": {"uv": [9.625, 1.1875, 9.5, 1], "texture": "#0"},
				"down": {"uv": [9.625, 1.5, 9.5, 1.6875], "texture": "#0"}
			}
		},
		{
			"from": [3.65, 11.95, 8.085],
			"to": [3.9, 13.3, 8.41],
			"rotation": {"angle": 0, "axis": "y", "origin": [16, 0, 0]},
			"faces": {
				"north": {"uv": [3.625, 8, 3.5, 8.6875], "texture": "#0"},
				"east": {"uv": [2.5, 6.5, 2.6875, 7.1875], "texture": "#0"},
				"south": {"uv": [3.5, 8, 3.625, 8.6875], "texture": "#0"},
				"west": {"uv": [6.5, 2.5, 6.6875, 3.1875], "texture": "#0"},
				"up": {"uv": [0.125, 9.6875, 0, 9.5], "texture": "#0"},
				"down": {"uv": [9.625, 0, 9.5, 0.1875], "texture": "#0"}
			}
		},
		{
			"from": [3.9, 12.2, 8.085],
			"to": [4.4, 13.55, 8.41],
			"rotation": {"angle": 0, "axis": "y", "origin": [16, 0, 0]},
			"faces": {
				"north": {"uv": [6.25, 2, 6, 2.6875], "texture": "#0"},
				"east": {"uv": [1.5, 6.5, 1.6875, 7.1875], "texture": "#0"},
				"south": {"uv": [6, 2, 6.25, 2.6875], "texture": "#0"},
				"west": {"uv": [6.5, 1.5, 6.6875, 2.1875], "texture": "#0"},
				"up": {"uv": [8.75, 7.6875, 8.5, 7.5], "texture": "#0"},
				"down": {"uv": [8.25, 8.5, 8, 8.6875], "texture": "#0"}
			}
		},
		{
			"from": [3.9, 12.45, 7.985],
			"to": [4.15, 12.8, 8.51],
			"rotation": {"angle": 0, "axis": "y", "origin": [16, 0, 0]},
			"faces": {
				"north": {"uv": [9, 9, 9.125, 9.1875], "texture": "#0"},
				"east": {"uv": [8.5, 7, 8.75, 7.1875], "texture": "#0"},
				"south": {"uv": [9, 9, 9.125, 9.1875], "texture": "#0"},
				"west": {"uv": [7.5, 8.5, 7.75, 8.6875], "texture": "#0"},
				"up": {"uv": [9.125, 2.75, 9, 2.5], "texture": "#0"},
				"down": {"uv": [3.125, 9, 3, 9.25], "texture": "#0"}
			}
		},
		{
			"from": [4.15, 12.45, 7.985],
			"to": [4.65, 13.3, 8.51],
			"rotation": {"angle": 0, "axis": "y", "origin": [16, 0, 0]},
			"faces": {
				"north": {"uv": [7.25, 5, 7, 5.4375], "texture": "#0"},
				"east": {"uv": [5, 7, 5.25, 7.4375], "texture": "#0"},
				"south": {"uv": [7, 5, 7.25, 5.4375], "texture": "#0"},
				"west": {"uv": [7, 5.5, 7.25, 5.9375], "texture": "#0"},
				"up": {"uv": [1.25, 8.75, 1, 8.5], "texture": "#0"},
				"down": {"uv": [8.75, 1, 8.5, 1.25], "texture": "#0"}
			}
		},
		{
			"from": [4.65, 12.45, 7.985],
			"to": [5.15, 13.8, 8.51],
			"rotation": {"angle": 0, "axis": "y", "origin": [16, 0, 0]},
			"faces": {
				"north": {"uv": [6.25, 0, 6, 0.6875], "texture": "#0"},
				"east": {"uv": [5.5, 5.5, 5.75, 6.1875], "texture": "#0"},
				"south": {"uv": [6, 0, 6.25, 0.6875], "texture": "#0"},
				"west": {"uv": [6, 1, 6.25, 1.6875], "texture": "#0"},
				"up": {"uv": [0.75, 8.75, 0.5, 8.5], "texture": "#0"},
				"down": {"uv": [8.75, 0.5, 8.5, 0.75], "texture": "#0"}
			}
		},
		{
			"from": [5.4, 12.7, 7.985],
			"to": [6.4, 14.05, 8.51],
			"rotation": {"angle": 0, "axis": "y", "origin": [16, 0, 0]},
			"faces": {
				"north": {"uv": [4.5, 4, 4, 4.6875], "texture": "#0"},
				"east": {"uv": [3, 5.5, 3.25, 6.1875], "texture": "#0"},
				"south": {"uv": [4, 4, 4.5, 4.6875], "texture": "#0"},
				"west": {"uv": [5.5, 3.5, 5.75, 4.1875], "texture": "#0"},
				"up": {"uv": [7, 5.75, 6.5, 5.5], "texture": "#0"},
				"down": {"uv": [5.75, 0.8125, 5, 0.5], "texture": "#0"}
			}
		},
		{
			"from": [5.65, 12.95, 7.935],
			"to": [6.4, 13.55, 8.56],
			"rotation": {"angle": 0, "axis": "y", "origin": [16, 0, 0]},
			"faces": {
				"north": {"uv": [2.375, 7, 2, 7.3125], "texture": "#0"},
				"east": {"uv": [3.5, 7.5, 3.8125, 7.8125], "texture": "#0"},
				"south": {"uv": [2, 7, 2.375, 7.3125], "texture": "#0"},
				"west": {"uv": [4, 7.5, 4.3125, 7.8125], "texture": "#0"},
				"up": {"uv": [7.375, 2.3125, 7, 2], "texture": "#0"},
				"down": {"uv": [7.375, 2.5, 7, 2.8125], "texture": "#0"}
			}
		},
		{
			"from": [4.9, 12.95, 7.935],
			"to": [5.65, 13.3, 8.56],
			"rotation": {"angle": 0, "axis": "y", "origin": [16, 0, 0]},
			"faces": {
				"north": {"uv": [8.375, 4.5, 8, 4.6875], "texture": "#0"},
				"east": {"uv": [8.5, 3.5, 8.8125, 3.6875], "texture": "#0"},
				"south": {"uv": [8, 4.5, 8.375, 4.6875], "texture": "#0"},
				"west": {"uv": [8.5, 4, 8.8125, 4.1875], "texture": "#0"},
				"up": {"uv": [7.375, 0.8125, 7, 0.5], "texture": "#0"},
				"down": {"uv": [7.375, 1, 7, 1.3125], "texture": "#0"}
			}
		},
		{
			"from": [6.4, 12.95, 7.935],
			"to": [7.9, 14.3, 8.56],
			"rotation": {"angle": 0, "axis": "y", "origin": [16, 0, 0]},
			"faces": {
				"north": {"uv": [1.5, 3, 2.25, 3.6875], "texture": "#0"},
				"east": {"uv": [2, 5, 2.3125, 5.6875], "texture": "#0"},
				"south": {"uv": [2.25, 3, 1.5, 3.6875], "texture": "#0"},
				"west": {"uv": [5, 3.5, 5.3125, 4.1875], "texture": "#0"},
				"up": {"uv": [5.75, 0.8125, 5, 0.5], "texture": "#0"},
				"down": {"uv": [5.75, 0.8125, 5, 0.5], "texture": "#0"}
			}
		},
		{
			"from": [9.15, 12.95, 7.935],
			"to": [10.65, 14.3, 8.56],
			"faces": {
				"north": {"uv": [2.25, 3, 1.5, 3.6875], "texture": "#0"},
				"east": {"uv": [5.3125, 3.5, 5, 4.1875], "texture": "#0"},
				"south": {"uv": [1.5, 3, 2.25, 3.6875], "texture": "#0"},
				"west": {"uv": [2.3125, 5, 2, 5.6875], "texture": "#0"},
				"up": {"uv": [5, 0.8125, 5.75, 0.5], "texture": "#0"},
				"down": {"uv": [5.75, 0.8125, 5, 0.5], "texture": "#0"}
			}
		},
		{
			"from": [11.4, 12.95, 7.935],
			"to": [12.15, 13.3, 8.56],
			"faces": {
				"north": {"uv": [8, 4.5, 8.375, 4.6875], "texture": "#0"},
				"east": {"uv": [8.8125, 4, 8.5, 4.1875], "texture": "#0"},
				"south": {"uv": [8.375, 4.5, 8, 4.6875], "texture": "#0"},
				"west": {"uv": [8.8125, 3.5, 8.5, 3.6875], "texture": "#0"},
				"up": {"uv": [7, 0.8125, 7.375, 0.5], "texture": "#0"},
				"down": {"uv": [7, 1, 7.375, 1.3125], "texture": "#0"}
			}
		},
		{
			"from": [10.65, 12.95, 7.935],
			"to": [11.4, 13.55, 8.56],
			"faces": {
				"north": {"uv": [2, 7, 2.375, 7.3125], "texture": "#0"},
				"east": {"uv": [4.3125, 7.5, 4, 7.8125], "texture": "#0"},
				"south": {"uv": [2.375, 7, 2, 7.3125], "texture": "#0"},
				"west": {"uv": [3.8125, 7.5, 3.5, 7.8125], "texture": "#0"},
				"up": {"uv": [7, 2.3125, 7.375, 2], "texture": "#0"},
				"down": {"uv": [7, 2.5, 7.375, 2.8125], "texture": "#0"}
			}
		},
		{
			"from": [10.65, 12.7, 7.985],
			"to": [11.65, 14.05, 8.51],
			"faces": {
				"north": {"uv": [4, 4, 4.5, 4.6875], "texture": "#0"},
				"east": {"uv": [5.75, 3.5, 5.5, 4.1875], "texture": "#0"},
				"south": {"uv": [4.5, 4, 4, 4.6875], "texture": "#0"},
				"west": {"uv": [3.25, 5.5, 3, 6.1875], "texture": "#0"},
				"up": {"uv": [6.5, 5.75, 7, 5.5], "texture": "#0"},
				"down": {"uv": [5.75, 0.8125, 5, 0.5], "texture": "#0"}
			}
		},
		{
			"from": [11.9, 12.45, 7.985],
			"to": [12.4, 13.8, 8.51],
			"faces": {
				"north": {"uv": [6, 0, 6.25, 0.6875], "texture": "#0"},
				"east": {"uv": [6.25, 1, 6, 1.6875], "texture": "#0"},
				"south": {"uv": [6.25, 0, 6, 0.6875], "texture": "#0"},
				"west": {"uv": [5.75, 5.5, 5.5, 6.1875], "texture": "#0"},
				"up": {"uv": [0.5, 8.75, 0.75, 8.5], "texture": "#0"},
				"down": {"uv": [8.5, 0.5, 8.75, 0.75], "texture": "#0"}
			}
		},
		{
			"from": [12.4, 12.45, 7.985],
			"to": [12.9, 13.3, 8.51],
			"faces": {
				"north": {"uv": [7, 5, 7.25, 5.4375], "texture": "#0"},
				"east": {"uv": [7.25, 5.5, 7, 5.9375], "texture": "#0"},
				"south": {"uv": [7.25, 5, 7, 5.4375], "texture": "#0"},
				"west": {"uv": [5.25, 7, 5, 7.4375], "texture": "#0"},
				"up": {"uv": [1, 8.75, 1.25, 8.5], "texture": "#0"},
				"down": {"uv": [8.5, 1, 8.75, 1.25], "texture": "#0"}
			}
		},
		{
			"from": [12.9, 12.45, 7.985],
			"to": [13.15, 12.8, 8.51],
			"faces": {
				"north": {"uv": [9.125, 9, 9, 9.1875], "texture": "#0"},
				"east": {"uv": [7.75, 8.5, 7.5, 8.6875], "texture": "#0"},
				"south": {"uv": [9.125, 9, 9, 9.1875], "texture": "#0"},
				"west": {"uv": [8.75, 7, 8.5, 7.1875], "texture": "#0"},
				"up": {"uv": [9, 2.75, 9.125, 2.5], "texture": "#0"},
				"down": {"uv": [3, 9, 3.125, 9.25], "texture": "#0"}
			}
		},
		{
			"from": [12.65, 12.2, 8.085],
			"to": [13.15, 13.55, 8.41],
			"faces": {
				"north": {"uv": [6, 2, 6.25, 2.6875], "texture": "#0"},
				"east": {"uv": [6.6875, 1.5, 6.5, 2.1875], "texture": "#0"},
				"south": {"uv": [6.25, 2, 6, 2.6875], "texture": "#0"},
				"west": {"uv": [1.6875, 6.5, 1.5, 7.1875], "texture": "#0"},
				"up": {"uv": [8.5, 7.6875, 8.75, 7.5], "texture": "#0"},
				"down": {"uv": [8, 8.5, 8.25, 8.6875], "texture": "#0"}
			}
		},
		{
			"from": [13.15, 11.95, 8.085],
			"to": [13.4, 13.3, 8.41],
			"faces": {
				"north": {"uv": [3.5, 8, 3.625, 8.6875], "texture": "#0"},
				"east": {"uv": [6.6875, 2.5, 6.5, 3.1875], "texture": "#0"},
				"south": {"uv": [3.625, 8, 3.5, 8.6875], "texture": "#0"},
				"west": {"uv": [2.6875, 6.5, 2.5, 7.1875], "texture": "#0"},
				"up": {"uv": [0, 9.6875, 0.125, 9.5], "texture": "#0"},
				"down": {"uv": [9.5, 0, 9.625, 0.1875], "texture": "#0"}
			}
		},
		{
			"from": [13.65, 11.95, 8.085],
			"to": [13.9, 12.3, 8.41],
			"faces": {
				"north": {"uv": [9.625, 0.5, 9.5, 0.6875], "texture": "#0"},
				"east": {"uv": [9.1875, 0.5, 9, 0.6875], "texture": "#0"},
				"south": {"uv": [9.625, 0.5, 9.5, 0.6875], "texture": "#0"},
				"west": {"uv": [0.6875, 9, 0.5, 9.1875], "texture": "#0"},
				"up": {"uv": [9.5, 1.1875, 9.625, 1], "texture": "#0"},
				"down": {"uv": [9.5, 1.5, 9.625, 1.6875], "texture": "#0"}
			}
		},
		{
			"from": [13.4, 11.95, 8.085],
			"to": [13.65, 13.05, 8.41],
			"faces": {
				"north": {"uv": [8, 5, 8.125, 5.5625], "texture": "#0"},
				"east": {"uv": [0.1875, 7.5, 0, 8.0625], "texture": "#0"},
				"south": {"uv": [8.125, 5, 8, 5.5625], "texture": "#0"},
				"west": {"uv": [7.1875, 7, 7, 7.5625], "texture": "#0"},
				"up": {"uv": [9.5, 2.6875, 9.625, 2.5], "texture": "#0"},
				"down": {"uv": [3, 9.5, 3.125, 9.6875], "texture": "#0"}
			}
		},
		{
			"from": [13.65, 11.7, 8.185],
			"to": [13.9, 12.8, 8.31],
			"faces": {
				"north": {"uv": [6, 8, 6.125, 8.5625], "texture": "#0"},
				"east": {"uv": [9.0625, 1, 9, 1.5625], "texture": "#0"},
				"south": {"uv": [6.125, 8, 6, 8.5625], "texture": "#0"},
				"west": {"uv": [1.0625, 9, 1, 9.5625], "texture": "#0"},
				"up": {"uv": [1.5, 10.0625, 1.625, 10], "texture": "#0"},
				"down": {"uv": [10, 1.5, 10.125, 1.5625], "texture": "#0"}
			}
		},
		{
			"from": [13.9, 11.575, 8.185],
			"to": [14.15, 12.55, 8.31],
			"faces": {
				"north": {"uv": [8.5, 1.5, 8.625, 2], "texture": "#0"},
				"east": {"uv": [4.0625, 9, 4, 9.5], "texture": "#0"},
				"south": {"uv": [8.625, 1.5, 8.5, 2], "texture": "#0"},
				"west": {"uv": [9.0625, 3.5, 9, 4], "texture": "#0"},
				"up": {"uv": [2, 10.0625, 2.125, 10], "texture": "#0"},
				"down": {"uv": [10, 2, 10.125, 2.0625], "texture": "#0"}
			}
		},
		{
			"from": [14.15, 11.4, 8.185],
			"to": [14.4, 12.25, 8.31],
			"faces": {
				"north": {"uv": [8.5, 5.5, 8.625, 5.9375], "texture": "#0"},
				"east": {"uv": [8.0625, 9, 8, 9.4375], "texture": "#0"},
				"south": {"uv": [8.625, 5.5, 8.5, 5.9375], "texture": "#0"},
				"west": {"uv": [9.0625, 7.5, 9, 7.9375], "texture": "#0"},
				"up": {"uv": [2.5, 10.0625, 2.625, 10], "texture": "#0"},
				"down": {"uv": [10, 2.5, 10.125, 2.5625], "texture": "#0"}
			}
		},
		{
			"from": [14.4, 11.2, 8.185],
			"to": [14.65, 11.75, 8.31],
			"faces": {
				"north": {"uv": [4.625, 9, 4.5, 9.25], "texture": "#0"},
				"east": {"uv": [8.0625, 9.5, 8, 9.75], "texture": "#0"},
				"south": {"uv": [4.625, 9, 4.5, 9.25], "texture": "#0"},
				"west": {"uv": [9.5625, 7.5, 9.5, 7.75], "texture": "#0"},
				"up": {"uv": [3, 10.0625, 3.125, 10], "texture": "#0"},
				"down": {"uv": [10, 3, 10.125, 3.0625], "texture": "#0"}
			}
		},
		{
			"from": [12.4, 12.2, 8.085],
			"to": [12.65, 13.8, 8.41],
			"faces": {
				"north": {"uv": [7.5, 1, 7.625, 1.8125], "texture": "#0"},
				"east": {"uv": [6.6875, 0, 6.5, 0.8125], "texture": "#0"},
				"south": {"uv": [7.625, 1, 7.5, 1.8125], "texture": "#0"},
				"west": {"uv": [0.1875, 6.5, 0, 7.3125], "texture": "#0"},
				"up": {"uv": [9.5, 3.1875, 9.625, 3], "texture": "#0"},
				"down": {"uv": [3.5, 9.5, 3.625, 9.6875], "texture": "#0"}
			}
		},
		{
			"from": [11.65, 12.45, 7.985],
			"to": [11.9, 14.05, 8.51],
			"faces": {
				"north": {"uv": [2, 7.5, 2.125, 8.3125], "texture": "#0"},
				"east": {"uv": [0.25, 5.5, 0, 6.3125], "texture": "#0"},
				"south": {"uv": [2.125, 7.5, 2, 8.3125], "texture": "#0"},
				"west": {"uv": [5.25, 5, 5, 5.8125], "texture": "#0"},
				"up": {"uv": [9, 4.75, 9.125, 4.5], "texture": "#0"},
				"down": {"uv": [5, 9, 5.125, 9.25], "texture": "#0"}
			}
		}
	],
	"display": {
		"thirdperson_righthand": {
			"rotation": [0, 90, 0],
			"translation": [-0.5, 0.75, 0.75],
			"scale": [1.5, 1.5, 1.5]
		},
		"thirdperson_lefthand": {
			"rotation": [0, -90, 0],
			"translation": [0.5, 0.75, 0.75],
			"scale": [1.5, 1.5, 1.5]
		},
		"firstperson_righthand": {
			"rotation": [18, 88, 0],
			"translation": [-4, 4.5, 6.25],
			"scale": [0.5, 0.5, 0.5]
		},
		"firstperson_lefthand": {
			"rotation": [18, -88, 0],
			"translation": [-4, 4.5, 6.25],
			"scale": [0.5, 0.5, 0.5]
		},
		"ground": {
			"translation": [0, 10, 0],
			"scale": [1.5, 1.5, 1.5]
		},
		"gui": {
			"rotation": [-180, 1, -128],
			"translation": [0.25, -1, 0],
			"scale": [1.2, 1.2, 1.2]
		},
		"head": {
			"translation": [0, 19.75, 0],
			"scale": [1.5, 1.5, 1.5]
		},
		"fixed": {
			"rotation": [1, -2, 47],
			"translation": [0, -0.75, -2.25]
		}
	}
}