{
	"credit": "Made with Blockbench",
	"texture_size": [32, 32],
	"textures": {
		"0": "item/axe",
		"1": "item/spade",
		"particle": "item/axe"
	},
	"elements": [
		{
			"from": [8.175, 1.75, 8],
			"to": [8.925, 3.25, 8.5],
			"faces": {
				"north": {"uv": [4.5, 1, 4.875, 1.75], "texture": "#0"},
				"east": {"uv": [4.5, 1, 4.875, 1.75], "texture": "#0"},
				"south": {"uv": [4.5, 1, 4.875, 1.75], "texture": "#0"},
				"west": {"uv": [4.5, 1, 4.875, 1.75], "texture": "#0"},
				"up": {"uv": [7.875, 4.75, 7.5, 4.5], "texture": "#0"},
				"down": {"uv": [5.375, 7.5, 5, 7.75], "texture": "#0"}
			}
		},
		{
			"from": [8.175, 6.25, 8],
			"to": [8.925, 11.75, 8.5],
			"faces": {
				"north": {"uv": [0, 0, 0.375, 2.75], "texture": "#0"},
				"east": {"uv": [0, 0, 0.375, 2.75], "texture": "#0"},
				"south": {"uv": [0, 0, 0.375, 2.75], "texture": "#0"},
				"west": {"uv": [0, 0, 0.375, 2.75], "texture": "#0"},
				"up": {"uv": [7.875, 5.25, 7.5, 5], "texture": "#0"},
				"down": {"uv": [5.875, 7.5, 5.5, 7.75], "texture": "#0"}
			}
		},
		{
			"from": [8.175, 11.75, 8],
			"to": [8.925, 14.5, 8.5],
			"faces": {
				"north": {"uv": [1, 3, 1.375, 4.375], "texture": "#0"},
				"east": {"uv": [1, 3, 1.375, 4.375], "texture": "#0"},
				"south": {"uv": [1, 3, 1.375, 4.375], "texture": "#0"},
				"west": {"uv": [1, 3, 1.375, 4.375], "texture": "#0"},
				"up": {"uv": [7.875, 5.75, 7.5, 5.5], "texture": "#0"},
				"down": {"uv": [6.375, 7.5, 6, 7.75], "texture": "#0"}
			}
		},
		{
			"from": [8.175, 4, 8],
			"to": [8.925, 6.25, 8.5],
			"faces": {
				"north": {"uv": [3.5, 3, 3.875, 4.125], "texture": "#0"},
				"east": {"uv": [3.5, 3, 3.875, 4.125], "texture": "#0"},
				"south": {"uv": [3.5, 3, 3.875, 4.125], "texture": "#0"},
				"west": {"uv": [3.5, 3, 3.875, 4.125], "texture": "#0"},
				"up": {"uv": [7.875, 6.25, 7.5, 6], "texture": "#0"},
				"down": {"uv": [6.875, 7.5, 6.5, 7.75], "texture": "#0"}
			}
		},
		{
			"from": [8.175, 3.25, 8],
			"to": [8.925, 4, 8.5],
			"faces": {
				"north": {"uv": [3, 2.5, 3.375, 2.875], "texture": "#0"},
				"east": {"uv": [3, 2.5, 3.375, 2.875], "texture": "#0"},
				"south": {"uv": [3, 2.5, 3.375, 2.875], "texture": "#0"},
				"west": {"uv": [3, 2.5, 3.375, 2.875], "texture": "#0"},
				"up": {"uv": [7.875, 7.75, 7.5, 7.5], "texture": "#0"},
				"down": {"uv": [8.375, 0, 8, 0.25], "texture": "#0"}
			}
		},
		{
			"from": [8.175, 1.25, 8],
			"to": [8.925, 1.75, 8.5],
			"faces": {
				"north": {"uv": [8, 0.5, 8.375, 0.75], "texture": "#0"},
				"east": {"uv": [8, 0.5, 8.375, 0.75], "texture": "#0"},
				"south": {"uv": [8, 0.5, 8.375, 0.75], "texture": "#0"},
				"west": {"uv": [8, 0.5, 8.375, 0.75], "texture": "#0"},
				"up": {"uv": [8.375, 1.75, 8, 1.5], "texture": "#0"},
				"down": {"uv": [8.375, 2, 8, 2.25], "texture": "#0"}
			}
		},
		{
			"from": [8.025, -0.65, 7.86],
			"to": [9.075, 1.25, 8.635],
			"faces": {
				"north": {"uv": [0, 3, 0.625, 3.9375], "texture": "#0"},
				"east": {"uv": [0, 3, 0.625, 3.9375], "texture": "#0"},
				"south": {"uv": [0, 3, 0.625, 3.9375], "texture": "#0"},
				"west": {"uv": [0, 3, 0.625, 3.9375], "texture": "#0"},
				"up": {"uv": [5.625, 2, 5, 2.375], "texture": "#0"},
				"down": {"uv": [5.625, 0, 5, 0.375], "texture": "#0"}
			}
		},
		{
			"from": [7.9, 12.425, 7.885],
			"to": [9.15, 14.675, 8.61],
			"rotation": {"angle": 0, "axis": "y", "origin": [0, 16, 0]},
			"faces": {
				"north": {"uv": [1, 0, 1.625, 1.125], "texture": "#0"},
				"east": {"uv": [1, 0, 1.625, 1.125], "texture": "#0"},
				"south": {"uv": [1, 0, 1.625, 1.125], "texture": "#0"},
				"west": {"uv": [1, 0, 1.625, 1.125], "texture": "#0"},
				"up": {"uv": [5.625, 2, 5, 2.375], "texture": "#0"},
				"down": {"uv": [5.625, 2, 5, 2.375], "texture": "#0"}
			}
		},
		{
			"from": [6.4, 12.45, 8.135],
			"to": [6.65, 16.8, 8.36],
			"rotation": {"angle": 0, "axis": "y", "origin": [16, 0, 0]},
			"faces": {
				"north": {"uv": [9.625, 0, 9.5, 2.1875], "texture": "#1"},
				"east": {"uv": [2, 6.5, 2.1875, 8.6875], "texture": "#1"},
				"south": {"uv": [9.5, 0, 9.625, 2.1875], "texture": "#1"},
				"west": {"uv": [2.5, 6.5, 2.6875, 8.6875], "texture": "#1"},
				"up": {"uv": [0.125, 11.1875, 0, 11], "texture": "#1"},
				"down": {"uv": [11.125, 0, 11, 0.1875], "texture": "#1"}
			}
		},
		{
			"from": [6.15, 12.2, 8.135],
			"to": [6.4, 15.05, 8.36],
			"rotation": {"angle": 0, "axis": "y", "origin": [16, 0, 0]},
			"faces": {
				"north": {"uv": [10.125, 0, 10, 1.4375], "texture": "#1"},
				"east": {"uv": [9.5, 5.5, 9.6875, 6.9375], "texture": "#1"},
				"south": {"uv": [10, 0, 10.125, 1.4375], "texture": "#1"},
				"west": {"uv": [6.5, 9.5, 6.6875, 10.9375], "texture": "#1"},
				"up": {"uv": [10.625, 10.1875, 10.5, 10], "texture": "#1"},
				"down": {"uv": [10.625, 10.5, 10.5, 10.6875], "texture": "#1"}
			}
		},
		{
			"from": [7.65, 13.2, 8.01],
			"to": [7.9, 19.55, 8.485],
			"rotation": {"angle": 0, "axis": "y", "origin": [16, 0, 0]},
			"faces": {
				"north": {"uv": [6.625, 6, 6.5, 9.1875], "texture": "#1"},
				"east": {"uv": [1, 0, 1.1875, 3.1875], "texture": "#1"},
				"south": {"uv": [6.5, 6, 6.625, 9.1875], "texture": "#1"},
				"west": {"uv": [1.5, 0, 1.6875, 3.1875], "texture": "#1"},
				"up": {"uv": [10.625, 9.6875, 10.5, 9.5], "texture": "#1"},
				"down": {"uv": [10.125, 10.5, 10, 10.6875], "texture": "#1"}
			}
		},
		{
			"from": [7.9, 14.675, 8.01],
			"to": [8.15, 19.8, 8.485],
			"rotation": {"angle": 0, "axis": "y", "origin": [16, 0, 0]},
			"faces": {
				"north": {"uv": [5.125, 9, 5, 11.5625], "texture": "#1"},
				"east": {"uv": [4, 6, 4.1875, 8.5625], "texture": "#1"},
				"south": {"uv": [5, 9, 5.125, 11.5625], "texture": "#1"},
				"west": {"uv": [4.5, 6, 4.6875, 8.5625], "texture": "#1"},
				"up": {"uv": [0.625, 11.1875, 0.5, 11], "texture": "#1"},
				"down": {"uv": [11.125, 0.5, 11, 0.6875], "texture": "#1"}
			}
		},
		{
			"from": [8.15, 14.675, 8.01],
			"to": [8.4, 20.05, 8.485],
			"rotation": {"angle": 0, "axis": "y", "origin": [16, 0, 0]},
			"faces": {
				"north": {"uv": [9.125, 0, 9, 2.6875], "texture": "#1"},
				"east": {"uv": [5, 0, 5.1875, 2.6875], "texture": "#1"},
				"south": {"uv": [9, 0, 9.125, 2.6875], "texture": "#1"},
				"west": {"uv": [5, 3, 5.1875, 5.6875], "texture": "#1"},
				"up": {"uv": [1.125, 11.1875, 1, 11], "texture": "#1"},
				"down": {"uv": [11.125, 1, 11, 1.1875], "texture": "#1"}
			}
		},
		{
			"from": [8.4, 14.675, 8.01],
			"to": [8.65, 20.05, 8.485],
			"rotation": {"angle": 0, "axis": "y", "origin": [16, 0, 0]},
			"faces": {
				"north": {"uv": [2.5, 9, 2.625, 11.6875], "texture": "#1"},
				"east": {"uv": [5.5, 0, 5.6875, 2.6875], "texture": "#1"},
				"south": {"uv": [2.5, 9, 2.625, 11.6875], "texture": "#1"},
				"west": {"uv": [5.5, 3, 5.6875, 5.6875], "texture": "#1"},
				"up": {"uv": [1.625, 11.1875, 1.5, 11], "texture": "#1"},
				"down": {"uv": [11.125, 1.5, 11, 1.6875], "texture": "#1"}
			}
		},
		{
			"from": [7.9, 14.675, 7.885],
			"to": [8.15, 15.05, 8.61],
			"rotation": {"angle": 0, "axis": "y", "origin": [16, 0, 0]},
			"faces": {
				"north": {"uv": [11, 4, 11.125, 4.1875], "texture": "#1"},
				"east": {"uv": [10, 4.5, 10.375, 4.6875], "texture": "#1"},
				"south": {"uv": [11, 4.5, 11.125, 4.6875], "texture": "#1"},
				"west": {"uv": [10, 5, 10.375, 5.1875], "texture": "#1"},
				"up": {"uv": [9.625, 10.375, 9.5, 10], "texture": "#1"},
				"down": {"uv": [10.125, 9.5, 10, 9.875], "texture": "#1"}
			}
		},
		{
			"from": [8.4, 14.675, 7.885],
			"to": [8.65, 15.3, 8.61],
			"rotation": {"angle": 0, "axis": "y", "origin": [16, 0, 0]},
			"faces": {
				"north": {"uv": [10.5, 0.5, 10.625, 0.8125], "texture": "#1"},
				"east": {"uv": [10, 3, 10.375, 3.3125], "texture": "#1"},
				"south": {"uv": [1, 10.5, 1.125, 10.8125], "texture": "#1"},
				"west": {"uv": [3.5, 10, 3.875, 10.3125], "texture": "#1"},
				"up": {"uv": [10.125, 8.875, 10, 8.5], "texture": "#1"},
				"down": {"uv": [10.125, 9, 10, 9.375], "texture": "#1"}
			}
		},
		{
			"from": [8.15, 14.675, 7.885],
			"to": [8.4, 15.3, 8.61],
			"rotation": {"angle": 0, "axis": "y", "origin": [16, 0, 0]},
			"faces": {
				"north": {"uv": [10.5, 0, 10.625, 0.3125], "texture": "#1"},
				"east": {"uv": [10, 2.5, 10.375, 2.8125], "texture": "#1"},
				"south": {"uv": [0.5, 10.5, 0.625, 10.8125], "texture": "#1"},
				"west": {"uv": [3, 10, 3.375, 10.3125], "texture": "#1"},
				"up": {"uv": [10.125, 7.875, 10, 7.5], "texture": "#1"},
				"down": {"uv": [10.125, 8, 10, 8.375], "texture": "#1"}
			}
		},
		{
			"from": [8.65, 14.675, 7.885],
			"to": [8.9, 15.3, 8.61],
			"rotation": {"angle": 0, "axis": "y", "origin": [16, 0, 0]},
			"faces": {
				"north": {"uv": [10, 10, 10.125, 10.3125], "texture": "#1"},
				"east": {"uv": [10, 1.5, 10.375, 1.8125], "texture": "#1"},
				"south": {"uv": [0, 10.5, 0.125, 10.8125], "texture": "#1"},
				"west": {"uv": [10, 2, 10.375, 2.3125], "texture": "#1"},
				"up": {"uv": [10.125, 6.875, 10, 6.5], "texture": "#1"},
				"down": {"uv": [10.125, 7, 10, 7.375], "texture": "#1"}
			}
		},
		{
			"from": [8.9, 14.675, 7.885],
			"to": [9.15, 15.05, 8.61],
			"rotation": {"angle": 0, "axis": "y", "origin": [16, 0, 0]},
			"faces": {
				"north": {"uv": [3.5, 11, 3.625, 11.1875], "texture": "#1"},
				"east": {"uv": [10, 3.5, 10.375, 3.6875], "texture": "#1"},
				"south": {"uv": [11, 3.5, 11.125, 3.6875], "texture": "#1"},
				"west": {"uv": [10, 4, 10.375, 4.1875], "texture": "#1"},
				"up": {"uv": [10.125, 5.875, 10, 5.5], "texture": "#1"},
				"down": {"uv": [10.125, 6, 10, 6.375], "texture": "#1"}
			}
		},
		{
			"from": [7.4, 13.2, 8.06],
			"to": [7.65, 19.3, 8.435],
			"rotation": {"angle": 0, "axis": "y", "origin": [16, 0, 0]},
			"faces": {
				"north": {"uv": [7.625, 0, 7.5, 3.0625], "texture": "#1"},
				"east": {"uv": [1, 3.5, 1.1875, 6.5625], "texture": "#1"},
				"south": {"uv": [7.5, 0, 7.625, 3.0625], "texture": "#1"},
				"west": {"uv": [1.5, 3.5, 1.6875, 6.5625], "texture": "#1"},
				"up": {"uv": [10.625, 9.1875, 10.5, 9], "texture": "#1"},
				"down": {"uv": [9.625, 10.5, 9.5, 10.6875], "texture": "#1"}
			}
		},
		{
			"from": [6.9, 12.95, 8.135],
			"to": [7.15, 18.8, 8.36],
			"rotation": {"angle": 0, "axis": "y", "origin": [16, 0, 0]},
			"faces": {
				"north": {"uv": [6.125, 8.5, 6, 11.4375], "texture": "#1"},
				"east": {"uv": [4.5, 0, 4.6875, 2.9375], "texture": "#1"},
				"south": {"uv": [6, 8.5, 6.125, 11.4375], "texture": "#1"},
				"west": {"uv": [4.5, 3, 4.6875, 5.9375], "texture": "#1"},
				"up": {"uv": [10.625, 8.1875, 10.5, 8], "texture": "#1"},
				"down": {"uv": [10.625, 8.5, 10.5, 8.6875], "texture": "#1"}
			}
		},
		{
			"from": [7.15, 12.95, 8.135],
			"to": [7.4, 19.05, 8.36],
			"rotation": {"angle": 0, "axis": "y", "origin": [16, 0, 0]},
			"faces": {
				"north": {"uv": [7.125, 3.5, 7, 6.5625], "texture": "#1"},
				"east": {"uv": [3.5, 0, 3.6875, 3.0625], "texture": "#1"},
				"south": {"uv": [7, 3.5, 7.125, 6.5625], "texture": "#1"},
				"west": {"uv": [0.5, 3.5, 0.6875, 6.5625], "texture": "#1"},
				"up": {"uv": [10.625, 7.1875, 10.5, 7], "texture": "#1"},
				"down": {"uv": [10.625, 7.5, 10.5, 7.6875], "texture": "#1"}
			}
		},
		{
			"from": [6.65, 12.7, 8.135],
			"to": [6.9, 18.55, 8.36],
			"rotation": {"angle": 0, "axis": "y", "origin": [16, 0, 0]},
			"faces": {
				"north": {"uv": [8.625, 0, 8.5, 2.9375], "texture": "#1"},
				"east": {"uv": [4, 0, 4.1875, 2.9375], "texture": "#1"},
				"south": {"uv": [8.5, 0, 8.625, 2.9375], "texture": "#1"},
				"west": {"uv": [4, 3, 4.1875, 5.9375], "texture": "#1"},
				"up": {"uv": [10.625, 6.6875, 10.5, 6.5], "texture": "#1"},
				"down": {"uv": [7.125, 10.5, 7, 10.6875], "texture": "#1"}
			}
		},
		{
			"from": [10.15, 12.7, 8.135],
			"to": [10.4, 18.55, 8.36],
			"faces": {
				"north": {"uv": [8.5, 0, 8.625, 2.9375], "texture": "#1"},
				"east": {"uv": [4.1875, 3, 4, 5.9375], "texture": "#1"},
				"south": {"uv": [8.625, 0, 8.5, 2.9375], "texture": "#1"},
				"west": {"uv": [4.1875, 0, 4, 2.9375], "texture": "#1"},
				"up": {"uv": [10.5, 6.6875, 10.625, 6.5], "texture": "#1"},
				"down": {"uv": [7, 10.5, 7.125, 10.6875], "texture": "#1"}
			}
		},
		{
			"from": [9.65, 12.95, 8.135],
			"to": [9.9, 19.05, 8.36],
			"faces": {
				"north": {"uv": [7, 3.5, 7.125, 6.5625], "texture": "#1"},
				"east": {"uv": [0.6875, 3.5, 0.5, 6.5625], "texture": "#1"},
				"south": {"uv": [7.125, 3.5, 7, 6.5625], "texture": "#1"},
				"west": {"uv": [3.6875, 0, 3.5, 3.0625], "texture": "#1"},
				"up": {"uv": [10.5, 7.1875, 10.625, 7], "texture": "#1"},
				"down": {"uv": [10.5, 7.5, 10.625, 7.6875], "texture": "#1"}
			}
		},
		{
			"from": [9.9, 12.95, 8.135],
			"to": [10.15, 18.8, 8.36],
			"faces": {
				"north": {"uv": [6, 8.5, 6.125, 11.4375], "texture": "#1"},
				"east": {"uv": [4.6875, 3, 4.5, 5.9375], "texture": "#1"},
				"south": {"uv": [6.125, 8.5, 6, 11.4375], "texture": "#1"},
				"west": {"uv": [4.6875, 0, 4.5, 2.9375], "texture": "#1"},
				"up": {"uv": [10.5, 8.1875, 10.625, 8], "texture": "#1"},
				"down": {"uv": [10.5, 8.5, 10.625, 8.6875], "texture": "#1"}
			}
		},
		{
			"from": [9.4, 13.2, 8.06],
			"to": [9.65, 19.3, 8.435],
			"faces": {
				"north": {"uv": [7.5, 0, 7.625, 3.0625], "texture": "#1"},
				"east": {"uv": [1.6875, 3.5, 1.5, 6.5625], "texture": "#1"},
				"south": {"uv": [7.625, 0, 7.5, 3.0625], "texture": "#1"},
				"west": {"uv": [1.1875, 3.5, 1, 6.5625], "texture": "#1"},
				"up": {"uv": [10.5, 9.1875, 10.625, 9], "texture": "#1"},
				"down": {"uv": [9.5, 10.5, 9.625, 10.6875], "texture": "#1"}
			}
		},
		{
			"from": [9.15, 13.2, 8.01],
			"to": [9.4, 19.55, 8.485],
			"faces": {
				"north": {"uv": [6.5, 6, 6.625, 9.1875], "texture": "#1"},
				"east": {"uv": [1.6875, 0, 1.5, 3.1875], "texture": "#1"},
				"south": {"uv": [6.625, 6, 6.5, 9.1875], "texture": "#1"},
				"west": {"uv": [1.1875, 0, 1, 3.1875], "texture": "#1"},
				"up": {"uv": [10.5, 9.6875, 10.625, 9.5], "texture": "#1"},
				"down": {"uv": [10, 10.5, 10.125, 10.6875], "texture": "#1"}
			}
		},
		{
			"from": [10.4, 12.45, 8.135],
			"to": [10.65, 16.8, 8.36],
			"faces": {
				"north": {"uv": [9.5, 0, 9.625, 2.1875], "texture": "#1"},
				"east": {"uv": [2.6875, 6.5, 2.5, 8.6875], "texture": "#1"},
				"south": {"uv": [9.625, 0, 9.5, 2.1875], "texture": "#1"},
				"west": {"uv": [2.1875, 6.5, 2, 8.6875], "texture": "#1"},
				"up": {"uv": [0, 11.1875, 0.125, 11], "texture": "#1"},
				"down": {"uv": [11, 0, 11.125, 0.1875], "texture": "#1"}
			}
		},
		{
			"from": [10.65, 12.2, 8.135],
			"to": [10.9, 15.05, 8.36],
			"faces": {
				"north": {"uv": [10, 0, 10.125, 1.4375], "texture": "#1"},
				"east": {"uv": [6.6875, 9.5, 6.5, 10.9375], "texture": "#1"},
				"south": {"uv": [10.125, 0, 10, 1.4375], "texture": "#1"},
				"west": {"uv": [9.6875, 5.5, 9.5, 6.9375], "texture": "#1"},
				"up": {"uv": [10.5, 10.1875, 10.625, 10], "texture": "#1"},
				"down": {"uv": [10.5, 10.5, 10.625, 10.6875], "texture": "#1"}
			}
		},
		{
			"from": [8.9, 14.675, 8.01],
			"to": [9.15, 19.8, 8.485],
			"faces": {
				"north": {"uv": [5, 9, 5.125, 11.5625], "texture": "#1"},
				"east": {"uv": [4.6875, 6, 4.5, 8.5625], "texture": "#1"},
				"south": {"uv": [5.125, 9, 5, 11.5625], "texture": "#1"},
				"west": {"uv": [4.1875, 6, 4, 8.5625], "texture": "#1"},
				"up": {"uv": [0.5, 11.1875, 0.625, 11], "texture": "#1"},
				"down": {"uv": [11, 0.5, 11.125, 0.6875], "texture": "#1"}
			}
		},
		{
			"from": [8.65, 14.675, 8.01],
			"to": [8.9, 20.05, 8.485],
			"faces": {
				"north": {"uv": [9, 0, 9.125, 2.6875], "texture": "#1"},
				"east": {"uv": [5.1875, 3, 5, 5.6875], "texture": "#1"},
				"south": {"uv": [9.125, 0, 9, 2.6875], "texture": "#1"},
				"west": {"uv": [5.1875, 0, 5, 2.6875], "texture": "#1"},
				"up": {"uv": [1, 11.1875, 1.125, 11], "texture": "#1"},
				"down": {"uv": [11, 1, 11.125, 1.1875], "texture": "#1"}
			}
		}
	],
	"display": {
		"thirdperson_righthand": {
			"rotation": [-50, 90, 0],
			"translation": [-0.5, -2, 3.5],
			"scale": [1.5, 1.5, 1.5]
		},
		"thirdperson_lefthand": {
			"rotation": [-49, -90, 0],
			"translation": [0.5, 0.75, 0.75],
			"scale": [1.5, 1.5, 1.5]
		},
		"firstperson_righthand": {
			"rotation": [15, 88, 0],
			"translation": [-4, 4.5, 6.25],
			"scale": [0.4, 0.4, 0.4]
		},
		"firstperson_lefthand": {
			"rotation": [18, -88, 0],
			"translation": [-4, 4.5, 6.25],
			"scale": [0.4, 0.4, 0.4]
		},
		"ground": {
			"translation": [0, 10, 0],
			"scale": [1.5, 1.5, 1.5]
		},
		"gui": {
			"rotation": [-180, 1, -128],
			"translation": [0.25, -1, 0],
			"scale": [1.2, 1.2, 1.2]
		},
		"head": {
			"translation": [0, 19.75, 0],
			"scale": [1.5, 1.5, 1.5]
		},
		"fixed": {
			"rotation": [1, -2, 47],
			"translation": [0, -0.75, -2.25]
		}
	}
}