{
	"credit": "Made with Blockbench",
	"texture_size": [32, 32],
	"textures": {
		"0": "item/staff",
		"1": "item/light_pulling_2",
		"particle": "item/staff"
	},
	"elements": [
		{
			"from": [8, -0.225, 7.975],
			"to": [8.75, 17.3, 8.525],
			"faces": {
				"north": {"uv": [0, 0, 0.375, 8.75], "texture": "#0"},
				"east": {"uv": [1, 0, 1.25, 8.75], "texture": "#0"},
				"south": {"uv": [0.5, 0, 0.875, 8.75], "texture": "#0"},
				"west": {"uv": [1.5, 0, 1.75, 8.75], "texture": "#0"},
				"up": {"uv": [12.375, 1.75, 12, 1.5], "texture": "#0"},
				"down": {"uv": [2.375, 12, 2, 12.25], "texture": "#0"}
			}
		},
		{
			"from": [7.95, 11.15, 7.925],
			"to": [8.8, 11.35, 8.575],
			"rotation": {"angle": 0, "axis": "y", "origin": [0, 16, 0]},
			"faces": {
				"north": {"uv": [11, 13, 11.4375, 13.125], "texture": "#0"},
				"east": {"uv": [8, 13.5, 8.3125, 13.625], "texture": "#0"},
				"south": {"uv": [11, 13, 11.4375, 13.125], "texture": "#0"},
				"west": {"uv": [8, 13.5, 8.3125, 13.625], "texture": "#0"},
				"up": {"uv": [10.4375, 8.3125, 10, 8], "texture": "#0"},
				"down": {"uv": [10.4375, 8.5, 10, 8.8125], "texture": "#0"}
			}
		},
		{
			"from": [7.95, 11.35, 7.925],
			"to": [8.8, 11.55, 8.575],
			"faces": {
				"north": {"uv": [13, 11.5, 13.4375, 11.625], "texture": "#0"},
				"east": {"uv": [8.5, 13.5, 8.8125, 13.625], "texture": "#0"},
				"south": {"uv": [13, 11.5, 13.4375, 11.625], "texture": "#0"},
				"west": {"uv": [8.5, 13.5, 8.8125, 13.625], "texture": "#0"},
				"up": {"uv": [9.9375, 10.3125, 9.5, 10], "texture": "#0"},
				"down": {"uv": [10.4375, 10, 10, 10.3125], "texture": "#0"}
			}
		},
		{
			"from": [7.95, 10.7, 7.925],
			"to": [8.8, 10.9, 8.575],
			"rotation": {"angle": 0, "axis": "y", "origin": [0, 16, 0]},
			"faces": {
				"north": {"uv": [11, 13, 11.4375, 13.125], "texture": "#0"},
				"east": {"uv": [8, 13.5, 8.3125, 13.625], "texture": "#0"},
				"south": {"uv": [11, 13, 11.4375, 13.125], "texture": "#0"},
				"west": {"uv": [8, 13.5, 8.3125, 13.625], "texture": "#0"},
				"up": {"uv": [10.4375, 8.3125, 10, 8], "texture": "#0"},
				"down": {"uv": [10.4375, 8.5, 10, 8.8125], "texture": "#0"}
			}
		},
		{
			"from": [7.95, 10.9, 7.925],
			"to": [8.8, 11.1, 8.575],
			"faces": {
				"north": {"uv": [13, 11.5, 13.4375, 11.625], "texture": "#0"},
				"east": {"uv": [8.5, 13.5, 8.8125, 13.625], "texture": "#0"},
				"south": {"uv": [13, 11.5, 13.4375, 11.625], "texture": "#0"},
				"west": {"uv": [8.5, 13.5, 8.8125, 13.625], "texture": "#0"},
				"up": {"uv": [9.9375, 10.3125, 9.5, 10], "texture": "#0"},
				"down": {"uv": [10.4375, 10, 10, 10.3125], "texture": "#0"}
			}
		},
		{
			"from": [7.95, 10.25, 7.925],
			"to": [8.8, 10.45, 8.575],
			"rotation": {"angle": 0, "axis": "y", "origin": [0, 16, 0]},
			"faces": {
				"north": {"uv": [11, 13, 11.4375, 13.125], "texture": "#0"},
				"east": {"uv": [8, 13.5, 8.3125, 13.625], "texture": "#0"},
				"south": {"uv": [11, 13, 11.4375, 13.125], "texture": "#0"},
				"west": {"uv": [8, 13.5, 8.3125, 13.625], "texture": "#0"},
				"up": {"uv": [10.4375, 8.3125, 10, 8], "texture": "#0"},
				"down": {"uv": [10.4375, 8.5, 10, 8.8125], "texture": "#0"}
			}
		},
		{
			"from": [7.95, 10.45, 7.925],
			"to": [8.8, 10.65, 8.575],
			"faces": {
				"north": {"uv": [13, 11.5, 13.4375, 11.625], "texture": "#0"},
				"east": {"uv": [8.5, 13.5, 8.8125, 13.625], "texture": "#0"},
				"south": {"uv": [13, 11.5, 13.4375, 11.625], "texture": "#0"},
				"west": {"uv": [8.5, 13.5, 8.8125, 13.625], "texture": "#0"},
				"up": {"uv": [9.9375, 10.3125, 9.5, 10], "texture": "#0"},
				"down": {"uv": [10.4375, 10, 10, 10.3125], "texture": "#0"}
			}
		},
		{
			"from": [7.95, 10, 7.925],
			"to": [8.8, 10.2, 8.575],
			"faces": {
				"north": {"uv": [13, 11.5, 13.4375, 11.625], "texture": "#0"},
				"east": {"uv": [8.5, 13.5, 8.8125, 13.625], "texture": "#0"},
				"south": {"uv": [13, 11.5, 13.4375, 11.625], "texture": "#0"},
				"west": {"uv": [8.5, 13.5, 8.8125, 13.625], "texture": "#0"},
				"up": {"uv": [9.9375, 10.3125, 9.5, 10], "texture": "#0"},
				"down": {"uv": [10.4375, 10, 10, 10.3125], "texture": "#0"}
			}
		},
		{
			"from": [7.95, 9.8, 7.925],
			"to": [8.8, 10, 8.575],
			"rotation": {"angle": 0, "axis": "y", "origin": [0, 16, 0]},
			"faces": {
				"north": {"uv": [11, 13, 11.4375, 13.125], "texture": "#0"},
				"east": {"uv": [8, 13.5, 8.3125, 13.625], "texture": "#0"},
				"south": {"uv": [11, 13, 11.4375, 13.125], "texture": "#0"},
				"west": {"uv": [8, 13.5, 8.3125, 13.625], "texture": "#0"},
				"up": {"uv": [10.4375, 8.3125, 10, 8], "texture": "#0"},
				"down": {"uv": [10.4375, 8.5, 10, 8.8125], "texture": "#0"}
			}
		},
		{
			"from": [7.95, 9.55, 7.925],
			"to": [8.8, 9.75, 8.575],
			"faces": {
				"north": {"uv": [13, 11.5, 13.4375, 11.625], "texture": "#0"},
				"east": {"uv": [8.5, 13.5, 8.8125, 13.625], "texture": "#0"},
				"south": {"uv": [13, 11.5, 13.4375, 11.625], "texture": "#0"},
				"west": {"uv": [8.5, 13.5, 8.8125, 13.625], "texture": "#0"},
				"up": {"uv": [9.9375, 10.3125, 9.5, 10], "texture": "#0"},
				"down": {"uv": [10.4375, 10, 10, 10.3125], "texture": "#0"}
			}
		},
		{
			"from": [7.95, 9.35, 7.925],
			"to": [8.8, 9.55, 8.575],
			"rotation": {"angle": 0, "axis": "y", "origin": [0, 16, 0]},
			"faces": {
				"north": {"uv": [11, 13, 11.4375, 13.125], "texture": "#0"},
				"east": {"uv": [8, 13.5, 8.3125, 13.625], "texture": "#0"},
				"south": {"uv": [11, 13, 11.4375, 13.125], "texture": "#0"},
				"west": {"uv": [8, 13.5, 8.3125, 13.625], "texture": "#0"},
				"up": {"uv": [10.4375, 8.3125, 10, 8], "texture": "#0"},
				"down": {"uv": [10.4375, 8.5, 10, 8.8125], "texture": "#0"}
			}
		},
		{
			"from": [7.95, 8.2, 7.925],
			"to": [8.8, 8.4, 8.575],
			"faces": {
				"north": {"uv": [13, 11.5, 13.4375, 11.625], "texture": "#0"},
				"east": {"uv": [8.5, 13.5, 8.8125, 13.625], "texture": "#0"},
				"south": {"uv": [13, 11.5, 13.4375, 11.625], "texture": "#0"},
				"west": {"uv": [8.5, 13.5, 8.8125, 13.625], "texture": "#0"},
				"up": {"uv": [9.9375, 10.3125, 9.5, 10], "texture": "#0"},
				"down": {"uv": [10.4375, 10, 10, 10.3125], "texture": "#0"}
			}
		},
		{
			"from": [7.95, 8, 7.925],
			"to": [8.8, 8.2, 8.575],
			"rotation": {"angle": 0, "axis": "y", "origin": [0, 16, 0]},
			"faces": {
				"north": {"uv": [11, 13, 11.4375, 13.125], "texture": "#0"},
				"east": {"uv": [8, 13.5, 8.3125, 13.625], "texture": "#0"},
				"south": {"uv": [11, 13, 11.4375, 13.125], "texture": "#0"},
				"west": {"uv": [8, 13.5, 8.3125, 13.625], "texture": "#0"},
				"up": {"uv": [10.4375, 8.3125, 10, 8], "texture": "#0"},
				"down": {"uv": [10.4375, 8.5, 10, 8.8125], "texture": "#0"}
			}
		},
		{
			"from": [7.95, 7.75, 7.925],
			"to": [8.8, 7.95, 8.575],
			"faces": {
				"north": {"uv": [13, 11.5, 13.4375, 11.625], "texture": "#0"},
				"east": {"uv": [8.5, 13.5, 8.8125, 13.625], "texture": "#0"},
				"south": {"uv": [13, 11.5, 13.4375, 11.625], "texture": "#0"},
				"west": {"uv": [8.5, 13.5, 8.8125, 13.625], "texture": "#0"},
				"up": {"uv": [9.9375, 10.3125, 9.5, 10], "texture": "#0"},
				"down": {"uv": [10.4375, 10, 10, 10.3125], "texture": "#0"}
			}
		},
		{
			"from": [7.95, 7.55, 7.925],
			"to": [8.8, 7.75, 8.575],
			"rotation": {"angle": 0, "axis": "y", "origin": [0, 16, 0]},
			"faces": {
				"north": {"uv": [11, 13, 11.4375, 13.125], "texture": "#0"},
				"east": {"uv": [8, 13.5, 8.3125, 13.625], "texture": "#0"},
				"south": {"uv": [11, 13, 11.4375, 13.125], "texture": "#0"},
				"west": {"uv": [8, 13.5, 8.3125, 13.625], "texture": "#0"},
				"up": {"uv": [10.4375, 8.3125, 10, 8], "texture": "#0"},
				"down": {"uv": [10.4375, 8.5, 10, 8.8125], "texture": "#0"}
			}
		},
		{
			"from": [7.95, 8.45, 7.925],
			"to": [8.8, 8.65, 8.575],
			"rotation": {"angle": 0, "axis": "y", "origin": [0, 16, 0]},
			"faces": {
				"north": {"uv": [11, 13, 11.4375, 13.125], "texture": "#0"},
				"east": {"uv": [8, 13.5, 8.3125, 13.625], "texture": "#0"},
				"south": {"uv": [11, 13, 11.4375, 13.125], "texture": "#0"},
				"west": {"uv": [8, 13.5, 8.3125, 13.625], "texture": "#0"},
				"up": {"uv": [10.4375, 8.3125, 10, 8], "texture": "#0"},
				"down": {"uv": [10.4375, 8.5, 10, 8.8125], "texture": "#0"}
			}
		},
		{
			"from": [7.95, 8.65, 7.925],
			"to": [8.8, 8.85, 8.575],
			"faces": {
				"north": {"uv": [13, 11.5, 13.4375, 11.625], "texture": "#0"},
				"east": {"uv": [8.5, 13.5, 8.8125, 13.625], "texture": "#0"},
				"south": {"uv": [13, 11.5, 13.4375, 11.625], "texture": "#0"},
				"west": {"uv": [8.5, 13.5, 8.8125, 13.625], "texture": "#0"},
				"up": {"uv": [9.9375, 10.3125, 9.5, 10], "texture": "#0"},
				"down": {"uv": [10.4375, 10, 10, 10.3125], "texture": "#0"}
			}
		},
		{
			"from": [7.95, 8.9, 7.925],
			"to": [8.8, 9.1, 8.575],
			"rotation": {"angle": 0, "axis": "y", "origin": [0, 16, 0]},
			"faces": {
				"north": {"uv": [11, 13, 11.4375, 13.125], "texture": "#0"},
				"east": {"uv": [8, 13.5, 8.3125, 13.625], "texture": "#0"},
				"south": {"uv": [11, 13, 11.4375, 13.125], "texture": "#0"},
				"west": {"uv": [8, 13.5, 8.3125, 13.625], "texture": "#0"},
				"up": {"uv": [10.4375, 8.3125, 10, 8], "texture": "#0"},
				"down": {"uv": [10.4375, 8.5, 10, 8.8125], "texture": "#0"}
			}
		},
		{
			"from": [7.95, 9.1, 7.925],
			"to": [8.8, 9.3, 8.575],
			"faces": {
				"north": {"uv": [13, 11.5, 13.4375, 11.625], "texture": "#0"},
				"east": {"uv": [8.5, 13.5, 8.8125, 13.625], "texture": "#0"},
				"south": {"uv": [13, 11.5, 13.4375, 11.625], "texture": "#0"},
				"west": {"uv": [8.5, 13.5, 8.8125, 13.625], "texture": "#0"},
				"up": {"uv": [9.9375, 10.3125, 9.5, 10], "texture": "#0"},
				"down": {"uv": [10.4375, 10, 10, 10.3125], "texture": "#0"}
			}
		},
		{
			"from": [7.85, 17.3, 7.725],
			"to": [8.875, 18.425, 8.775],
			"rotation": {"angle": 0, "axis": "y", "origin": [-0.025, 0, 0]},
			"faces": {
				"north": {"uv": [7, 2, 7.5, 2.5625], "texture": "#0"},
				"east": {"uv": [7, 2, 7.5, 2.5625], "texture": "#0"},
				"south": {"uv": [7, 2, 7.5, 2.5625], "texture": "#0"},
				"west": {"uv": [7, 2, 7.5, 2.5625], "texture": "#0"},
				"up": {"uv": [5, 7.5, 4.5, 7], "texture": "#0"},
				"down": {"uv": [5.5, 7, 5, 7.5], "texture": "#0"}
			}
		},
		{
			"from": [7.9, 18.425, 7.775],
			"to": [8.825, 18.525, 8.725],
			"rotation": {"angle": 0, "axis": "y", "origin": [-0.025, 0, 0]},
			"faces": {
				"north": {"uv": [1, 14.5, 1.4375, 14.5625], "texture": "#0"},
				"east": {"uv": [14, 11, 14.5, 11.0625], "texture": "#0"},
				"south": {"uv": [14.5, 1, 14.9375, 1.0625], "texture": "#0"},
				"west": {"uv": [11.5, 14, 12, 14.0625], "texture": "#0"},
				"up": {"uv": [4.4375, 8.5, 4, 8], "texture": "#0"},
				"down": {"uv": [8.4375, 4, 8, 4.5], "texture": "#0"}
			}
		},
		{
			"from": [8.025, 18.525, 7.925],
			"to": [8.7, 18.625, 8.575],
			"rotation": {"angle": 0, "axis": "y", "origin": [-0.025, 0, 0]},
			"faces": {
				"north": {"uv": [14.5, 10, 14.8125, 10.0625], "texture": "#0"},
				"east": {"uv": [10.5, 14.5, 10.8125, 14.5625], "texture": "#0"},
				"south": {"uv": [14.5, 10.5, 14.8125, 10.5625], "texture": "#0"},
				"west": {"uv": [11, 14.5, 11.3125, 14.5625], "texture": "#0"},
				"up": {"uv": [12.3125, 1.3125, 12, 1], "texture": "#0"},
				"down": {"uv": [1.8125, 12, 1.5, 12.3125], "texture": "#0"}
			}
		},
		{
			"from": [7.9, 17.2, 7.775],
			"to": [8.825, 17.3, 8.725],
			"rotation": {"angle": 0, "axis": "y", "origin": [-0.025, 0, 0]},
			"faces": {
				"north": {"uv": [1.5, 14.5, 1.9375, 14.5625], "texture": "#0"},
				"east": {"uv": [14, 11.5, 14.5, 11.5625], "texture": "#0"},
				"south": {"uv": [14.5, 1.5, 14.9375, 1.5625], "texture": "#0"},
				"west": {"uv": [12, 14, 12.5, 14.0625], "texture": "#0"},
				"up": {"uv": [8.4375, 5, 8, 4.5], "texture": "#0"},
				"down": {"uv": [8.4375, 5, 8, 5.5], "texture": "#0"}
			}
		},
		{
			"from": [10.65, 17.55, 8.175],
			"to": [10.8, 18.35, 8.325],
			"rotation": {"angle": 45, "axis": "y", "origin": [8.35, 19.91875, 8.25]},
			"faces": {
				"north": {"uv": [2.5, 14.5, 2.5625, 14.875], "texture": "#0"},
				"east": {"uv": [14.5, 2, 14.5625, 2.375], "texture": "#0"},
				"south": {"uv": [2.5, 14.5, 2.5625, 14.875], "texture": "#0"},
				"west": {"uv": [14.5, 2.5, 14.5625, 2.875], "texture": "#0"},
				"up": {"uv": [15.5625, 7.5625, 15.5, 7.5], "texture": "#0"},
				"down": {"uv": [8.0625, 15.5, 8, 15.5625], "texture": "#0"}
			}
		},
		{
			"from": [10.8, 17.725, 8.175],
			"to": [10.95, 18.175, 8.325],
			"rotation": {"angle": 45, "axis": "y", "origin": [8.35, 19.91875, 8.25]},
			"faces": {
				"north": {"uv": [14.5, 11.5, 14.5625, 11.75], "texture": "#0"},
				"east": {"uv": [11.5, 14.5, 11.5625, 14.75], "texture": "#0"},
				"south": {"uv": [14.5, 11.5, 14.5625, 11.75], "texture": "#0"},
				"west": {"uv": [12, 14.5, 12.0625, 14.75], "texture": "#0"},
				"up": {"uv": [15.5625, 8.0625, 15.5, 8], "texture": "#0"},
				"down": {"uv": [8.5625, 15.5, 8.5, 15.5625], "texture": "#0"}
			}
		},
		{
			"from": [10.5, 17.425, 8.15],
			"to": [10.65, 18.675, 8.35],
			"rotation": {"angle": 45, "axis": "y", "origin": [8.35, 19.91875, 8.25]},
			"faces": {
				"north": {"uv": [14, 4, 14.0625, 4.625], "texture": "#0"},
				"east": {"uv": [1.5, 12.5, 1.625, 13.125], "texture": "#0"},
				"south": {"uv": [14, 4, 14.0625, 4.625], "texture": "#0"},
				"west": {"uv": [12.5, 1.5, 12.625, 2.125], "texture": "#0"},
				"up": {"uv": [15.0625, 15.125, 15, 15], "texture": "#0"},
				"down": {"uv": [0.0625, 15.5, 0, 15.625], "texture": "#0"}
			}
		},
		{
			"from": [10.35, 17.275, 8.125],
			"to": [10.5, 19.125, 8.375],
			"rotation": {"angle": 45, "axis": "y", "origin": [8.35, 19.91875, 8.25]},
			"faces": {
				"north": {"uv": [13, 2, 13.0625, 2.9375], "texture": "#0"},
				"east": {"uv": [11.5, 0, 11.625, 0.9375], "texture": "#0"},
				"south": {"uv": [13, 2, 13.0625, 2.9375], "texture": "#0"},
				"west": {"uv": [11.5, 1, 11.625, 1.9375], "texture": "#0"},
				"up": {"uv": [15.5625, 0.125, 15.5, 0], "texture": "#0"},
				"down": {"uv": [0.5625, 15.5, 0.5, 15.625], "texture": "#0"}
			}
		},
		{
			"from": [10.2, 17, 8.1],
			"to": [10.35, 19.65, 8.4],
			"rotation": {"angle": 45, "axis": "y", "origin": [8.35, 19.91875, 8.25]},
			"faces": {
				"north": {"uv": [8, 12, 8.0625, 13.3125], "texture": "#0"},
				"east": {"uv": [9, 6, 9.125, 7.3125], "texture": "#0"},
				"south": {"uv": [8, 12, 8.0625, 13.3125], "texture": "#0"},
				"west": {"uv": [9, 7.5, 9.125, 8.8125], "texture": "#0"},
				"up": {"uv": [15.5625, 0.625, 15.5, 0.5], "texture": "#0"},
				"down": {"uv": [1.0625, 15.5, 1, 15.625], "texture": "#0"}
			}
		},
		{
			"from": [10.05, 16.65, 8.075],
			"to": [10.2, 20.525, 8.425],
			"rotation": {"angle": 45, "axis": "y", "origin": [8.35, 19.91875, 8.25]},
			"faces": {
				"north": {"uv": [7.5, 11, 7.5625, 12.9375], "texture": "#0"},
				"east": {"uv": [6, 0, 6.1875, 1.9375], "texture": "#0"},
				"south": {"uv": [7.5, 11, 7.5625, 12.9375], "texture": "#0"},
				"west": {"uv": [6, 2, 6.1875, 3.9375], "texture": "#0"},
				"up": {"uv": [5.0625, 15.1875, 5, 15], "texture": "#0"},
				"down": {"uv": [15.0625, 5, 15, 5.1875], "texture": "#0"}
			}
		},
		{
			"from": [9.9, 15.975, 8.05],
			"to": [10.05, 21.3, 8.45],
			"rotation": {"angle": 45, "axis": "y", "origin": [8.35, 19.91875, 8.25]},
			"faces": {
				"north": {"uv": [8.5, 8.5, 8.5625, 11.1875], "texture": "#0"},
				"east": {"uv": [4.5, 1, 4.6875, 3.6875], "texture": "#0"},
				"south": {"uv": [8.5, 8.5, 8.5625, 11.1875], "texture": "#0"},
				"west": {"uv": [4.5, 4, 4.6875, 6.6875], "texture": "#0"},
				"up": {"uv": [5.5625, 15.1875, 5.5, 15], "texture": "#0"},
				"down": {"uv": [15.0625, 5.5, 15, 5.6875], "texture": "#0"}
			}
		},
		{
			"from": [9.75, 15.375, 8.075],
			"to": [9.9, 22.525, 8.425],
			"rotation": {"angle": 45, "axis": "y", "origin": [8.35, 19.91875, 8.25]},
			"faces": {
				"north": {"uv": [4.5, 7.5, 4.5625, 11.0625], "texture": "#0"},
				"east": {"uv": [2, 0, 2.1875, 3.5625], "texture": "#0"},
				"south": {"uv": [4.5, 7.5, 4.5625, 11.0625], "texture": "#0"},
				"west": {"uv": [2.5, 0, 2.6875, 3.5625], "texture": "#0"},
				"up": {"uv": [6.0625, 15.1875, 6, 15], "texture": "#0"},
				"down": {"uv": [15.0625, 6, 15, 6.1875], "texture": "#0"}
			}
		},
		{
			"from": [9.6, 17.05, 8.05],
			"to": [9.75, 18.95, 8.45],
			"rotation": {"angle": 45, "axis": "y", "origin": [8.35, 19.91875, 8.25]},
			"faces": {
				"north": {"uv": [13, 4, 13.0625, 4.9375], "texture": "#0"},
				"east": {"uv": [8.5, 1.5, 8.6875, 2.4375], "texture": "#0"},
				"south": {"uv": [13, 4, 13.0625, 4.9375], "texture": "#0"},
				"west": {"uv": [8.5, 2.5, 8.6875, 3.4375], "texture": "#0"},
				"up": {"uv": [6.5625, 15.1875, 6.5, 15], "texture": "#0"},
				"down": {"uv": [15.0625, 6.5, 15, 6.6875], "texture": "#0"}
			}
		},
		{
			"from": [9.45, 17.3, 8.025],
			"to": [9.6, 18.6, 8.475],
			"rotation": {"angle": 45, "axis": "y", "origin": [8.35, 19.91875, 8.25]},
			"faces": {
				"north": {"uv": [5, 14, 5.0625, 14.625], "texture": "#0"},
				"east": {"uv": [5.5, 9.5, 5.75, 10.125], "texture": "#0"},
				"south": {"uv": [5, 14, 5.0625, 14.625], "texture": "#0"},
				"west": {"uv": [6, 9.5, 6.25, 10.125], "texture": "#0"},
				"up": {"uv": [14.5625, 12.25, 14.5, 12], "texture": "#0"},
				"down": {"uv": [12.5625, 14.5, 12.5, 14.75], "texture": "#0"}
			}
		},
		{
			"from": [9.3, 17.45, 8],
			"to": [9.45, 18.4, 8.5],
			"rotation": {"angle": 45, "axis": "y", "origin": [8.35, 19.91875, 8.25]},
			"faces": {
				"north": {"uv": [12.5, 14, 12.5625, 14.5], "texture": "#0"},
				"east": {"uv": [11, 5, 11.25, 5.5], "texture": "#0"},
				"south": {"uv": [12.5, 14, 12.5625, 14.5], "texture": "#0"},
				"west": {"uv": [5.5, 11, 5.75, 11.5], "texture": "#0"},
				"up": {"uv": [14.5625, 12.75, 14.5, 12.5], "texture": "#0"},
				"down": {"uv": [13.0625, 14.5, 13, 14.75], "texture": "#0"}
			}
		},
		{
			"from": [8.825, 17.5, 8],
			"to": [9.3, 18.35, 8.5],
			"rotation": {"angle": 45, "axis": "y", "origin": [8.35, 19.91875, 8.25]},
			"faces": {
				"north": {"uv": [11.5, 6, 11.75, 6.4375], "texture": "#0"},
				"east": {"uv": [6, 11.5, 6.25, 11.9375], "texture": "#0"},
				"south": {"uv": [11.5, 6, 11.75, 6.4375], "texture": "#0"},
				"west": {"uv": [6.5, 11.5, 6.75, 11.9375], "texture": "#0"},
				"up": {"uv": [12.75, 11.75, 12.5, 11.5], "texture": "#0"},
				"down": {"uv": [12.75, 12, 12.5, 12.25], "texture": "#0"}
			}
		},
		{
			"from": [9.6, 20.475, 8.1],
			"to": [9.75, 23.35, 8.4],
			"rotation": {"angle": 45, "axis": "y", "origin": [8.35, 19.91875, 8.25]},
			"faces": {
				"north": {"uv": [2.5, 12, 2.5625, 13.4375], "texture": "#0"},
				"east": {"uv": [5.5, 8, 5.625, 9.4375], "texture": "#0"},
				"south": {"uv": [2.5, 12, 2.5625, 13.4375], "texture": "#0"},
				"west": {"uv": [8, 5.5, 8.125, 6.9375], "texture": "#0"},
				"up": {"uv": [15.5625, 1.125, 15.5, 1], "texture": "#0"},
				"down": {"uv": [1.5625, 15.5, 1.5, 15.625], "texture": "#0"}
			}
		},
		{
			"from": [10.65, 17.55, 8.175],
			"to": [10.8, 18.35, 8.325],
			"rotation": {"angle": -45, "axis": "y", "origin": [8.35, 19.91875, 8.25]},
			"faces": {
				"north": {"uv": [2.5, 14.5, 2.5625, 14.875], "texture": "#0"},
				"east": {"uv": [14.5, 2, 14.5625, 2.375], "texture": "#0"},
				"south": {"uv": [2.5, 14.5, 2.5625, 14.875], "texture": "#0"},
				"west": {"uv": [14.5, 2.5, 14.5625, 2.875], "texture": "#0"},
				"up": {"uv": [15.5625, 7.5625, 15.5, 7.5], "texture": "#0"},
				"down": {"uv": [8.0625, 15.5, 8, 15.5625], "texture": "#0"}
			}
		},
		{
			"from": [10.8, 17.725, 8.175],
			"to": [10.95, 18.175, 8.325],
			"rotation": {"angle": -45, "axis": "y", "origin": [8.35, 19.91875, 8.25]},
			"faces": {
				"north": {"uv": [14.5, 11.5, 14.5625, 11.75], "texture": "#0"},
				"east": {"uv": [11.5, 14.5, 11.5625, 14.75], "texture": "#0"},
				"south": {"uv": [14.5, 11.5, 14.5625, 11.75], "texture": "#0"},
				"west": {"uv": [12, 14.5, 12.0625, 14.75], "texture": "#0"},
				"up": {"uv": [15.5625, 8.0625, 15.5, 8], "texture": "#0"},
				"down": {"uv": [8.5625, 15.5, 8.5, 15.5625], "texture": "#0"}
			}
		},
		{
			"from": [10.5, 17.425, 8.15],
			"to": [10.65, 18.675, 8.35],
			"rotation": {"angle": -45, "axis": "y", "origin": [8.35, 19.91875, 8.25]},
			"faces": {
				"north": {"uv": [14, 4, 14.0625, 4.625], "texture": "#0"},
				"east": {"uv": [1.5, 12.5, 1.625, 13.125], "texture": "#0"},
				"south": {"uv": [14, 4, 14.0625, 4.625], "texture": "#0"},
				"west": {"uv": [12.5, 1.5, 12.625, 2.125], "texture": "#0"},
				"up": {"uv": [15.0625, 15.125, 15, 15], "texture": "#0"},
				"down": {"uv": [0.0625, 15.5, 0, 15.625], "texture": "#0"}
			}
		},
		{
			"from": [10.35, 17.275, 8.125],
			"to": [10.5, 19.125, 8.375],
			"rotation": {"angle": -45, "axis": "y", "origin": [8.35, 19.91875, 8.25]},
			"faces": {
				"north": {"uv": [13, 2, 13.0625, 2.9375], "texture": "#0"},
				"east": {"uv": [11.5, 0, 11.625, 0.9375], "texture": "#0"},
				"south": {"uv": [13, 2, 13.0625, 2.9375], "texture": "#0"},
				"west": {"uv": [11.5, 1, 11.625, 1.9375], "texture": "#0"},
				"up": {"uv": [15.5625, 0.125, 15.5, 0], "texture": "#0"},
				"down": {"uv": [0.5625, 15.5, 0.5, 15.625], "texture": "#0"}
			}
		},
		{
			"from": [10.2, 17, 8.1],
			"to": [10.35, 19.65, 8.4],
			"rotation": {"angle": -45, "axis": "y", "origin": [8.35, 19.91875, 8.25]},
			"faces": {
				"north": {"uv": [8, 12, 8.0625, 13.3125], "texture": "#0"},
				"east": {"uv": [9, 6, 9.125, 7.3125], "texture": "#0"},
				"south": {"uv": [8, 12, 8.0625, 13.3125], "texture": "#0"},
				"west": {"uv": [9, 7.5, 9.125, 8.8125], "texture": "#0"},
				"up": {"uv": [15.5625, 0.625, 15.5, 0.5], "texture": "#0"},
				"down": {"uv": [1.0625, 15.5, 1, 15.625], "texture": "#0"}
			}
		},
		{
			"from": [10.05, 16.65, 8.075],
			"to": [10.2, 20.525, 8.425],
			"rotation": {"angle": -45, "axis": "y", "origin": [8.35, 19.91875, 8.25]},
			"faces": {
				"north": {"uv": [7.5, 11, 7.5625, 12.9375], "texture": "#0"},
				"east": {"uv": [6, 0, 6.1875, 1.9375], "texture": "#0"},
				"south": {"uv": [7.5, 11, 7.5625, 12.9375], "texture": "#0"},
				"west": {"uv": [6, 2, 6.1875, 3.9375], "texture": "#0"},
				"up": {"uv": [5.0625, 15.1875, 5, 15], "texture": "#0"},
				"down": {"uv": [15.0625, 5, 15, 5.1875], "texture": "#0"}
			}
		},
		{
			"from": [9.9, 15.975, 8.05],
			"to": [10.05, 21.3, 8.45],
			"rotation": {"angle": -45, "axis": "y", "origin": [8.35, 19.91875, 8.25]},
			"faces": {
				"north": {"uv": [8.5, 8.5, 8.5625, 11.1875], "texture": "#0"},
				"east": {"uv": [4.5, 1, 4.6875, 3.6875], "texture": "#0"},
				"south": {"uv": [8.5, 8.5, 8.5625, 11.1875], "texture": "#0"},
				"west": {"uv": [4.5, 4, 4.6875, 6.6875], "texture": "#0"},
				"up": {"uv": [5.5625, 15.1875, 5.5, 15], "texture": "#0"},
				"down": {"uv": [15.0625, 5.5, 15, 5.6875], "texture": "#0"}
			}
		},
		{
			"from": [9.75, 15.375, 8.075],
			"to": [9.9, 22.525, 8.425],
			"rotation": {"angle": -45, "axis": "y", "origin": [8.35, 19.91875, 8.25]},
			"faces": {
				"north": {"uv": [4.5, 7.5, 4.5625, 11.0625], "texture": "#0"},
				"east": {"uv": [2, 0, 2.1875, 3.5625], "texture": "#0"},
				"south": {"uv": [4.5, 7.5, 4.5625, 11.0625], "texture": "#0"},
				"west": {"uv": [2.5, 0, 2.6875, 3.5625], "texture": "#0"},
				"up": {"uv": [6.0625, 15.1875, 6, 15], "texture": "#0"},
				"down": {"uv": [15.0625, 6, 15, 6.1875], "texture": "#0"}
			}
		},
		{
			"from": [9.6, 17.05, 8.05],
			"to": [9.75, 18.95, 8.45],
			"rotation": {"angle": -45, "axis": "y", "origin": [8.35, 19.91875, 8.25]},
			"faces": {
				"north": {"uv": [13, 4, 13.0625, 4.9375], "texture": "#0"},
				"east": {"uv": [8.5, 1.5, 8.6875, 2.4375], "texture": "#0"},
				"south": {"uv": [13, 4, 13.0625, 4.9375], "texture": "#0"},
				"west": {"uv": [8.5, 2.5, 8.6875, 3.4375], "texture": "#0"},
				"up": {"uv": [6.5625, 15.1875, 6.5, 15], "texture": "#0"},
				"down": {"uv": [15.0625, 6.5, 15, 6.6875], "texture": "#0"}
			}
		},
		{
			"from": [9.45, 17.3, 8.025],
			"to": [9.6, 18.6, 8.475],
			"rotation": {"angle": -45, "axis": "y", "origin": [8.35, 19.91875, 8.25]},
			"faces": {
				"north": {"uv": [5, 14, 5.0625, 14.625], "texture": "#0"},
				"east": {"uv": [5.5, 9.5, 5.75, 10.125], "texture": "#0"},
				"south": {"uv": [5, 14, 5.0625, 14.625], "texture": "#0"},
				"west": {"uv": [6, 9.5, 6.25, 10.125], "texture": "#0"},
				"up": {"uv": [14.5625, 12.25, 14.5, 12], "texture": "#0"},
				"down": {"uv": [12.5625, 14.5, 12.5, 14.75], "texture": "#0"}
			}
		},
		{
			"from": [9.3, 17.45, 8],
			"to": [9.45, 18.4, 8.5],
			"rotation": {"angle": -45, "axis": "y", "origin": [8.35, 19.91875, 8.25]},
			"faces": {
				"north": {"uv": [12.5, 14, 12.5625, 14.5], "texture": "#0"},
				"east": {"uv": [11, 5, 11.25, 5.5], "texture": "#0"},
				"south": {"uv": [12.5, 14, 12.5625, 14.5], "texture": "#0"},
				"west": {"uv": [5.5, 11, 5.75, 11.5], "texture": "#0"},
				"up": {"uv": [14.5625, 12.75, 14.5, 12.5], "texture": "#0"},
				"down": {"uv": [13.0625, 14.5, 13, 14.75], "texture": "#0"}
			}
		},
		{
			"from": [8.825, 17.5, 8],
			"to": [9.3, 18.35, 8.5],
			"rotation": {"angle": -45, "axis": "y", "origin": [8.35, 19.91875, 8.25]},
			"faces": {
				"north": {"uv": [11.5, 6, 11.75, 6.4375], "texture": "#0"},
				"east": {"uv": [6, 11.5, 6.25, 11.9375], "texture": "#0"},
				"south": {"uv": [11.5, 6, 11.75, 6.4375], "texture": "#0"},
				"west": {"uv": [6.5, 11.5, 6.75, 11.9375], "texture": "#0"},
				"up": {"uv": [12.75, 11.75, 12.5, 11.5], "texture": "#0"},
				"down": {"uv": [12.75, 12, 12.5, 12.25], "texture": "#0"}
			}
		},
		{
			"from": [9.6, 20.475, 8.1],
			"to": [9.75, 23.35, 8.4],
			"rotation": {"angle": -45, "axis": "y", "origin": [8.35, 19.91875, 8.25]},
			"faces": {
				"north": {"uv": [2.5, 12, 2.5625, 13.4375], "texture": "#0"},
				"east": {"uv": [5.5, 8, 5.625, 9.4375], "texture": "#0"},
				"south": {"uv": [2.5, 12, 2.5625, 13.4375], "texture": "#0"},
				"west": {"uv": [8, 5.5, 8.125, 6.9375], "texture": "#0"},
				"up": {"uv": [15.5625, 1.125, 15.5, 1], "texture": "#0"},
				"down": {"uv": [1.5625, 15.5, 1.5, 15.625], "texture": "#0"}
			}
		},
		{
			"from": [8.275, 17.55, 10.55],
			"to": [8.425, 18.35, 10.7],
			"rotation": {"angle": -45, "axis": "y", "origin": [8.35, 19.91875, 8.25]},
			"faces": {
				"north": {"uv": [14.5, 2.5, 14.5625, 2.875], "texture": "#0"},
				"east": {"uv": [2.5, 14.5, 2.5625, 14.875], "texture": "#0"},
				"south": {"uv": [14.5, 2, 14.5625, 2.375], "texture": "#0"},
				"west": {"uv": [2.5, 14.5, 2.5625, 14.875], "texture": "#0"},
				"up": {"uv": [15.5625, 7.5625, 15.5, 7.5], "rotation": 90, "texture": "#0"},
				"down": {"uv": [8.0625, 15.5, 8, 15.5625], "rotation": 270, "texture": "#0"}
			}
		},
		{
			"from": [8.275, 17.725, 10.7],
			"to": [8.425, 18.175, 10.85],
			"rotation": {"angle": -45, "axis": "y", "origin": [8.35, 19.91875, 8.25]},
			"faces": {
				"north": {"uv": [12, 14.5, 12.0625, 14.75], "texture": "#0"},
				"east": {"uv": [14.5, 11.5, 14.5625, 11.75], "texture": "#0"},
				"south": {"uv": [11.5, 14.5, 11.5625, 14.75], "texture": "#0"},
				"west": {"uv": [14.5, 11.5, 14.5625, 11.75], "texture": "#0"},
				"up": {"uv": [15.5625, 8.0625, 15.5, 8], "rotation": 90, "texture": "#0"},
				"down": {"uv": [8.5625, 15.5, 8.5, 15.5625], "rotation": 270, "texture": "#0"}
			}
		},
		{
			"from": [8.25, 17.425, 10.4],
			"to": [8.45, 18.675, 10.55],
			"rotation": {"angle": -45, "axis": "y", "origin": [8.35, 19.91875, 8.25]},
			"faces": {
				"north": {"uv": [12.5, 1.5, 12.625, 2.125], "texture": "#0"},
				"east": {"uv": [14, 4, 14.0625, 4.625], "texture": "#0"},
				"south": {"uv": [1.5, 12.5, 1.625, 13.125], "texture": "#0"},
				"west": {"uv": [14, 4, 14.0625, 4.625], "texture": "#0"},
				"up": {"uv": [15.0625, 15.125, 15, 15], "rotation": 90, "texture": "#0"},
				"down": {"uv": [0.0625, 15.5, 0, 15.625], "rotation": 270, "texture": "#0"}
			}
		},
		{
			"from": [8.225, 17.275, 10.25],
			"to": [8.475, 19.125, 10.4],
			"rotation": {"angle": -45, "axis": "y", "origin": [8.35, 19.91875, 8.25]},
			"faces": {
				"north": {"uv": [11.5, 1, 11.625, 1.9375], "texture": "#0"},
				"east": {"uv": [13, 2, 13.0625, 2.9375], "texture": "#0"},
				"south": {"uv": [11.5, 0, 11.625, 0.9375], "texture": "#0"},
				"west": {"uv": [13, 2, 13.0625, 2.9375], "texture": "#0"},
				"up": {"uv": [15.5625, 0.125, 15.5, 0], "rotation": 90, "texture": "#0"},
				"down": {"uv": [0.5625, 15.5, 0.5, 15.625], "rotation": 270, "texture": "#0"}
			}
		},
		{
			"from": [8.2, 17, 10.1],
			"to": [8.5, 19.65, 10.25],
			"rotation": {"angle": -45, "axis": "y", "origin": [8.35, 19.91875, 8.25]},
			"faces": {
				"north": {"uv": [9, 7.5, 9.125, 8.8125], "texture": "#0"},
				"east": {"uv": [8, 12, 8.0625, 13.3125], "texture": "#0"},
				"south": {"uv": [9, 6, 9.125, 7.3125], "texture": "#0"},
				"west": {"uv": [8, 12, 8.0625, 13.3125], "texture": "#0"},
				"up": {"uv": [15.5625, 0.625, 15.5, 0.5], "rotation": 90, "texture": "#0"},
				"down": {"uv": [1.0625, 15.5, 1, 15.625], "rotation": 270, "texture": "#0"}
			}
		},
		{
			"from": [8.175, 16.65, 9.95],
			"to": [8.525, 20.525, 10.1],
			"rotation": {"angle": -45, "axis": "y", "origin": [8.35, 19.91875, 8.25]},
			"faces": {
				"north": {"uv": [6, 2, 6.1875, 3.9375], "texture": "#0"},
				"east": {"uv": [7.5, 11, 7.5625, 12.9375], "texture": "#0"},
				"south": {"uv": [6, 0, 6.1875, 1.9375], "texture": "#0"},
				"west": {"uv": [7.5, 11, 7.5625, 12.9375], "texture": "#0"},
				"up": {"uv": [5.0625, 15.1875, 5, 15], "rotation": 90, "texture": "#0"},
				"down": {"uv": [15.0625, 5, 15, 5.1875], "rotation": 270, "texture": "#0"}
			}
		},
		{
			"from": [8.15, 15.975, 9.8],
			"to": [8.55, 21.3, 9.95],
			"rotation": {"angle": -45, "axis": "y", "origin": [8.35, 19.91875, 8.25]},
			"faces": {
				"north": {"uv": [4.5, 4, 4.6875, 6.6875], "texture": "#0"},
				"east": {"uv": [8.5, 8.5, 8.5625, 11.1875], "texture": "#0"},
				"south": {"uv": [4.5, 1, 4.6875, 3.6875], "texture": "#0"},
				"west": {"uv": [8.5, 8.5, 8.5625, 11.1875], "texture": "#0"},
				"up": {"uv": [5.5625, 15.1875, 5.5, 15], "rotation": 90, "texture": "#0"},
				"down": {"uv": [15.0625, 5.5, 15, 5.6875], "rotation": 270, "texture": "#0"}
			}
		},
		{
			"from": [8.175, 15.375, 9.65],
			"to": [8.525, 22.525, 9.8],
			"rotation": {"angle": -45, "axis": "y", "origin": [8.35, 19.91875, 8.25]},
			"faces": {
				"north": {"uv": [2.5, 0, 2.6875, 3.5625], "texture": "#0"},
				"east": {"uv": [4.5, 7.5, 4.5625, 11.0625], "texture": "#0"},
				"south": {"uv": [2, 0, 2.1875, 3.5625], "texture": "#0"},
				"west": {"uv": [4.5, 7.5, 4.5625, 11.0625], "texture": "#0"},
				"up": {"uv": [6.0625, 15.1875, 6, 15], "rotation": 90, "texture": "#0"},
				"down": {"uv": [15.0625, 6, 15, 6.1875], "rotation": 270, "texture": "#0"}
			}
		},
		{
			"from": [8.15, 17.05, 9.5],
			"to": [8.55, 18.95, 9.65],
			"rotation": {"angle": -45, "axis": "y", "origin": [8.35, 19.91875, 8.25]},
			"faces": {
				"north": {"uv": [8.5, 2.5, 8.6875, 3.4375], "texture": "#0"},
				"east": {"uv": [13, 4, 13.0625, 4.9375], "texture": "#0"},
				"south": {"uv": [8.5, 1.5, 8.6875, 2.4375], "texture": "#0"},
				"west": {"uv": [13, 4, 13.0625, 4.9375], "texture": "#0"},
				"up": {"uv": [6.5625, 15.1875, 6.5, 15], "rotation": 90, "texture": "#0"},
				"down": {"uv": [15.0625, 6.5, 15, 6.6875], "rotation": 270, "texture": "#0"}
			}
		},
		{
			"from": [8.125, 17.3, 9.35],
			"to": [8.575, 18.6, 9.5],
			"rotation": {"angle": -45, "axis": "y", "origin": [8.35, 19.91875, 8.25]},
			"faces": {
				"north": {"uv": [6, 9.5, 6.25, 10.125], "texture": "#0"},
				"east": {"uv": [5, 14, 5.0625, 14.625], "texture": "#0"},
				"south": {"uv": [5.5, 9.5, 5.75, 10.125], "texture": "#0"},
				"west": {"uv": [5, 14, 5.0625, 14.625], "texture": "#0"},
				"up": {"uv": [14.5625, 12.25, 14.5, 12], "rotation": 90, "texture": "#0"},
				"down": {"uv": [12.5625, 14.5, 12.5, 14.75], "rotation": 270, "texture": "#0"}
			}
		},
		{
			"from": [8.1, 17.45, 9.2],
			"to": [8.6, 18.4, 9.35],
			"rotation": {"angle": -45, "axis": "y", "origin": [8.35, 19.91875, 8.25]},
			"faces": {
				"north": {"uv": [5.5, 11, 5.75, 11.5], "texture": "#0"},
				"east": {"uv": [12.5, 14, 12.5625, 14.5], "texture": "#0"},
				"south": {"uv": [11, 5, 11.25, 5.5], "texture": "#0"},
				"west": {"uv": [12.5, 14, 12.5625, 14.5], "texture": "#0"},
				"up": {"uv": [14.5625, 12.75, 14.5, 12.5], "rotation": 90, "texture": "#0"},
				"down": {"uv": [13.0625, 14.5, 13, 14.75], "rotation": 270, "texture": "#0"}
			}
		},
		{
			"from": [8.1, 17.5, 8.725],
			"to": [8.6, 18.35, 9.2],
			"rotation": {"angle": -45, "axis": "y", "origin": [8.35, 19.91875, 8.25]},
			"faces": {
				"north": {"uv": [6.5, 11.5, 6.75, 11.9375], "texture": "#0"},
				"east": {"uv": [11.5, 6, 11.75, 6.4375], "texture": "#0"},
				"south": {"uv": [6, 11.5, 6.25, 11.9375], "texture": "#0"},
				"west": {"uv": [11.5, 6, 11.75, 6.4375], "texture": "#0"},
				"up": {"uv": [12.75, 11.75, 12.5, 11.5], "rotation": 90, "texture": "#0"},
				"down": {"uv": [12.75, 12, 12.5, 12.25], "rotation": 270, "texture": "#0"}
			}
		},
		{
			"from": [8.2, 20.475, 9.5],
			"to": [8.5, 23.35, 9.65],
			"rotation": {"angle": -45, "axis": "y", "origin": [8.35, 19.91875, 8.25]},
			"faces": {
				"north": {"uv": [8, 5.5, 8.125, 6.9375], "texture": "#0"},
				"east": {"uv": [2.5, 12, 2.5625, 13.4375], "texture": "#0"},
				"south": {"uv": [5.5, 8, 5.625, 9.4375], "texture": "#0"},
				"west": {"uv": [2.5, 12, 2.5625, 13.4375], "texture": "#0"},
				"up": {"uv": [15.5625, 1.125, 15.5, 1], "rotation": 90, "texture": "#0"},
				"down": {"uv": [1.5625, 15.5, 1.5, 15.625], "rotation": 270, "texture": "#0"}
			}
		},
		{
			"from": [5.9, 17.55, 8.175],
			"to": [6.05, 18.35, 8.325],
			"rotation": {"angle": -45, "axis": "y", "origin": [8.35, 19.91875, 8.25]},
			"faces": {
				"north": {"uv": [2.5, 14.5, 2.5625, 14.875], "texture": "#0"},
				"east": {"uv": [14.5, 2.5, 14.5625, 2.875], "texture": "#0"},
				"south": {"uv": [2.5, 14.5, 2.5625, 14.875], "texture": "#0"},
				"west": {"uv": [14.5, 2, 14.5625, 2.375], "texture": "#0"},
				"up": {"uv": [15.5625, 7.5625, 15.5, 7.5], "rotation": 180, "texture": "#0"},
				"down": {"uv": [8.0625, 15.5, 8, 15.5625], "rotation": 180, "texture": "#0"}
			}
		},
		{
			"from": [5.75, 17.725, 8.175],
			"to": [5.9, 18.175, 8.325],
			"rotation": {"angle": -45, "axis": "y", "origin": [8.35, 19.91875, 8.25]},
			"faces": {
				"north": {"uv": [14.5, 11.5, 14.5625, 11.75], "texture": "#0"},
				"east": {"uv": [12, 14.5, 12.0625, 14.75], "texture": "#0"},
				"south": {"uv": [14.5, 11.5, 14.5625, 11.75], "texture": "#0"},
				"west": {"uv": [11.5, 14.5, 11.5625, 14.75], "texture": "#0"},
				"up": {"uv": [15.5625, 8.0625, 15.5, 8], "rotation": 180, "texture": "#0"},
				"down": {"uv": [8.5625, 15.5, 8.5, 15.5625], "rotation": 180, "texture": "#0"}
			}
		},
		{
			"from": [6.05, 17.425, 8.15],
			"to": [6.2, 18.675, 8.35],
			"rotation": {"angle": -45, "axis": "y", "origin": [8.35, 19.91875, 8.25]},
			"faces": {
				"north": {"uv": [14, 4, 14.0625, 4.625], "texture": "#0"},
				"east": {"uv": [12.5, 1.5, 12.625, 2.125], "texture": "#0"},
				"south": {"uv": [14, 4, 14.0625, 4.625], "texture": "#0"},
				"west": {"uv": [1.5, 12.5, 1.625, 13.125], "texture": "#0"},
				"up": {"uv": [15.0625, 15.125, 15, 15], "rotation": 180, "texture": "#0"},
				"down": {"uv": [0.0625, 15.5, 0, 15.625], "rotation": 180, "texture": "#0"}
			}
		},
		{
			"from": [6.2, 17.275, 8.125],
			"to": [6.35, 19.125, 8.375],
			"rotation": {"angle": -45, "axis": "y", "origin": [8.35, 19.91875, 8.25]},
			"faces": {
				"north": {"uv": [13, 2, 13.0625, 2.9375], "texture": "#0"},
				"east": {"uv": [11.5, 1, 11.625, 1.9375], "texture": "#0"},
				"south": {"uv": [13, 2, 13.0625, 2.9375], "texture": "#0"},
				"west": {"uv": [11.5, 0, 11.625, 0.9375], "texture": "#0"},
				"up": {"uv": [15.5625, 0.125, 15.5, 0], "rotation": 180, "texture": "#0"},
				"down": {"uv": [0.5625, 15.5, 0.5, 15.625], "rotation": 180, "texture": "#0"}
			}
		},
		{
			"from": [6.35, 17, 8.1],
			"to": [6.5, 19.65, 8.4],
			"rotation": {"angle": -45, "axis": "y", "origin": [8.35, 19.91875, 8.25]},
			"faces": {
				"north": {"uv": [8, 12, 8.0625, 13.3125], "texture": "#0"},
				"east": {"uv": [9, 7.5, 9.125, 8.8125], "texture": "#0"},
				"south": {"uv": [8, 12, 8.0625, 13.3125], "texture": "#0"},
				"west": {"uv": [9, 6, 9.125, 7.3125], "texture": "#0"},
				"up": {"uv": [15.5625, 0.625, 15.5, 0.5], "rotation": 180, "texture": "#0"},
				"down": {"uv": [1.0625, 15.5, 1, 15.625], "rotation": 180, "texture": "#0"}
			}
		},
		{
			"from": [6.5, 16.65, 8.075],
			"to": [6.65, 20.525, 8.425],
			"rotation": {"angle": -45, "axis": "y", "origin": [8.35, 19.91875, 8.25]},
			"faces": {
				"north": {"uv": [7.5, 11, 7.5625, 12.9375], "texture": "#0"},
				"east": {"uv": [6, 2, 6.1875, 3.9375], "texture": "#0"},
				"south": {"uv": [7.5, 11, 7.5625, 12.9375], "texture": "#0"},
				"west": {"uv": [6, 0, 6.1875, 1.9375], "texture": "#0"},
				"up": {"uv": [5.0625, 15.1875, 5, 15], "rotation": 180, "texture": "#0"},
				"down": {"uv": [15.0625, 5, 15, 5.1875], "rotation": 180, "texture": "#0"}
			}
		},
		{
			"from": [6.65, 15.975, 8.05],
			"to": [6.8, 21.3, 8.45],
			"rotation": {"angle": -45, "axis": "y", "origin": [8.35, 19.91875, 8.25]},
			"faces": {
				"north": {"uv": [8.5, 8.5, 8.5625, 11.1875], "texture": "#0"},
				"east": {"uv": [4.5, 4, 4.6875, 6.6875], "texture": "#0"},
				"south": {"uv": [8.5, 8.5, 8.5625, 11.1875], "texture": "#0"},
				"west": {"uv": [4.5, 1, 4.6875, 3.6875], "texture": "#0"},
				"up": {"uv": [5.5625, 15.1875, 5.5, 15], "rotation": 180, "texture": "#0"},
				"down": {"uv": [15.0625, 5.5, 15, 5.6875], "rotation": 180, "texture": "#0"}
			}
		},
		{
			"from": [6.8, 15.375, 8.075],
			"to": [6.95, 22.525, 8.425],
			"rotation": {"angle": -45, "axis": "y", "origin": [8.35, 19.91875, 8.25]},
			"faces": {
				"north": {"uv": [4.5, 7.5, 4.5625, 11.0625], "texture": "#0"},
				"east": {"uv": [2.5, 0, 2.6875, 3.5625], "texture": "#0"},
				"south": {"uv": [4.5, 7.5, 4.5625, 11.0625], "texture": "#0"},
				"west": {"uv": [2, 0, 2.1875, 3.5625], "texture": "#0"},
				"up": {"uv": [6.0625, 15.1875, 6, 15], "rotation": 180, "texture": "#0"},
				"down": {"uv": [15.0625, 6, 15, 6.1875], "rotation": 180, "texture": "#0"}
			}
		},
		{
			"from": [6.95, 17.05, 8.05],
			"to": [7.1, 18.95, 8.45],
			"rotation": {"angle": -45, "axis": "y", "origin": [8.35, 19.91875, 8.25]},
			"faces": {
				"north": {"uv": [13, 4, 13.0625, 4.9375], "texture": "#0"},
				"east": {"uv": [8.5, 2.5, 8.6875, 3.4375], "texture": "#0"},
				"south": {"uv": [13, 4, 13.0625, 4.9375], "texture": "#0"},
				"west": {"uv": [8.5, 1.5, 8.6875, 2.4375], "texture": "#0"},
				"up": {"uv": [6.5625, 15.1875, 6.5, 15], "rotation": 180, "texture": "#0"},
				"down": {"uv": [15.0625, 6.5, 15, 6.6875], "rotation": 180, "texture": "#0"}
			}
		},
		{
			"from": [7.1, 17.3, 8.025],
			"to": [7.25, 18.6, 8.475],
			"rotation": {"angle": -45, "axis": "y", "origin": [8.35, 19.91875, 8.25]},
			"faces": {
				"north": {"uv": [5, 14, 5.0625, 14.625], "texture": "#0"},
				"east": {"uv": [6, 9.5, 6.25, 10.125], "texture": "#0"},
				"south": {"uv": [5, 14, 5.0625, 14.625], "texture": "#0"},
				"west": {"uv": [5.5, 9.5, 5.75, 10.125], "texture": "#0"},
				"up": {"uv": [14.5625, 12.25, 14.5, 12], "rotation": 180, "texture": "#0"},
				"down": {"uv": [12.5625, 14.5, 12.5, 14.75], "rotation": 180, "texture": "#0"}
			}
		},
		{
			"from": [7.25, 17.45, 8],
			"to": [7.4, 18.4, 8.5],
			"rotation": {"angle": -45, "axis": "y", "origin": [8.35, 19.91875, 8.25]},
			"faces": {
				"north": {"uv": [12.5, 14, 12.5625, 14.5], "texture": "#0"},
				"east": {"uv": [5.5, 11, 5.75, 11.5], "texture": "#0"},
				"south": {"uv": [12.5, 14, 12.5625, 14.5], "texture": "#0"},
				"west": {"uv": [11, 5, 11.25, 5.5], "texture": "#0"},
				"up": {"uv": [14.5625, 12.75, 14.5, 12.5], "rotation": 180, "texture": "#0"},
				"down": {"uv": [13.0625, 14.5, 13, 14.75], "rotation": 180, "texture": "#0"}
			}
		},
		{
			"from": [7.4, 17.5, 8],
			"to": [7.875, 18.35, 8.5],
			"rotation": {"angle": -45, "axis": "y", "origin": [8.35, 19.91875, 8.25]},
			"faces": {
				"north": {"uv": [11.5, 6, 11.75, 6.4375], "texture": "#0"},
				"east": {"uv": [6.5, 11.5, 6.75, 11.9375], "texture": "#0"},
				"south": {"uv": [11.5, 6, 11.75, 6.4375], "texture": "#0"},
				"west": {"uv": [6, 11.5, 6.25, 11.9375], "texture": "#0"},
				"up": {"uv": [12.75, 11.75, 12.5, 11.5], "rotation": 180, "texture": "#0"},
				"down": {"uv": [12.75, 12, 12.5, 12.25], "rotation": 180, "texture": "#0"}
			}
		},
		{
			"from": [6.95, 20.475, 8.1],
			"to": [7.1, 23.35, 8.4],
			"rotation": {"angle": -45, "axis": "y", "origin": [8.35, 19.91875, 8.25]},
			"faces": {
				"north": {"uv": [2.5, 12, 2.5625, 13.4375], "texture": "#0"},
				"east": {"uv": [8, 5.5, 8.125, 6.9375], "texture": "#0"},
				"south": {"uv": [2.5, 12, 2.5625, 13.4375], "texture": "#0"},
				"west": {"uv": [5.5, 8, 5.625, 9.4375], "texture": "#0"},
				"up": {"uv": [15.5625, 1.125, 15.5, 1], "rotation": 180, "texture": "#0"},
				"down": {"uv": [1.5625, 15.5, 1.5, 15.625], "rotation": 180, "texture": "#0"}
			}
		},
		{
			"from": [7.95, -1.675, 7.925],
			"to": [8.8, -0.225, 8.575],
			"faces": {
				"north": {"uv": [7, 0, 7.4375, 0.75], "texture": "#0"},
				"east": {"uv": [6.5, 7, 6.8125, 7.75], "texture": "#0"},
				"south": {"uv": [7, 0, 7.4375, 0.75], "texture": "#0"},
				"west": {"uv": [7, 7, 7.3125, 7.75], "texture": "#0"},
				"up": {"uv": [11.4375, 1.3125, 11, 1], "texture": "#0"},
				"down": {"uv": [11.4375, 1.5, 11, 1.8125], "texture": "#0"}
			}
		},
		{
			"from": [7.775, -2.9, 8],
			"to": [8.975, -1.025, 8.5],
			"faces": {
				"north": {"uv": [4.5, 0, 5.125, 0.9375], "texture": "#0"},
				"east": {"uv": [7.5, 0, 7.75, 0.9375], "texture": "#0"},
				"south": {"uv": [4.5, 0, 5.125, 0.9375], "texture": "#0"},
				"west": {"uv": [7.5, 1, 7.75, 1.9375], "texture": "#0"},
				"up": {"uv": [10.125, 9.25, 9.5, 9], "texture": "#0"},
				"down": {"uv": [10.125, 9.5, 9.5, 9.75], "texture": "#0"}
			}
		},
		{
			"from": [8.975, -2.025, 8.025],
			"to": [9.175, -0.725, 8.475],
			"faces": {
				"north": {"uv": [12.5, 6.5, 12.625, 7.125], "texture": "#0"},
				"east": {"uv": [10, 0, 10.25, 0.625], "texture": "#0"},
				"south": {"uv": [12.625, 6.5, 12.5, 7.125], "texture": "#0"},
				"west": {"uv": [10, 1, 10.25, 1.625], "texture": "#0"},
				"up": {"uv": [0.125, 14.75, 0, 14.5], "texture": "#0"},
				"down": {"uv": [14.625, 0, 14.5, 0.25], "texture": "#0"}
			}
		},
		{
			"from": [9.175, -1.55, 8.05],
			"to": [9.325, -0.375, 8.45],
			"faces": {
				"north": {"uv": [9.5, 14, 9.5625, 14.5625], "texture": "#0"},
				"east": {"uv": [0, 12, 0.1875, 12.5625], "texture": "#0"},
				"south": {"uv": [9.5, 14, 9.5625, 14.5625], "texture": "#0"},
				"west": {"uv": [12, 0, 12.1875, 0.5625], "texture": "#0"},
				"up": {"uv": [13.0625, 15.1875, 13, 15], "texture": "#0"},
				"down": {"uv": [15.0625, 13, 15, 13.1875], "texture": "#0"}
			}
		},
		{
			"from": [7.425, -1.55, 8.05],
			"to": [7.575, -0.375, 8.45],
			"faces": {
				"north": {"uv": [14, 10, 14.0625, 10.5625], "texture": "#0"},
				"east": {"uv": [0.5, 12, 0.6875, 12.5625], "texture": "#0"},
				"south": {"uv": [14, 10, 14.0625, 10.5625], "texture": "#0"},
				"west": {"uv": [1, 12, 1.1875, 12.5625], "texture": "#0"},
				"up": {"uv": [13.5625, 15.1875, 13.5, 15], "texture": "#0"},
				"down": {"uv": [15.0625, 13.5, 15, 13.6875], "texture": "#0"}
			}
		},
		{
			"from": [7.575, -2.025, 8.025],
			"to": [7.775, -0.725, 8.475],
			"faces": {
				"north": {"uv": [12.5, 8.5, 12.625, 9.125], "texture": "#0"},
				"east": {"uv": [10, 2, 10.25, 2.625], "texture": "#0"},
				"south": {"uv": [12.625, 8.5, 12.5, 9.125], "texture": "#0"},
				"west": {"uv": [10, 3, 10.25, 3.625], "texture": "#0"},
				"up": {"uv": [0.625, 14.75, 0.5, 14.5], "texture": "#0"},
				"down": {"uv": [14.625, 0.5, 14.5, 0.75], "texture": "#0"}
			}
		},
		{
			"from": [7.925, -4.075, 8.025],
			"to": [8.825, -2.9, 8.475],
			"faces": {
				"north": {"uv": [7, 6, 7.4375, 6.5625], "texture": "#0"},
				"east": {"uv": [10, 4, 10.25, 4.5625], "texture": "#0"},
				"south": {"uv": [7, 6, 7.4375, 6.5625], "texture": "#0"},
				"west": {"uv": [10, 5, 10.25, 5.5625], "texture": "#0"},
				"up": {"uv": [11.9375, 11.25, 11.5, 11], "texture": "#0"},
				"down": {"uv": [11.9375, 11.5, 11.5, 11.75], "texture": "#0"}
			}
		},
		{
			"from": [8.075, -5.6, 8.05],
			"to": [8.675, -4.075, 8.45],
			"faces": {
				"north": {"uv": [7.5, 3, 7.8125, 3.75], "texture": "#0"},
				"east": {"uv": [10, 6, 10.1875, 6.75], "texture": "#0"},
				"south": {"uv": [7.5, 3, 7.8125, 3.75], "texture": "#0"},
				"west": {"uv": [10, 7, 10.1875, 7.75], "texture": "#0"},
				"up": {"uv": [13.3125, 10.1875, 13, 10], "texture": "#0"},
				"down": {"uv": [10.8125, 13, 10.5, 13.1875], "texture": "#0"}
			}
		},
		{
			"from": [8.175, -7, 8.075],
			"to": [8.575, -5.6, 8.425],
			"faces": {
				"north": {"uv": [4, 11, 4.1875, 11.6875], "texture": "#0"},
				"east": {"uv": [11, 3, 11.1875, 3.6875], "texture": "#0"},
				"south": {"uv": [4, 11, 4.1875, 11.6875], "texture": "#0"},
				"west": {"uv": [11, 4, 11.1875, 4.6875], "texture": "#0"},
				"up": {"uv": [10.6875, 14.1875, 10.5, 14], "texture": "#0"},
				"down": {"uv": [11.1875, 14, 11, 14.1875], "texture": "#0"}
			}
		},
		{
			"from": [9.325, -0.95, 8.075],
			"to": [9.475, -0.225, 8.425],
			"faces": {
				"north": {"uv": [14.5, 8.5, 14.5625, 8.875], "texture": "#0"},
				"east": {"uv": [12.5, 9.5, 12.6875, 9.875], "texture": "#0"},
				"south": {"uv": [14.5, 8.5, 14.5625, 8.875], "texture": "#0"},
				"west": {"uv": [12.5, 10, 12.6875, 10.375], "texture": "#0"},
				"up": {"uv": [14.0625, 15.1875, 14, 15], "texture": "#0"},
				"down": {"uv": [15.0625, 14, 15, 14.1875], "texture": "#0"}
			}
		},
		{
			"from": [7.275, -0.95, 8.075],
			"to": [7.425, -0.225, 8.425],
			"faces": {
				"north": {"uv": [14.5, 9.5, 14.5625, 9.875], "texture": "#0"},
				"east": {"uv": [12.5, 10.5, 12.6875, 10.875], "texture": "#0"},
				"south": {"uv": [14.5, 9.5, 14.5625, 9.875], "texture": "#0"},
				"west": {"uv": [12.5, 11, 12.6875, 11.375], "texture": "#0"},
				"up": {"uv": [14.5625, 15.1875, 14.5, 15], "texture": "#0"},
				"down": {"uv": [15.0625, 14.5, 15, 14.6875], "texture": "#0"}
			}
		},
		{
			"from": [8.25, -8.375, 8.1],
			"to": [8.5, -7, 8.4],
			"faces": {
				"north": {"uv": [12, 6.5, 12.125, 7.1875], "texture": "#0"},
				"east": {"uv": [6.5, 12, 6.625, 12.6875], "texture": "#0"},
				"south": {"uv": [12, 6.5, 12.125, 7.1875], "texture": "#0"},
				"west": {"uv": [7, 12, 7.125, 12.6875], "texture": "#0"},
				"up": {"uv": [4.625, 15.125, 4.5, 15], "texture": "#0"},
				"down": {"uv": [15.125, 4.5, 15, 4.625], "texture": "#0"}
			}
		},
		{
			"from": [4.975, 26, 4.7],
			"to": [10.975, 26, 10.7],
			"rotation": {"angle": 22.5, "axis": "x", "origin": [8.375, 25, 8.25]},
			"faces": {
				"down": {"uv": [0, 0, 16, 16], "texture": "#1"}
			}
		}
	],
	"display": {
		"thirdperson_righthand": {
			"rotation": [0, -90, 0],
			"translation": [0.4, -4.414, -0.5],
			"scale": [1.5, 1.5, 1.5]
		},
		"thirdperson_lefthand": {
			"rotation": [0, 90, 0],
			"translation": [-0.4, 4.086, -0.5],
			"scale": [1.5, 1.5, 1.5]
		},
		"firstperson_righthand": {
			"rotation": [19, 118, -82],
			"translation": [5, -0.5, 3.75],
			"scale": [0.8, 0.8, 0.8]
		},
		"firstperson_lefthand": {
			"rotation": [-11, -76, 0],
			"translation": [3.85, 3, -0.75],
			"scale": [0.9, 0.9, 0.9]
		},
		"ground": {
			"translation": [0, 15, 0],
			"scale": [1.5, 1.5, 1.5]
		},
		"gui": {
			"rotation": [0, 0, -45],
			"translation": [-2.75, -2.25, 0]
		},
		"head": {
			"translation": [0, 24.75, 0],
			"scale": [1.5, 1.5, 1.5]
		},
		"fixed": {
			"rotation": [0, 0, 45],
			"translation": [2.25, -2.75, -1.5]
		}
	}
}