{
	"credit": "Made with Blockbench",
	"texture_size": [32, 32],
	"textures": {
		"0": "item/claws",
		"1": "item/wolfshield",
		"particle": "item/claws"
	},
	"elements": [
		{
			"from": [9.3, 6.225, 6.225],
			"to": [10.375, 6.35, 9.75],
			"rotation": {"angle": 0, "axis": "y", "origin": [6.1625, 4.45625, 7.8425]},
			"faces": {
				"north": {"uv": [11.53125, 11, 11.25, 11.03125], "texture": "#0"},
				"east": {"uv": [11.375, 8.25, 10.5, 8.28125], "texture": "#0"},
				"south": {"uv": [11.53125, 11.25, 11.25, 11.28125], "texture": "#0"},
				"west": {"uv": [9.125, 10.5, 8.25, 10.53125], "texture": "#0"},
				"up": {"uv": [0, 1.875, 0.28125, 1], "texture": "#0"},
				"down": {"uv": [0.78125, 0, 0.5, 0.9375], "texture": "#0"}
			}
		},
		{
			"from": [9.3, 2.6, 9.75],
			"to": [10.375, 6.35, 9.875],
			"rotation": {"angle": 0, "axis": "y", "origin": [6.1625, 4.45625, 7.8425]},
			"faces": {
				"north": {"uv": [0.78125, 0, 0.5, 0.9375], "texture": "#0"},
				"east": {"uv": [7.53125, 10.5, 7.5, 11.4375], "texture": "#0"},
				"south": {"uv": [0.78125, 0, 0.5, 0.9375], "texture": "#0"},
				"west": {"uv": [7.28125, 10.5, 7.25, 11.4375], "texture": "#0"},
				"up": {"uv": [11.5, 2.03125, 11.78125, 2], "texture": "#0"},
				"down": {"uv": [0.78125, 0, 0.5, 0.9375], "texture": "#0"}
			}
		},
		{
			"from": [9.3, 2.6, 5.975],
			"to": [10.375, 6.35, 6.225],
			"rotation": {"angle": 0, "axis": "y", "origin": [6.1625, 4.45625, 7.8425]},
			"faces": {
				"north": {"uv": [0.78125, 0, 0.5, 0.9375], "texture": "#0"},
				"east": {"uv": [7.53125, 10.5, 7.5, 11.4375], "texture": "#0"},
				"south": {"uv": [0.78125, 0, 0.5, 0.9375], "texture": "#0"},
				"west": {"uv": [7.28125, 10.5, 7.25, 11.4375], "texture": "#0"},
				"up": {"uv": [11.5, 2.03125, 11.78125, 2], "texture": "#0"},
				"down": {"uv": [0.78125, 0, 0.5, 0.9375], "texture": "#0"}
			}
		},
		{
			"from": [9.3, 2.6, 6.225],
			"to": [10.375, 2.725, 9.75],
			"rotation": {"angle": 0, "axis": "y", "origin": [6.1625, 4.45625, 7.8425]},
			"faces": {
				"north": {"uv": [11.78125, 1, 11.5, 1.03125], "texture": "#0"},
				"east": {"uv": [11.375, 8.75, 10.5, 8.78125], "texture": "#0"},
				"south": {"uv": [11.78125, 1.25, 11.5, 1.28125], "texture": "#0"},
				"west": {"uv": [11.375, 8.5, 10.5, 8.53125], "texture": "#0"},
				"up": {"uv": [0.78125, 0, 0.5, 0.9375], "texture": "#0"},
				"down": {"uv": [0.78125, 0, 0.5, 0.9375], "texture": "#0"}
			}
		},
		{
			"from": [13.225, 1.95, 5.76],
			"to": [13.625, 10.575, 5.985],
			"rotation": {"angle": 0, "axis": "z", "origin": [9.8375, 4.45625, 7.8425]},
			"faces": {
				"north": {"uv": [9, 0, 9.1875, 4.3125], "texture": "#1"},
				"east": {"uv": [4.5, 9.5, 4.625, 13.8125], "texture": "#1"},
				"south": {"uv": [1, 9, 1.1875, 13.3125], "texture": "#1"},
				"west": {"uv": [9.5, 6, 9.625, 10.3125], "texture": "#1"},
				"up": {"uv": [10.1875, 5.125, 10, 5], "texture": "#1"},
				"down": {"uv": [10.1875, 5.5, 10, 5.625], "texture": "#1"}
			}
		},
		{
			"from": [13.225, 0.625, 5.76],
			"to": [13.425, 1.95, 5.985],
			"rotation": {"angle": 0, "axis": "z", "origin": [9.8375, 4.45625, 7.8425]},
			"faces": {
				"north": {"uv": [1, 9.375, 1.125, 9.9375], "texture": "#1"},
				"east": {"uv": [1, 7.3125, 1.125, 7.875], "texture": "#1"},
				"south": {"uv": [1, 9.375, 1.125, 9.9375], "texture": "#1"},
				"west": {"uv": [1, 9.375, 1.125, 9.9375], "texture": "#1"},
				"up": {"uv": [1, 9.375, 1.125, 9.9375], "texture": "#1"},
				"down": {"uv": [1.0625, 7.375, 1.1875, 7.9375], "texture": "#1"}
			}
		},
		{
			"from": [12.825, -1.075, 5.76],
			"to": [13.025, -0.325, 5.985],
			"rotation": {"angle": 0, "axis": "z", "origin": [9.8375, 4.45625, 7.8425]},
			"faces": {
				"north": {"uv": [1, 9.375, 1.125, 9.9375], "texture": "#1"},
				"east": {"uv": [1.0625, 7.6875, 1.1875, 8.25], "texture": "#1"},
				"south": {"uv": [1, 9.375, 1.125, 9.9375], "texture": "#1"},
				"west": {"uv": [1, 9.375, 1.125, 9.9375], "texture": "#1"},
				"up": {"uv": [1, 9.375, 1.125, 9.9375], "texture": "#1"},
				"down": {"uv": [1.0625, 7.375, 1.1875, 7.9375], "texture": "#1"}
			}
		},
		{
			"from": [12.425, -2.25, 5.76],
			"to": [12.625, -1.7, 5.985],
			"rotation": {"angle": 0, "axis": "z", "origin": [9.8375, 4.45625, 7.8425]},
			"faces": {
				"north": {"uv": [1, 9.375, 1.125, 9.9375], "texture": "#1"},
				"east": {"uv": [1, 7.875, 1.125, 8.4375], "texture": "#1"},
				"south": {"uv": [1, 9.375, 1.125, 9.9375], "texture": "#1"},
				"west": {"uv": [1, 9.375, 1.125, 9.9375], "texture": "#1"},
				"up": {"uv": [1, 9.375, 1.125, 9.9375], "texture": "#1"},
				"down": {"uv": [1.0625, 7.375, 1.1875, 7.9375], "texture": "#1"}
			}
		},
		{
			"from": [7.05, -2.25, 5.76],
			"to": [7.25, -1.7, 5.985],
			"rotation": {"angle": 0, "axis": "z", "origin": [9.8375, 4.45625, 7.8425]},
			"faces": {
				"north": {"uv": [1, 9.375, 1.125, 9.9375], "texture": "#1"},
				"east": {"uv": [1, 7.875, 1.125, 8.4375], "texture": "#1"},
				"south": {"uv": [1, 9.375, 1.125, 9.9375], "texture": "#1"},
				"west": {"uv": [1, 9.375, 1.125, 9.9375], "texture": "#1"},
				"up": {"uv": [1, 9.375, 1.125, 9.9375], "texture": "#1"},
				"down": {"uv": [1.0625, 7.375, 1.1875, 7.9375], "texture": "#1"}
			}
		},
		{
			"from": [12.025, -3.075, 5.76],
			"to": [12.225, -2.675, 5.985],
			"rotation": {"angle": 0, "axis": "z", "origin": [9.8375, 4.45625, 7.8425]},
			"faces": {
				"north": {"uv": [1, 9.375, 1.125, 9.9375], "texture": "#1"},
				"east": {"uv": [1.0625, 7.375, 1.1875, 7.9375], "texture": "#1"},
				"south": {"uv": [1, 9.375, 1.125, 9.9375], "texture": "#1"},
				"west": {"uv": [1, 9.375, 1.125, 9.9375], "texture": "#1"},
				"up": {"uv": [1, 9.375, 1.125, 9.9375], "texture": "#1"},
				"down": {"uv": [1.0625, 7.375, 1.1875, 7.9375], "texture": "#1"}
			}
		},
		{
			"from": [13.025, 10.175, 5.76],
			"to": [13.225, 10.375, 5.985],
			"rotation": {"angle": 0, "axis": "z", "origin": [9.8375, 4.45625, 7.8425]},
			"faces": {
				"north": {"uv": [1, 9.375, 1.125, 9.9375], "texture": "#1"},
				"east": {"uv": [1.0625, 7.375, 1.1875, 7.9375], "texture": "#1"},
				"south": {"uv": [1, 9.375, 1.125, 9.9375], "texture": "#1"},
				"west": {"uv": [1, 6.5, 1.125, 7.0625], "texture": "#1"},
				"up": {"uv": [1.0625, 5.875, 1.1875, 6.4375], "texture": "#1"},
				"down": {"uv": [1.0625, 7.375, 1.1875, 7.9375], "texture": "#1"}
			}
		},
		{
			"from": [12.6, 9.9, 5.76],
			"to": [12.825, 10.025, 5.985],
			"rotation": {"angle": 0, "axis": "z", "origin": [9.8375, 4.45625, 7.8425]},
			"faces": {
				"north": {"uv": [1, 9.375, 1.125, 9.9375], "texture": "#1"},
				"east": {"uv": [1.0625, 7.375, 1.1875, 7.9375], "texture": "#1"},
				"south": {"uv": [1, 9.375, 1.125, 9.9375], "texture": "#1"},
				"west": {"uv": [1, 6.5, 1.125, 7.0625], "texture": "#1"},
				"up": {"uv": [1.0625, 5.875, 1.1875, 6.4375], "texture": "#1"},
				"down": {"uv": [1.0625, 7.375, 1.1875, 7.9375], "texture": "#1"}
			}
		},
		{
			"from": [12.2, 9.625, 5.76],
			"to": [12.425, 9.75, 5.985],
			"rotation": {"angle": 0, "axis": "z", "origin": [9.8375, 4.45625, 7.8425]},
			"faces": {
				"north": {"uv": [1, 9.375, 1.125, 9.9375], "texture": "#1"},
				"east": {"uv": [1.0625, 7.375, 1.1875, 7.9375], "texture": "#1"},
				"south": {"uv": [1, 9.375, 1.125, 9.9375], "texture": "#1"},
				"west": {"uv": [1, 6.5, 1.125, 7.0625], "texture": "#1"},
				"up": {"uv": [1.0625, 5.875, 1.1875, 6.4375], "texture": "#1"},
				"down": {"uv": [1.0625, 7.375, 1.1875, 7.9375], "texture": "#1"}
			}
		},
		{
			"from": [11.625, 9.5, 5.76],
			"to": [12.025, 9.575, 5.985],
			"rotation": {"angle": 0, "axis": "z", "origin": [9.8375, 4.45625, 7.8425]},
			"faces": {
				"north": {"uv": [1, 9.375, 1.125, 9.9375], "texture": "#1"},
				"east": {"uv": [1.0625, 7.375, 1.1875, 7.9375], "texture": "#1"},
				"south": {"uv": [1, 9.375, 1.125, 9.9375], "texture": "#1"},
				"west": {"uv": [1, 6.5, 1.125, 7.0625], "texture": "#1"},
				"up": {"uv": [1.0625, 5.875, 1.1875, 6.4375], "texture": "#1"},
				"down": {"uv": [1.0625, 7.375, 1.1875, 7.9375], "texture": "#1"}
			}
		},
		{
			"from": [11.225, 9.65, 5.685],
			"to": [11.425, 9.825, 6.06],
			"rotation": {"angle": 0, "axis": "z", "origin": [9.8375, 4.45625, 7.8425]},
			"faces": {
				"north": {"uv": [1, 9.375, 1.125, 9.9375], "texture": "#1"},
				"east": {"uv": [1.0625, 7.375, 1.1875, 7.9375], "texture": "#1"},
				"south": {"uv": [1, 9.375, 1.125, 9.9375], "texture": "#1"},
				"west": {"uv": [1, 6.5, 1.125, 7.0625], "texture": "#1"},
				"up": {"uv": [1.0625, 5.875, 1.1875, 6.4375], "texture": "#1"},
				"down": {"uv": [1.0625, 7.375, 1.1875, 7.9375], "texture": "#1"}
			}
		},
		{
			"from": [10.825, 10, 5.635],
			"to": [11.025, 10.45, 6.11],
			"rotation": {"angle": 0, "axis": "z", "origin": [9.8375, 4.45625, 7.8425]},
			"faces": {
				"north": {"uv": [1, 9.375, 1.125, 9.9375], "texture": "#1"},
				"east": {"uv": [1.0625, 7.375, 1.1875, 7.9375], "texture": "#1"},
				"south": {"uv": [1, 9.375, 1.125, 9.9375], "texture": "#1"},
				"west": {"uv": [1, 6.5, 1.125, 7.0625], "texture": "#1"},
				"up": {"uv": [1.0625, 5.875, 1.1875, 6.4375], "texture": "#1"},
				"down": {"uv": [1.0625, 7.375, 1.1875, 7.9375], "texture": "#1"}
			}
		},
		{
			"from": [10.425, 10.875, 5.635],
			"to": [10.625, 11.45, 6.11],
			"rotation": {"angle": 0, "axis": "z", "origin": [9.8375, 4.45625, 7.8425]},
			"faces": {
				"north": {"uv": [1, 9.375, 1.125, 9.9375], "texture": "#1"},
				"east": {"uv": [1.0625, 7.375, 1.1875, 7.9375], "texture": "#1"},
				"south": {"uv": [1, 9.375, 1.125, 9.9375], "texture": "#1"},
				"west": {"uv": [1, 6.5, 1.125, 7.0625], "texture": "#1"},
				"up": {"uv": [1.0625, 5.875, 1.1875, 6.4375], "texture": "#1"},
				"down": {"uv": [1.0625, 7.375, 1.1875, 7.9375], "texture": "#1"}
			}
		},
		{
			"from": [10.025, 11.975, 5.635],
			"to": [10.225, 12.4, 6.11],
			"rotation": {"angle": 0, "axis": "z", "origin": [9.8375, 4.45625, 7.8425]},
			"faces": {
				"north": {"uv": [1, 9.375, 1.125, 9.9375], "texture": "#1"},
				"east": {"uv": [1.0625, 7.375, 1.1875, 7.9375], "texture": "#1"},
				"south": {"uv": [1, 9.375, 1.125, 9.9375], "texture": "#1"},
				"west": {"uv": [1, 6.5, 1.125, 7.0625], "texture": "#1"},
				"up": {"uv": [1.0625, 5.875, 1.1875, 6.4375], "texture": "#1"},
				"down": {"uv": [1.0625, 7.375, 1.1875, 7.9375], "texture": "#1"}
			}
		},
		{
			"from": [6.45, 10.175, 5.76],
			"to": [6.65, 10.375, 5.985],
			"rotation": {"angle": 0, "axis": "z", "origin": [6.1625, 4.45625, 7.8425]},
			"faces": {
				"north": {"uv": [1.125, 9.375, 1, 9.9375], "texture": "#1"},
				"east": {"uv": [1.125, 6.5, 1, 7.0625], "texture": "#1"},
				"south": {"uv": [1.125, 9.375, 1, 9.9375], "texture": "#1"},
				"west": {"uv": [1.1875, 7.375, 1.0625, 7.9375], "texture": "#1"},
				"up": {"uv": [1.1875, 5.875, 1.0625, 6.4375], "texture": "#1"},
				"down": {"uv": [1.1875, 7.375, 1.0625, 7.9375], "texture": "#1"}
			}
		},
		{
			"from": [6.85, 9.9, 5.76],
			"to": [7.075, 10.025, 5.985],
			"rotation": {"angle": 0, "axis": "z", "origin": [6.1625, 4.45625, 7.8425]},
			"faces": {
				"north": {"uv": [1.125, 9.375, 1, 9.9375], "texture": "#1"},
				"east": {"uv": [1.125, 6.5, 1, 7.0625], "texture": "#1"},
				"south": {"uv": [1.125, 9.375, 1, 9.9375], "texture": "#1"},
				"west": {"uv": [1.1875, 7.375, 1.0625, 7.9375], "texture": "#1"},
				"up": {"uv": [1.1875, 5.875, 1.0625, 6.4375], "texture": "#1"},
				"down": {"uv": [1.1875, 7.375, 1.0625, 7.9375], "texture": "#1"}
			}
		},
		{
			"from": [7.25, 9.625, 5.76],
			"to": [7.475, 9.75, 5.985],
			"rotation": {"angle": 0, "axis": "z", "origin": [6.1625, 4.45625, 7.8425]},
			"faces": {
				"north": {"uv": [1.125, 9.375, 1, 9.9375], "texture": "#1"},
				"east": {"uv": [1.125, 6.5, 1, 7.0625], "texture": "#1"},
				"south": {"uv": [1.125, 9.375, 1, 9.9375], "texture": "#1"},
				"west": {"uv": [1.1875, 7.375, 1.0625, 7.9375], "texture": "#1"},
				"up": {"uv": [1.1875, 5.875, 1.0625, 6.4375], "texture": "#1"},
				"down": {"uv": [1.1875, 7.375, 1.0625, 7.9375], "texture": "#1"}
			}
		},
		{
			"from": [7.65, 9.5, 5.76],
			"to": [8.05, 9.575, 5.985],
			"rotation": {"angle": 0, "axis": "z", "origin": [6.1625, 4.45625, 7.8425]},
			"faces": {
				"north": {"uv": [1.125, 9.375, 1, 9.9375], "texture": "#1"},
				"east": {"uv": [1.125, 6.5, 1, 7.0625], "texture": "#1"},
				"south": {"uv": [1.125, 9.375, 1, 9.9375], "texture": "#1"},
				"west": {"uv": [1.1875, 7.375, 1.0625, 7.9375], "texture": "#1"},
				"up": {"uv": [1.1875, 5.875, 1.0625, 6.4375], "texture": "#1"},
				"down": {"uv": [1.1875, 7.375, 1.0625, 7.9375], "texture": "#1"}
			}
		},
		{
			"from": [8.25, 9.65, 5.685],
			"to": [8.45, 9.825, 6.06],
			"rotation": {"angle": 0, "axis": "z", "origin": [6.1625, 4.45625, 7.8425]},
			"faces": {
				"north": {"uv": [1.125, 9.375, 1, 9.9375], "texture": "#1"},
				"east": {"uv": [1.125, 6.5, 1, 7.0625], "texture": "#1"},
				"south": {"uv": [1.125, 9.375, 1, 9.9375], "texture": "#1"},
				"west": {"uv": [1.1875, 7.375, 1.0625, 7.9375], "texture": "#1"},
				"up": {"uv": [1.1875, 5.875, 1.0625, 6.4375], "texture": "#1"},
				"down": {"uv": [1.1875, 7.375, 1.0625, 7.9375], "texture": "#1"}
			}
		},
		{
			"from": [8.65, 10, 5.635],
			"to": [8.85, 10.45, 6.11],
			"rotation": {"angle": 0, "axis": "z", "origin": [6.1625, 4.45625, 7.8425]},
			"faces": {
				"north": {"uv": [1.125, 9.375, 1, 9.9375], "texture": "#1"},
				"east": {"uv": [1.125, 6.5, 1, 7.0625], "texture": "#1"},
				"south": {"uv": [1.125, 9.375, 1, 9.9375], "texture": "#1"},
				"west": {"uv": [1.1875, 7.375, 1.0625, 7.9375], "texture": "#1"},
				"up": {"uv": [1.1875, 5.875, 1.0625, 6.4375], "texture": "#1"},
				"down": {"uv": [1.1875, 7.375, 1.0625, 7.9375], "texture": "#1"}
			}
		},
		{
			"from": [9.05, 10.875, 5.635],
			"to": [9.25, 11.45, 6.11],
			"rotation": {"angle": 0, "axis": "z", "origin": [6.1625, 4.45625, 7.8425]},
			"faces": {
				"north": {"uv": [1.125, 9.375, 1, 9.9375], "texture": "#1"},
				"east": {"uv": [1.125, 6.5, 1, 7.0625], "texture": "#1"},
				"south": {"uv": [1.125, 9.375, 1, 9.9375], "texture": "#1"},
				"west": {"uv": [1.1875, 7.375, 1.0625, 7.9375], "texture": "#1"},
				"up": {"uv": [1.1875, 5.875, 1.0625, 6.4375], "texture": "#1"},
				"down": {"uv": [1.1875, 7.375, 1.0625, 7.9375], "texture": "#1"}
			}
		},
		{
			"from": [9.45, 11.975, 5.635],
			"to": [9.65, 12.4, 6.11],
			"rotation": {"angle": 0, "axis": "z", "origin": [6.1625, 4.45625, 7.8425]},
			"faces": {
				"north": {"uv": [1.125, 9.375, 1, 9.9375], "texture": "#1"},
				"east": {"uv": [1.125, 6.5, 1, 7.0625], "texture": "#1"},
				"south": {"uv": [1.125, 9.375, 1, 9.9375], "texture": "#1"},
				"west": {"uv": [1.1875, 7.375, 1.0625, 7.9375], "texture": "#1"},
				"up": {"uv": [1.1875, 5.875, 1.0625, 6.4375], "texture": "#1"},
				"down": {"uv": [1.1875, 7.375, 1.0625, 7.9375], "texture": "#1"}
			}
		},
		{
			"from": [13.425, 10.575, 5.76],
			"to": [13.625, 10.8, 5.985],
			"rotation": {"angle": 0, "axis": "z", "origin": [9.8375, 4.45625, 7.8425]},
			"faces": {
				"north": {"uv": [1, 9.375, 1.125, 9.9375], "texture": "#1"},
				"east": {"uv": [1.0625, 7.375, 1.1875, 7.9375], "texture": "#1"},
				"south": {"uv": [1, 9.375, 1.125, 9.9375], "texture": "#1"},
				"west": {"uv": [1, 6.5, 1.125, 7.0625], "texture": "#1"},
				"up": {"uv": [1.0625, 5.875, 1.1875, 6.4375], "texture": "#1"},
				"down": {"uv": [1.0625, 7.375, 1.1875, 7.9375], "texture": "#1"}
			}
		},
		{
			"from": [6.05, 10.575, 5.76],
			"to": [6.25, 10.8, 5.985],
			"rotation": {"angle": 0, "axis": "z", "origin": [9.8375, 4.45625, 7.8425]},
			"faces": {
				"north": {"uv": [1, 9.375, 1.125, 9.9375], "texture": "#1"},
				"east": {"uv": [1.0625, 7.375, 1.1875, 7.9375], "texture": "#1"},
				"south": {"uv": [1, 9.375, 1.125, 9.9375], "texture": "#1"},
				"west": {"uv": [1, 6.5, 1.125, 7.0625], "texture": "#1"},
				"up": {"uv": [1.0625, 5.875, 1.1875, 6.4375], "texture": "#1"},
				"down": {"uv": [1.0625, 7.375, 1.1875, 7.9375], "texture": "#1"}
			}
		},
		{
			"from": [11.625, -3.775, 5.76],
			"to": [11.825, -3.375, 5.985],
			"rotation": {"angle": 0, "axis": "z", "origin": [9.8375, 4.45625, 7.8425]},
			"faces": {
				"north": {"uv": [1, 9.375, 1.125, 9.9375], "texture": "#1"},
				"east": {"uv": [1.0625, 7.6875, 1.1875, 8.25], "texture": "#1"},
				"south": {"uv": [1, 9.375, 1.125, 9.9375], "texture": "#1"},
				"west": {"uv": [1, 9.375, 1.125, 9.9375], "texture": "#1"},
				"up": {"uv": [1, 9.375, 1.125, 9.9375], "texture": "#1"},
				"down": {"uv": [1.0625, 7.375, 1.1875, 7.9375], "texture": "#1"}
			}
		},
		{
			"from": [11.225, -4.475, 5.685],
			"to": [11.425, -4.125, 6.06],
			"rotation": {"angle": 0, "axis": "z", "origin": [9.8375, 4.45625, 7.8425]},
			"faces": {
				"north": {"uv": [1, 9.375, 1.125, 9.9375], "texture": "#1"},
				"east": {"uv": [1.0625, 8.1875, 1.1875, 8.75], "texture": "#1"},
				"south": {"uv": [1, 9.375, 1.125, 9.9375], "texture": "#1"},
				"west": {"uv": [1, 9.375, 1.125, 9.9375], "texture": "#1"},
				"up": {"uv": [1, 9.375, 1.125, 9.9375], "texture": "#1"},
				"down": {"uv": [1.0625, 7.375, 1.1875, 7.9375], "texture": "#1"}
			}
		},
		{
			"from": [10.825, -5.05, 5.635],
			"to": [11.025, -4.75, 6.11],
			"rotation": {"angle": 0, "axis": "z", "origin": [9.8375, 4.45625, 7.8425]},
			"faces": {
				"north": {"uv": [1, 9.375, 1.125, 9.9375], "texture": "#1"},
				"east": {"uv": [1, 8.1875, 1.125, 8.75], "texture": "#1"},
				"south": {"uv": [1, 9.375, 1.125, 9.9375], "texture": "#1"},
				"west": {"uv": [1, 9.375, 1.125, 9.9375], "texture": "#1"},
				"up": {"uv": [1, 9.375, 1.125, 9.9375], "texture": "#1"},
				"down": {"uv": [1.0625, 7.375, 1.1875, 7.9375], "texture": "#1"}
			}
		},
		{
			"from": [10.425, -5.55, 5.635],
			"to": [10.625, -5.3, 6.11],
			"rotation": {"angle": 0, "axis": "z", "origin": [9.8375, 4.45625, 7.8425]},
			"faces": {
				"north": {"uv": [1, 9.375, 1.125, 9.9375], "texture": "#1"},
				"east": {"uv": [1.125, 8, 1.25, 8.5625], "texture": "#1"},
				"south": {"uv": [1, 9.375, 1.125, 9.9375], "texture": "#1"},
				"west": {"uv": [1, 9.375, 1.125, 9.9375], "texture": "#1"},
				"up": {"uv": [1, 9.375, 1.125, 9.9375], "texture": "#1"},
				"down": {"uv": [1.0625, 7.375, 1.1875, 7.9375], "texture": "#1"}
			}
		},
		{
			"from": [10.025, -5.925, 5.635],
			"to": [10.225, -5.725, 6.11],
			"rotation": {"angle": 0, "axis": "z", "origin": [9.8375, 4.45625, 7.8425]},
			"faces": {
				"north": {"uv": [1, 9.375, 1.125, 9.9375], "texture": "#1"},
				"east": {"uv": [1.0625, 7.9375, 1.1875, 8.5], "texture": "#1"},
				"south": {"uv": [1, 9.375, 1.125, 9.9375], "texture": "#1"},
				"west": {"uv": [1, 9.375, 1.125, 9.9375], "texture": "#1"},
				"up": {"uv": [1, 9.375, 1.125, 9.9375], "texture": "#1"},
				"down": {"uv": [1.0625, 7.375, 1.1875, 7.9375], "texture": "#1"}
			}
		},
		{
			"from": [6.25, 0.625, 5.76],
			"to": [6.45, 1.95, 5.985],
			"rotation": {"angle": 0, "axis": "z", "origin": [6.1625, 4.45625, 7.8425]},
			"faces": {
				"north": {"uv": [1.125, 9.375, 1, 9.9375], "texture": "#1"},
				"east": {"uv": [1.125, 9.375, 1, 9.9375], "texture": "#1"},
				"south": {"uv": [1.125, 9.375, 1, 9.9375], "texture": "#1"},
				"west": {"uv": [1.0625, 7.375, 1.1875, 7.9375], "texture": "#1"},
				"up": {"uv": [1.125, 9.375, 1, 9.9375], "texture": "#1"},
				"down": {"uv": [1.0625, 7.375, 1.1875, 7.9375], "texture": "#1"}
			}
		},
		{
			"from": [6.65, -1.075, 5.76],
			"to": [6.85, -0.325, 5.985],
			"rotation": {"angle": 0, "axis": "z", "origin": [6.1625, 4.45625, 7.8425]},
			"faces": {
				"north": {"uv": [1.125, 9.375, 1, 9.9375], "texture": "#1"},
				"east": {"uv": [1.125, 9.375, 1, 9.9375], "texture": "#1"},
				"south": {"uv": [1.125, 9.375, 1, 9.9375], "texture": "#1"},
				"west": {"uv": [1.125, 9.375, 1, 9.9375], "texture": "#1"},
				"up": {"uv": [1.125, 9.375, 1, 9.9375], "texture": "#1"},
				"down": {"uv": [1.0625, 7.375, 1.1875, 7.9375], "texture": "#1"}
			}
		},
		{
			"from": [7.05, -2.25, 5.76],
			"to": [7.25, -1.7, 5.985],
			"rotation": {"angle": 0, "axis": "z", "origin": [6.1625, 4.45625, 7.8425]},
			"faces": {
				"north": {"uv": [1.125, 9.375, 1, 9.9375], "texture": "#1"},
				"east": {"uv": [1.125, 9.375, 1, 9.9375], "texture": "#1"},
				"south": {"uv": [1.125, 9.375, 1, 9.9375], "texture": "#1"},
				"west": {"uv": [1.0625, 7.375, 1.1875, 7.9375], "texture": "#1"},
				"up": {"uv": [1.125, 9.375, 1, 9.9375], "texture": "#1"},
				"down": {"uv": [1.0625, 7.375, 1.1875, 7.9375], "texture": "#1"}
			}
		},
		{
			"from": [7.45, -3.075, 5.76],
			"to": [7.65, -2.675, 5.985],
			"rotation": {"angle": 0, "axis": "z", "origin": [6.1625, 4.45625, 7.8425]},
			"faces": {
				"north": {"uv": [1.125, 9.375, 1, 9.9375], "texture": "#1"},
				"east": {"uv": [1.125, 9.375, 1, 9.9375], "texture": "#1"},
				"south": {"uv": [1.125, 9.375, 1, 9.9375], "texture": "#1"},
				"west": {"uv": [1.0625, 7.375, 1.1875, 7.9375], "texture": "#1"},
				"up": {"uv": [1.125, 9.375, 1, 9.9375], "texture": "#1"},
				"down": {"uv": [1.0625, 7.375, 1.1875, 7.9375], "texture": "#1"}
			}
		},
		{
			"from": [7.85, -3.775, 5.76],
			"to": [8.05, -3.375, 5.985],
			"rotation": {"angle": 0, "axis": "z", "origin": [6.1625, 4.45625, 7.8425]},
			"faces": {
				"north": {"uv": [1.125, 9.375, 1, 9.9375], "texture": "#1"},
				"east": {"uv": [1.125, 9.375, 1, 9.9375], "texture": "#1"},
				"south": {"uv": [1.125, 9.375, 1, 9.9375], "texture": "#1"},
				"west": {"uv": [1.0625, 7.375, 1.1875, 7.9375], "texture": "#1"},
				"up": {"uv": [1.125, 9.375, 1, 9.9375], "texture": "#1"},
				"down": {"uv": [1.125, 9.375, 1, 9.9375], "texture": "#1"}
			}
		},
		{
			"from": [8.25, -4.475, 5.685],
			"to": [8.45, -4.125, 6.06],
			"rotation": {"angle": 0, "axis": "z", "origin": [6.1625, 4.45625, 7.8425]},
			"faces": {
				"north": {"uv": [1.125, 9.375, 1, 9.9375], "texture": "#1"},
				"east": {"uv": [1.125, 9.375, 1, 9.9375], "texture": "#1"},
				"south": {"uv": [1.125, 9.375, 1, 9.9375], "texture": "#1"},
				"west": {"uv": [1.0625, 7.375, 1.1875, 7.9375], "texture": "#1"},
				"up": {"uv": [1.125, 9.375, 1, 9.9375], "texture": "#1"},
				"down": {"uv": [1.125, 9.375, 1, 9.9375], "texture": "#1"}
			}
		},
		{
			"from": [8.65, -5.05, 5.635],
			"to": [8.85, -4.75, 6.11],
			"rotation": {"angle": 0, "axis": "z", "origin": [6.1625, 4.45625, 7.8425]},
			"faces": {
				"north": {"uv": [1.125, 9.375, 1, 9.9375], "texture": "#1"},
				"east": {"uv": [1.125, 9.375, 1, 9.9375], "texture": "#1"},
				"south": {"uv": [1.125, 9.375, 1, 9.9375], "texture": "#1"},
				"west": {"uv": [1.0625, 7.375, 1.1875, 7.9375], "texture": "#1"},
				"up": {"uv": [1.125, 9.375, 1, 9.9375], "texture": "#1"},
				"down": {"uv": [1.0625, 7.375, 1.1875, 7.9375], "texture": "#1"}
			}
		},
		{
			"from": [9.05, -5.55, 5.635],
			"to": [9.25, -5.3, 6.11],
			"rotation": {"angle": 0, "axis": "z", "origin": [6.1625, 4.45625, 7.8425]},
			"faces": {
				"north": {"uv": [1.125, 9.375, 1, 9.9375], "texture": "#1"},
				"east": {"uv": [1.125, 9.375, 1, 9.9375], "texture": "#1"},
				"south": {"uv": [1.125, 9.375, 1, 9.9375], "texture": "#1"},
				"west": {"uv": [1.0625, 7.375, 1.1875, 7.9375], "texture": "#1"},
				"up": {"uv": [1.125, 9.375, 1, 9.9375], "texture": "#1"},
				"down": {"uv": [1.0625, 7.375, 1.1875, 7.9375], "texture": "#1"}
			}
		},
		{
			"from": [9.45, -5.925, 5.635],
			"to": [9.65, -5.725, 6.11],
			"rotation": {"angle": 0, "axis": "z", "origin": [6.1625, 4.45625, 7.8425]},
			"faces": {
				"north": {"uv": [1.125, 9.375, 1, 9.9375], "texture": "#1"},
				"east": {"uv": [1.125, 9.375, 1, 9.9375], "texture": "#1"},
				"south": {"uv": [1.125, 9.375, 1, 9.9375], "texture": "#1"},
				"west": {"uv": [1.0625, 7.375, 1.1875, 7.9375], "texture": "#1"},
				"up": {"uv": [1.125, 9.375, 1, 9.9375], "texture": "#1"},
				"down": {"uv": [1.0625, 7.375, 1.1875, 7.9375], "texture": "#1"}
			}
		},
		{
			"from": [10.025, -5.725, 5.635],
			"to": [10.425, 11.975, 6.11],
			"rotation": {"angle": 0, "axis": "z", "origin": [9.8375, 4.45625, 7.8425]},
			"faces": {
				"north": {"uv": [5, 0.125, 5.1875, 8.9375], "texture": "#1"},
				"east": {"uv": [1, 0, 1.25, 8.9375], "texture": "#1"},
				"south": {"uv": [5.5, 0.125, 5.6875, 8.9375], "texture": "#1"},
				"west": {"uv": [1.5, 0, 1.75, 8.9375], "texture": "#1"},
				"up": {"uv": [10.1875, 1.25, 10, 1], "texture": "#1"},
				"down": {"uv": [10.1875, 1.5, 10, 1.75], "texture": "#1"}
			}
		},
		{
			"from": [10.425, -5.3, 5.635],
			"to": [10.825, 10.875, 6.11],
			"rotation": {"angle": 0, "axis": "z", "origin": [9.8375, 4.45625, 7.8425]},
			"faces": {
				"north": {"uv": [6, 0, 6.1875, 8.0625], "texture": "#1"},
				"east": {"uv": [2, 0, 2.25, 8.0625], "texture": "#1"},
				"south": {"uv": [6.5, 0, 6.6875, 8.0625], "texture": "#1"},
				"west": {"uv": [2.5, 0, 2.75, 8.0625], "texture": "#1"},
				"up": {"uv": [10.1875, 2.25, 10, 2], "texture": "#1"},
				"down": {"uv": [10.1875, 2.5, 10, 2.75], "texture": "#1"}
			}
		},
		{
			"from": [12.825, -0.325, 5.76],
			"to": [13.225, 10.175, 5.985],
			"rotation": {"angle": 0, "axis": "z", "origin": [9.8375, 4.45625, 7.8425]},
			"faces": {
				"north": {"uv": [6.5, 8.5, 6.6875, 13.75], "texture": "#1"},
				"east": {"uv": [0.5, 9.5, 0.625, 14.75], "texture": "#1"},
				"south": {"uv": [8.5, 6.5, 8.6875, 11.75], "texture": "#1"},
				"west": {"uv": [4, 9.5, 4.125, 14.75], "texture": "#1"},
				"up": {"uv": [10.1875, 6.125, 10, 6], "texture": "#1"},
				"down": {"uv": [10.1875, 6.5, 10, 6.625], "texture": "#1"}
			}
		},
		{
			"from": [10.825, -4.75, 5.635],
			"to": [11.225, 10, 6.11],
			"rotation": {"angle": 0, "axis": "z", "origin": [9.8375, 4.45625, 7.8425]},
			"faces": {
				"north": {"uv": [7, 0, 7.1875, 7.375], "texture": "#1"},
				"east": {"uv": [3, 0, 3.25, 7.375], "texture": "#1"},
				"south": {"uv": [7.5, 0, 7.6875, 7.375], "texture": "#1"},
				"west": {"uv": [3.5, 0, 3.75, 7.375], "texture": "#1"},
				"up": {"uv": [10.1875, 0.25, 10, 0], "texture": "#1"},
				"down": {"uv": [10.1875, 0.5, 10, 0.75], "texture": "#1"}
			}
		},
		{
			"from": [11.225, -4.125, 5.685],
			"to": [11.625, 9.65, 6.06],
			"rotation": {"angle": 0, "axis": "z", "origin": [9.8375, 4.45625, 7.8425]},
			"faces": {
				"north": {"uv": [3, 7.5, 3.1875, 14.375], "texture": "#1"},
				"east": {"uv": [3.5, 7.5, 3.6875, 14.375], "texture": "#1"},
				"south": {"uv": [7, 7.5, 7.1875, 14.375], "texture": "#1"},
				"west": {"uv": [7.5, 7.5, 7.6875, 14.375], "texture": "#1"},
				"up": {"uv": [10.1875, 4.1875, 10, 4], "texture": "#1"},
				"down": {"uv": [10.1875, 4.5, 10, 4.6875], "texture": "#1"}
			}
		},
		{
			"from": [12.025, -2.675, 5.76],
			"to": [12.425, 9.625, 5.985],
			"rotation": {"angle": 0, "axis": "z", "origin": [9.8375, 4.45625, 7.8425]},
			"faces": {
				"north": {"uv": [8.5, 0, 8.6875, 6.125], "texture": "#1"},
				"east": {"uv": [5, 9, 5.125, 15.125], "texture": "#1"},
				"south": {"uv": [2, 8.5, 2.1875, 14.625], "texture": "#1"},
				"west": {"uv": [5.5, 9, 5.625, 15.125], "texture": "#1"},
				"up": {"uv": [10.1875, 8.125, 10, 8], "texture": "#1"},
				"down": {"uv": [10.1875, 8.5, 10, 8.625], "texture": "#1"}
			}
		},
		{
			"from": [11.625, -3.375, 5.76],
			"to": [12.025, 9.5, 5.985],
			"rotation": {"angle": 0, "axis": "z", "origin": [9.8375, 4.45625, 7.8425]},
			"faces": {
				"north": {"uv": [8, 0, 8.1875, 6.4375], "texture": "#1"},
				"east": {"uv": [1.5, 9, 1.625, 15.4375], "texture": "#1"},
				"south": {"uv": [8, 6.5, 8.1875, 12.9375], "texture": "#1"},
				"west": {"uv": [9, 4.5, 9.125, 10.9375], "texture": "#1"},
				"up": {"uv": [10.1875, 9.125, 10, 9], "texture": "#1"},
				"down": {"uv": [10.1875, 9.5, 10, 9.625], "texture": "#1"}
			}
		},
		{
			"from": [12.425, -1.7, 5.76],
			"to": [12.825, 9.9, 5.985],
			"rotation": {"angle": 0, "axis": "z", "origin": [9.8375, 4.45625, 7.8425]},
			"faces": {
				"north": {"uv": [2.5, 8.5, 2.6875, 14.3125], "texture": "#1"},
				"east": {"uv": [0, 9.5, 0.125, 15.3125], "texture": "#1"},
				"south": {"uv": [6, 8.5, 6.1875, 14.3125], "texture": "#1"},
				"west": {"uv": [9.5, 0, 9.625, 5.8125], "texture": "#1"},
				"up": {"uv": [10.1875, 7.125, 10, 7], "texture": "#1"},
				"down": {"uv": [10.1875, 7.5, 10, 7.625], "texture": "#1"}
			}
		},
		{
			"from": [6.05, 1.95, 5.76],
			"to": [6.45, 10.575, 5.985],
			"rotation": {"angle": 0, "axis": "z", "origin": [9.8375, 4.45625, 7.8425]},
			"faces": {
				"north": {"uv": [9.1875, 0, 9, 4.3125], "texture": "#1"},
				"east": {"uv": [9.625, 6, 9.5, 10.3125], "texture": "#1"},
				"south": {"uv": [1.1875, 9, 1, 13.3125], "texture": "#1"},
				"west": {"uv": [4.625, 9.5, 4.5, 13.8125], "texture": "#1"},
				"up": {"uv": [10, 5.125, 10.1875, 5], "texture": "#1"},
				"down": {"uv": [10, 5.5, 10.1875, 5.625], "texture": "#1"}
			}
		},
		{
			"from": [6.45, -0.325, 5.76],
			"to": [6.85, 10.175, 5.985],
			"rotation": {"angle": 0, "axis": "z", "origin": [9.8375, 4.45625, 7.8425]},
			"faces": {
				"north": {"uv": [6.6875, 8.5, 6.5, 13.75], "texture": "#1"},
				"east": {"uv": [4.125, 9.5, 4, 14.75], "texture": "#1"},
				"south": {"uv": [8.6875, 6.5, 8.5, 11.75], "texture": "#1"},
				"west": {"uv": [0.625, 9.5, 0.5, 14.75], "texture": "#1"},
				"up": {"uv": [10, 6.125, 10.1875, 6], "texture": "#1"},
				"down": {"uv": [10, 6.5, 10.1875, 6.625], "texture": "#1"}
			}
		},
		{
			"from": [6.85, -1.7, 5.76],
			"to": [7.25, 9.9, 5.985],
			"rotation": {"angle": 0, "axis": "z", "origin": [9.8375, 4.45625, 7.8425]},
			"faces": {
				"north": {"uv": [2.6875, 8.5, 2.5, 14.3125], "texture": "#1"},
				"east": {"uv": [9.625, 0, 9.5, 5.8125], "texture": "#1"},
				"south": {"uv": [6.1875, 8.5, 6, 14.3125], "texture": "#1"},
				"west": {"uv": [0.125, 9.5, 0, 15.3125], "texture": "#1"},
				"up": {"uv": [10, 7.125, 10.1875, 7], "texture": "#1"},
				"down": {"uv": [10, 7.5, 10.1875, 7.625], "texture": "#1"}
			}
		},
		{
			"from": [7.25, -2.675, 5.76],
			"to": [7.65, 9.625, 5.985],
			"rotation": {"angle": 0, "axis": "z", "origin": [9.8375, 4.45625, 7.8425]},
			"faces": {
				"north": {"uv": [8.6875, 0, 8.5, 6.125], "texture": "#1"},
				"east": {"uv": [5.625, 9, 5.5, 15.125], "texture": "#1"},
				"south": {"uv": [2.1875, 8.5, 2, 14.625], "texture": "#1"},
				"west": {"uv": [5.125, 9, 5, 15.125], "texture": "#1"},
				"up": {"uv": [10, 8.125, 10.1875, 8], "texture": "#1"},
				"down": {"uv": [10, 8.5, 10.1875, 8.625], "texture": "#1"}
			}
		},
		{
			"from": [7.65, -3.375, 5.76],
			"to": [8.05, 9.5, 5.985],
			"rotation": {"angle": 0, "axis": "z", "origin": [9.8375, 4.45625, 7.8425]},
			"faces": {
				"north": {"uv": [8.1875, 0, 8, 6.4375], "texture": "#1"},
				"east": {"uv": [9.125, 4.5, 9, 10.9375], "texture": "#1"},
				"south": {"uv": [8.1875, 6.5, 8, 12.9375], "texture": "#1"},
				"west": {"uv": [1.625, 9, 1.5, 15.4375], "texture": "#1"},
				"up": {"uv": [10, 9.125, 10.1875, 9], "texture": "#1"},
				"down": {"uv": [10, 9.5, 10.1875, 9.625], "texture": "#1"}
			}
		},
		{
			"from": [8.05, -4.125, 5.685],
			"to": [8.45, 9.65, 6.06],
			"rotation": {"angle": 0, "axis": "z", "origin": [9.8375, 4.45625, 7.8425]},
			"faces": {
				"north": {"uv": [3.1875, 7.5, 3, 14.375], "texture": "#1"},
				"east": {"uv": [7.6875, 7.5, 7.5, 14.375], "texture": "#1"},
				"south": {"uv": [7.1875, 7.5, 7, 14.375], "texture": "#1"},
				"west": {"uv": [3.6875, 7.5, 3.5, 14.375], "texture": "#1"},
				"up": {"uv": [10, 4.1875, 10.1875, 4], "texture": "#1"},
				"down": {"uv": [10, 4.5, 10.1875, 4.6875], "texture": "#1"}
			}
		},
		{
			"from": [8.45, -4.75, 5.635],
			"to": [8.85, 10, 6.11],
			"rotation": {"angle": 0, "axis": "z", "origin": [9.8375, 4.45625, 7.8425]},
			"faces": {
				"north": {"uv": [7.1875, 0, 7, 7.375], "texture": "#1"},
				"east": {"uv": [3.75, 0, 3.5, 7.375], "texture": "#1"},
				"south": {"uv": [7.6875, 0, 7.5, 7.375], "texture": "#1"},
				"west": {"uv": [3.25, 0, 3, 7.375], "texture": "#1"},
				"up": {"uv": [10, 0.25, 10.1875, 0], "texture": "#1"},
				"down": {"uv": [10, 0.5, 10.1875, 0.75], "texture": "#1"}
			}
		},
		{
			"from": [9.25, -5.725, 5.635],
			"to": [9.65, 11.975, 6.11],
			"rotation": {"angle": 0, "axis": "z", "origin": [9.8375, 4.45625, 7.8425]},
			"faces": {
				"north": {"uv": [5.1875, 0.125, 5, 8.9375], "texture": "#1"},
				"east": {"uv": [1.75, 0, 1.5, 8.9375], "texture": "#1"},
				"south": {"uv": [5.6875, 0.125, 5.5, 8.9375], "texture": "#1"},
				"west": {"uv": [1.25, 0, 1, 8.9375], "texture": "#1"},
				"up": {"uv": [10, 1.25, 10.1875, 1], "texture": "#1"},
				"down": {"uv": [1.0625, 7.375, 1.1875, 7.9375], "texture": "#1"}
			}
		},
		{
			"from": [8.85, -5.3, 5.635],
			"to": [9.25, 10.875, 6.11],
			"rotation": {"angle": 0, "axis": "z", "origin": [9.8375, 4.45625, 7.8425]},
			"faces": {
				"north": {"uv": [6.1875, 0, 6, 8.0625], "texture": "#1"},
				"east": {"uv": [2.75, 0, 2.5, 8.0625], "texture": "#1"},
				"south": {"uv": [6.6875, 0, 6.5, 8.0625], "texture": "#1"},
				"west": {"uv": [2.25, 0, 2, 8.0625], "texture": "#1"},
				"up": {"uv": [10, 2.25, 10.1875, 2], "texture": "#1"},
				"down": {"uv": [10, 2.5, 10.1875, 2.75], "texture": "#1"}
			}
		},
		{
			"from": [9.65, -6.075, 5.635],
			"to": [10.025, 12.975, 6.11],
			"rotation": {"angle": 0, "axis": "z", "origin": [9.8375, 4.45625, 7.8425]},
			"faces": {
				"north": {"uv": [4, 0, 4.1875, 9.5], "texture": "#1"},
				"east": {"uv": [0, 0, 0.25, 9.5], "texture": "#1"},
				"south": {"uv": [4.5, 0, 4.6875, 9.5], "texture": "#1"},
				"west": {"uv": [1, 0, 1.25, 8.4375], "texture": "#1"},
				"up": {"uv": [10.1875, 3.25, 10, 3], "texture": "#1"},
				"down": {"uv": [10.1875, 3.5, 10, 3.75], "texture": "#1"}
			}
		}
	],
	"display": {
		"thirdperson_righthand": {
			"rotation": [0, -90, 0],
			"translation": [0, 2.336, 0.25],
			"scale": [1.25, 1.25, 1.25]
		},
		"thirdperson_lefthand": {
			"rotation": [0, -90, 0],
			"translation": [0, 2.336, 4.75],
			"scale": [1.25, 1.25, 1.25]
		},
		"firstperson_righthand": {
			"rotation": [-3, -22, 11],
			"translation": [-1.85, 3.5, 3.25],
			"scale": [0.85, 0.85, 0.85]
		},
		"firstperson_lefthand": {
			"rotation": [-3, -22, 7],
			"translation": [1.85, 3.5, 4],
			"scale": [0.85, 0.85, 0.85]
		},
		"ground": {
			"translation": [0, 18, 0],
			"scale": [1.25, 1.25, 1.25]
		},
		"gui": {
			"rotation": [180, 0, -134],
			"translation": [4.5, 1.75, 0]
		},
		"head": {
			"rotation": [0, -180, 47],
			"translation": [7.25, -12.25, 3.75],
			"scale": [1.5, 1.5, 1.5]
		},
		"fixed": {
			"rotation": [0, 0, 48],
			"translation": [-5, 2, -0.75]
		}
	}
}