{
	"credit": "Made with Blockbench",
	"textures": {
		"0": "item/zippo_flame",
		"1": "item/zippo",
		"particle": "item/zippo_flame"
	},
	"elements": [
		{
			"from": [7.675, 2.45, 7.935],
			"to": [9.425, 4.25, 8.56],
			"faces": {
				"north": {"uv": [0, 0, 1.75, 1.75], "texture": "#1"},
				"east": {"uv": [3, 0, 3.625, 1.75], "texture": "#1"},
				"south": {"uv": [0, 0, 1.75, 1.75], "texture": "#1"},
				"west": {"uv": [3, 2, 3.625, 3.75], "texture": "#1"},
				"up": {"uv": [1.75, 4.625, 0, 4], "texture": "#1"},
				"down": {"uv": [5.75, 0, 4, 0.625], "texture": "#1"}
			}
		},
		{
			"from": [7.725, 2.375, 7.935],
			"to": [9.375, 2.45, 8.56],
			"faces": {
				"north": {"uv": [3, 6, 4.625, 6.125], "texture": "#1"},
				"east": {"uv": [7, 8, 7.625, 8.125], "texture": "#1"},
				"south": {"uv": [3, 6, 4.625, 6.125], "texture": "#1"},
				"west": {"uv": [8, 7, 8.625, 7.125], "texture": "#1"},
				"up": {"uv": [1.625, 5.625, 0, 5], "texture": "#1"},
				"down": {"uv": [6.625, 1, 5, 1.625], "texture": "#1"}
			}
		},
		{
			"from": [8.15, 4.25, 8.01],
			"to": [8.95, 4.85, 8.485],
			"faces": {
				"north": {"uv": [3.875, 5, 4.75, 5.625], "texture": "#1"},
				"east": {"uv": [6, 0, 6.5, 0.625], "texture": "#1"},
				"south": {"uv": [5, 4, 5.875, 4.625], "texture": "#1"},
				"west": {"uv": [1, 6, 1.5, 6.625], "texture": "#1"},
				"up": {"uv": [5.75, 5.5, 5, 5], "texture": "#1"},
				"down": {"uv": [0.75, 6, 0, 6.5], "texture": "#1"}
			}
		},
		{
			"from": [8.15, 4.85, 8.235],
			"to": [8.95, 5.65, 8.235],
			"faces": {
				"north": {"uv": [0, 0.1625, 16, 16], "texture": "#0"},
				"east": {"uv": [0, 3, 0.625, 3.9375], "texture": "#missing"},
				"south": {"uv": [16, 0.1625, 0, 16], "texture": "#0"},
				"west": {"uv": [0, 3, 0.625, 3.9375], "texture": "#missing"},
				"up": {"uv": [5.625, 2, 5, 2.375], "texture": "#missing"},
				"down": {"uv": [5.625, 0, 5, 0.375], "texture": "#missing"}
			}
		},
		{
			"from": [9.075, 4.225, 8.135],
			"to": [9.325, 4.575, 8.36],
			"rotation": {"angle": 0, "axis": "y", "origin": [0.05, -0.025, 0]},
			"faces": {
				"north": {"uv": [7, 0, 7.25, 0.375], "texture": "#1"},
				"east": {"uv": [1, 7, 1.25, 7.375], "texture": "#1"},
				"south": {"uv": [7, 1, 7.25, 1.375], "texture": "#1"},
				"west": {"uv": [7, 2, 7.25, 2.375], "texture": "#1"},
				"up": {"uv": [8.25, 8.25, 8, 8], "texture": "#1"},
				"down": {"uv": [0.25, 9, 0, 9.25], "texture": "#1"}
			}
		},
		{
			"from": [7.825, 4.2, 8.06],
			"to": [8.05, 4.55, 8.435],
			"rotation": {"angle": 0, "axis": "y", "origin": [0.05, -0.05, 0]},
			"faces": {
				"north": {"uv": [3, 7, 3.25, 7.375], "texture": "#1"},
				"east": {"uv": [5, 6, 5.375, 6.375], "texture": "#1"},
				"south": {"uv": [7, 3, 7.25, 3.375], "texture": "#1"},
				"west": {"uv": [6, 5, 6.375, 5.375], "texture": "#1"},
				"up": {"uv": [4.25, 7.375, 4, 7], "texture": "#1"},
				"down": {"uv": [5.25, 7, 5, 7.375], "texture": "#1"}
			}
		},
		{
			"from": [7.825, 4.4, 8.085],
			"to": [8.15, 4.625, 8.41],
			"rotation": {"angle": 0, "axis": "y", "origin": [0.05, -0.05, 0]},
			"faces": {
				"north": {"uv": [2, 8, 2.375, 8.25], "texture": "#1"},
				"east": {"uv": [8, 2, 8.375, 2.25], "texture": "#1"},
				"south": {"uv": [3, 8, 3.375, 8.25], "texture": "#1"},
				"west": {"uv": [8, 3, 8.375, 3.25], "texture": "#1"},
				"up": {"uv": [6.375, 6.375, 6, 6], "texture": "#1"},
				"down": {"uv": [0.375, 7, 0, 7.375], "texture": "#1"}
			}
		},
		{
			"from": [7.825, 4.375, 8.11],
			"to": [8.025, 4.725, 8.385],
			"rotation": {"angle": -45, "axis": "z", "origin": [7.925, 4.55, 8.2475]},
			"faces": {
				"north": {"uv": [7, 5, 7.25, 5.375], "texture": "#1"},
				"east": {"uv": [6, 7, 6.25, 7.375], "texture": "#1"},
				"south": {"uv": [7, 6, 7.25, 6.375], "texture": "#1"},
				"west": {"uv": [7, 7, 7.25, 7.375], "texture": "#1"},
				"up": {"uv": [9.25, 0.25, 9, 0], "texture": "#1"},
				"down": {"uv": [1.25, 9, 1, 9.25], "texture": "#1"}
			}
		},
		{
			"from": [7.825, 4.375, 8.11],
			"to": [8.025, 4.725, 8.385],
			"rotation": {"angle": 45, "axis": "z", "origin": [7.925, 4.55, 8.2475]},
			"faces": {
				"north": {"uv": [0, 8, 0.25, 8.375], "texture": "#1"},
				"east": {"uv": [8, 0, 8.25, 0.375], "texture": "#1"},
				"south": {"uv": [1, 8, 1.25, 8.375], "texture": "#1"},
				"west": {"uv": [8, 1, 8.25, 1.375], "texture": "#1"},
				"up": {"uv": [9.25, 1.25, 9, 1], "texture": "#1"},
				"down": {"uv": [2.25, 9, 2, 9.25], "texture": "#1"}
			}
		},
		{
			"from": [9.15, 4.35, 8.16],
			"to": [9.575, 4.5, 8.335],
			"rotation": {"angle": -22.5, "axis": "z", "origin": [9.3375, 4.35, 8.2475]},
			"faces": {
				"north": {"uv": [9, 2, 9.375, 2.125], "texture": "#1"},
				"east": {"uv": [9, 5, 9.125, 5.125], "texture": "#1"},
				"south": {"uv": [3, 9, 3.375, 9.125], "texture": "#1"},
				"west": {"uv": [6, 9, 6.125, 9.125], "texture": "#1"},
				"up": {"uv": [9.375, 3.125, 9, 3], "texture": "#1"},
				"down": {"uv": [4.375, 9, 4, 9.125], "texture": "#1"}
			}
		},
		{
			"from": [9.425, 4.25, 7.935],
			"to": [10.425, 6, 8.56],
			"rotation": {"angle": 0, "axis": "z", "origin": [6.8, 4.75, 8.2475]},
			"faces": {
				"north": {"uv": [2, 0, 3, 1.75], "texture": "#1"},
				"east": {"uv": [4, 1, 4.625, 2.75], "texture": "#1"},
				"south": {"uv": [3, 1.75, 2, 0], "texture": "#1"},
				"west": {"uv": [2, 4, 2.625, 5.75], "texture": "#1"},
				"up": {"uv": [6, 2.625, 5, 2], "texture": "#1"},
				"down": {"uv": [6, 3, 5, 3.625], "texture": "#1"}
			}
		},
		{
			"from": [10.425, 4.325, 7.935],
			"to": [10.5, 5.925, 8.56],
			"rotation": {"angle": 0, "axis": "z", "origin": [6.8, 4.75, 8.2475]},
			"faces": {
				"north": {"uv": [2, 6, 2.125, 7.625], "texture": "#1"},
				"east": {"uv": [3, 4, 3.625, 5.625], "texture": "#1"},
				"south": {"uv": [6, 2, 6.125, 3.625], "texture": "#1"},
				"west": {"uv": [4, 3, 4.625, 4.625], "texture": "#1"},
				"up": {"uv": [6.125, 8.625, 6, 8], "texture": "#1"},
				"down": {"uv": [8.125, 6, 8, 6.625], "texture": "#1"}
			}
		},
		{
			"from": [9.375, 4.2, 7.96],
			"to": [9.475, 4.3, 8.535],
			"rotation": {"angle": 0, "axis": "z", "origin": [6.8, 4.75, 8.2475]},
			"faces": {
				"north": {"uv": [9, 4, 9.125, 4.125], "texture": "#1"},
				"east": {"uv": [4, 8, 4.625, 8.125], "texture": "#1"},
				"south": {"uv": [5, 9, 5.125, 9.125], "texture": "#1"},
				"west": {"uv": [8, 4, 8.625, 4.125], "texture": "#1"},
				"up": {"uv": [5.125, 8.625, 5, 8], "texture": "#1"},
				"down": {"uv": [8.125, 5, 8, 5.625], "texture": "#1"}
			}
		}
	],
	"display": {
		"thirdperson_righthand": {
			"rotation": [0, 90, 0],
			"translation": [-0.5, 7, 0.75],
			"scale": [1.5, 1.5, 1.5]
		},
		"thirdperson_lefthand": {
			"rotation": [0, -90, 0],
			"translation": [0.5, 7, 0.75],
			"scale": [1.5, 1.5, 1.5]
		},
		"firstperson_righthand": {
			"rotation": [-5, -21, 0],
			"translation": [-5.5, 8, 7.25],
			"scale": [0.5, 0.5, 0.5]
		},
		"firstperson_lefthand": {
			"rotation": [-5, 159, 0],
			"translation": [-5.5, 8, 7.5],
			"scale": [0.5, 0.5, 0.5]
		},
		"ground": {
			"translation": [0, 8.25, 0],
			"scale": [2, 2, 2]
		},
		"gui": {
			"rotation": [0, 180, 0],
			"translation": [3.75, 15.5, 0],
			"scale": [4, 4, 4]
		},
		"head": {
			"translation": [0, 17.75, 0],
			"scale": [1.5, 1.5, 1.5]
		},
		"fixed": {
			"translation": [-4, 15.5, -2.25],
			"scale": [4, 4, 4]
		}
	}
}